identificatie,postcode,huisnummer,oppervlakte,gebruiksdoel,status,pand_identificatie
0361010000000253,1829EG,26,16,overige gebruiksfunctie,Verblijfsobject in gebruik,0361100000101067
0361010000000254,1829EG,27,145,woonfunctie,Verblijfsobject in gebruik,0361100000021320
0361010000000256,1829EG,28,16,overige gebruiksfunctie,Verblijfsobject in gebruik,0361100000101068
0361010000000259,1829EG,30,16,overige gebruiksfunctie,Verblijfsobject in gebruik,0361100000101069
0361010000000262,1829EG,32,16,overige gebruiksfunctie,Verblijfsobject in gebruik,0361100000101070
0361010000000265,1829EG,34,16,overige gebruiksfunctie,Verblijfsobject in gebruik,0361100000101071
0361010000000266,1829EG,35,145,woonfunctie,Verblijfsobject in gebruik,0361100000021314
0361010000000267,1829EG,36,16,overige gebruiksfunctie,Verblijfsobject in gebruik,0361100000101072
0361010000000268,1829EG,37,145,woonfunctie,Verblijfsobject in gebruik,0361100000021313
0361010000000269,1829EG,38,16,overige gebruiksfunctie,Verblijfsobject in gebruik,0361100000101073
0361010000000270,1829EG,39,145,woonfunctie,Verblijfsobject in gebruik,0361100000021312
0361010000000271,1829EG,41,145,woonfunctie,Verblijfsobject in gebruik,0361100000100986
0361010000000272,1829EG,42,16,overige gebruiksfunctie,Verblijfsobject in gebruik,0361100000101074
0361010000000273,1829EG,44,16,overige gebruiksfunctie,Verblijfsobject in gebruik,0361100000101075
0361010000000274,1829EG,46,16,overige gebruiksfunctie,Verblijfsobject in gebruik,0361100000101076
0361010000000275,1829EG,48,16,overige gebruiksfunctie,Verblijfsobject in gebruik,0361100000101077
0361010000000276,1829EG,50,16,overige gebruiksfunctie,Verblijfsobject in gebruik,0361100000101078
0361010000000277,1829EG,52,16,overige gebruiksfunctie,Verblijfsobject in gebruik,0361100000101079
0361010000000278,1829EG,54,16,overige gebruiksfunctie,Verblijfsobject in gebruik,0361100000101080
0361010000000279,1829EG,56,16,overige gebruiksfunctie,Verblijfsobject in gebruik,0361100000101081
0361010000000280,1829EG,58,16,overige gebruiksfunctie,Verblijfsobject in gebruik,0361100000101082
0361010000000281,1829EG,60,16,overige gebruiksfunctie,Verblijfsobject in gebruik,0361100000101083
0361010000000282,1829EG,62,16,overige gebruiksfunctie,Verblijfsobject in gebruik,0361100000101084
0361010000000283,1829EG,64,16,overige gebruiksfunctie,Verblijfsobject in gebruik,0361100000101085
0361010000000284,1829EG,66,16,overige gebruiksfunctie,Verblijfsobject in gebruik,0361100000101086
0361010000000285,1829EG,68,16,overige gebruiksfunctie,Verblijfsobject in gebruik,0361100000101087
0361010000000286,1829EG,70,16,overige gebruiksfunctie,Verblijfsobject in gebruik,0361100000101088
0361010000000287,1829EG,72,16,overige gebruiksfunctie,Verblijfsobject in gebruik,0361100000101089
0361010000000288,1829EG,74,16,overige gebruiksfunctie,Verblijfsobject in gebruik,0361100000101090
0361010000000289,1829EG,76,16,overige gebruiksfunctie,Verblijfsobject in gebruik,0361100000101091
0361010000000290,1823HB,1,139,gezondheidszorgfunctie,Verblijfsobject in gebruik,0361100000018917
0361010000000291,1811JZ,1,1725,kantoorfunctie,Verblijfsobject in gebruik,0361100000105554
0361010000000292,1811MD,1,138,"overige gebruiksfunctie,woonfunctie",Verblijfsobject in gebruik,0361100000106852
0361010000000293,1811MD,2,107,overige gebruiksfunctie,Verblijfsobject in gebruik,0361100000105052
0361010000000294,1811MD,2,30,kantoorfunctie,Verblijfsobject in gebruik,0361100000105054
0361010000000295,1811MD,3,115,overige gebruiksfunctie,Verblijfsobject in gebruik,0361100000106852
0361010000000296,1811MD,4,96,overige gebruiksfunctie,Verblijfsobject in gebruik,0361100000105051
0361010000000297,1811MD,6,87,overige gebruiksfunctie,Verblijfsobject in gebruik,0361100000105050
0361010000000299,1811MD,8,116,"industriefunctie,winkelfunctie",Verblijfsobject in gebruik,0361100000105049
0361010000000300,1811MD,9,64,woonfunctie,Verblijfsobject in gebruik,0361100000106854
0361010000000301,1811MD,10,160,overige gebruiksfunctie,Verblijfsobject in gebruik,0361100000105048
0361010000000302,1811MD,11,60,overige gebruiksfunctie,Verblijfsobject in gebruik,0361100000106855
0361010000000303,1811MD,12,159,overige gebruiksfunctie,Verblijfsobject in gebruik,0361100000105047
0361010000000304,1811MD,13,80,woonfunctie,Verblijfsobject in gebruik,0361100000106856
0361010000000305,1811MD,14,79,overige gebruiksfunctie,Verblijfsobject in gebruik,0361100000105045
0361010000000306,1811MD,15,56,overige gebruiksfunctie,Verblijfsobject in gebruik,0361100000106856
0361010000000307,1811MD,16,77,woonfunctie,Verblijfsobject in gebruik,0361100000105045
0361010000000308,1811MD,17,60,overige gebruiksfunctie,Verblijfsobject in gebruik,0361100000106857
0361010000000309,1811MD,18,111,overige gebruiksfunctie,Verblijfsobject in gebruik,0361100000105043
0361010000000310,1811MD,18,111,woonfunctie,Verblijfsobject in gebruik,0361100000105043
0361010000000311,1811MD,19,51,overige gebruiksfunctie,Verblijfsobject in gebruik,0361100000106858
0361010000000314,1811MD,23,54,overige gebruiksfunctie,Verblijfsobject in gebruik,0361100000106859
0361010000000316,1811MD,27,21,overige gebruiksfunctie,Verblijfsobject in gebruik,0361100000106860
0361010000000317,1811MD,28,50,overige gebruiksfunctie,Verblijfsobject in gebruik,0361100000105038
0361010000000318,1811MD,29,78,winkelfunctie,Verblijfsobject in gebruik,0361100000106861
0361010000000320,1811MD,31,28,overige gebruiksfunctie,Verblijfsobject in gebruik,0361100000106862
0361010000000321,1811MD,33,39,"overige gebruiksfunctie,woonfunctie",Verblijfsobject in gebruik,0361100000106863
0361010000000322,1811MD,35,51,overige gebruiksfunctie,Verblijfsobject in gebruik,0361100000106864
0361010000000323,1811MD,37,29,overige gebruiksfunctie,Verblijfsobject in gebruik,0361100000106865
0361010000000324,1811MD,39,28,overige gebruiksfunctie,Verblijfsobject in gebruik,0361100000106866
0361010000000325,1811MD,41,132,woonfunctie,Verblijfsobject in gebruik,0361100000106867
0361010000000326,1822DC,2,167,woonfunctie,Verblijfsobject in gebruik,0361100000035190
0361010000000327,1822DC,3,165,woonfunctie,Verblijfsobject in gebruik,0361100000035410
0361010000000328,1822DC,3,163,overige gebruiksfunctie,Verblijfsobject in gebruik,0361100000035410
0361010000000331,1811LH,1,49,woonfunctie,Verblijfsobject in gebruik,0361100000105684
0361010000000332,1811LJ,2,44,winkelfunctie,Verblijfsobject in gebruik,0361100000105676
0361010000000333,1811LH,3,50,woonfunctie,Verblijfsobject in gebruik,0361100000105685
0361010000000794,1825NW,72,63,woonfunctie,Verblijfsobject in gebruik,0361100000107050
0361010000000334,1811LH,3,58,"winkelfunctie,woonfunctie",Verblijfsobject in gebruik,0361100000105687
0361010000000795,1825NR,73,76,woonfunctie,Verblijfsobject in gebruik,0361100000121385
0361010000000335,1811LH,3,41,woonfunctie,Verblijfsobject in gebruik,0361100000105688
0361010000000796,1825NW,74,63,woonfunctie,Verblijfsobject in gebruik,0361100000107050
0361010000000337,1811LJ,4,57,woonfunctie,Verblijfsobject in gebruik,0361100000105675
0361010000000797,1825NR,75,68,woonfunctie,Verblijfsobject in gebruik,0361100000121385
0361010000000798,1825NW,76,63,woonfunctie,Verblijfsobject in gebruik,0361100000107050
0361010000000338,1811LJ,6,78,woonfunctie,Verblijfsobject in gebruik,0361100000105674
0361010000000339,1811LJ,8,55,"industriefunctie,winkelfunctie",Verblijfsobject in gebruik,0361100000105673
0361010000000799,1825NR,77,44,woonfunctie,Verblijfsobject in gebruik,0361100000121385
0361010000000340,1811LJ,10,54,woonfunctie,Verblijfsobject in gebruik,0361100000105673
0361010000000800,1825NW,78,63,woonfunctie,Verblijfsobject in gebruik,0361100000107050
0361010000000341,1811LJ,12,66,woonfunctie,Verblijfsobject in gebruik,0361100000105672
0361010000000801,1825NR,79,90,woonfunctie,Verblijfsobject in gebruik,0361100000121385
0361010000000342,1811LH,13,65,woonfunctie,Verblijfsobject in gebruik,0361100000105694
0361010000000343,1811LJ,14,72,woonfunctie,Verblijfsobject in gebruik,0361100000105671
0361010000000802,1825NW,80,63,woonfunctie,Verblijfsobject in gebruik,0361100000107050
0361010000000344,1811LH,15,60,winkelfunctie,Verblijfsobject in gebruik,0361100000105695
0361010000000803,1825NR,81,76,woonfunctie,Verblijfsobject in gebruik,0361100000121385
0361010000000345,1811LH,17,30,winkelfunctie,Verblijfsobject in gebruik,0361100000105697
0361010000000804,1825NW,82,63,woonfunctie,Verblijfsobject in gebruik,0361100000107050
0361010000000348,1811LJ,18,89,woonfunctie,Verblijfsobject in gebruik,0361100000105726
0361010000000805,1825NR,83,68,woonfunctie,Verblijfsobject in gebruik,0361100000121385
0361010000000349,1811LJ,18,99,woonfunctie,Verblijfsobject in gebruik,0361100000105726
0361010000000806,1825NW,84,63,woonfunctie,Verblijfsobject in gebruik,0361100000107050
0361010000000350,1811LH,19,132,winkelfunctie,Verblijfsobject in gebruik,0361100000105698
0361010000000807,1825NR,85,44,woonfunctie,Verblijfsobject in gebruik,0361100000121385
0361010000000351,1811LH,19,88,woonfunctie,Verblijfsobject in gebruik,0361100000105427
0361010000000808,1825NW,86,63,woonfunctie,Verblijfsobject in gebruik,0361100000107050
0361010000000352,1811LJ,20,97,"industriefunctie,winkelfunctie",Verblijfsobject in gebruik,0361100000105726
0361010000000809,1825NR,87,147,woonfunctie,Verblijfsobject in gebruik,0361100000121384
0361010000000810,1825NW,88,63,woonfunctie,Verblijfsobject in gebruik,0361100000107050
0361010000000811,1825NR,89,118,woonfunctie,Verblijfsobject in gebruik,0361100000121383
0361010000000812,1825NX,90,63,woonfunctie,Verblijfsobject in gebruik,0361100000107050
0361010000000813,1825NR,91,90,woonfunctie,Verblijfsobject in gebruik,0361100000107124
0361010000000814,1825NX,92,63,woonfunctie,Verblijfsobject in gebruik,0361100000107050
0361010000000815,1825NR,93,90,woonfunctie,Verblijfsobject in gebruik,0361100000107123
0361010000000816,1825NX,94,63,woonfunctie,Verblijfsobject in gebruik,0361100000107050
0361010000000817,1825NR,95,90,woonfunctie,Verblijfsobject in gebruik,0361100000107121
0361010000000357,1811LH,25,60,woonfunctie,Verblijfsobject in gebruik,0361100000105429
0361010000000818,1825NX,96,63,woonfunctie,Verblijfsobject in gebruik,0361100000107050
0361010000000819,1825NR,97,90,woonfunctie,Verblijfsobject in gebruik,0361100000107120
0361010000000820,1825NX,98,63,woonfunctie,Verblijfsobject in gebruik,0361100000107050
0361010000000358,1811LH,27,89,woonfunctie,Verblijfsobject in gebruik,0361100000105429
0361010000000821,1825NR,99,67,woonfunctie,Verblijfsobject in gebruik,0361100000107119
0361010000000359,1811LH,29,80,woonfunctie,Verblijfsobject in gebruik,0361100000105429
0361010000000360,1811LJ,30,183,winkelfunctie,Verblijfsobject in gebruik,0361100000105728
0361010000000822,1825NX,100,63,woonfunctie,Verblijfsobject in gebruik,0361100000107050
0361010000000823,1825NR,101,67,woonfunctie,Verblijfsobject in gebruik,0361100000107118
0361010000000361,1811LH,31,58,woonfunctie,Verblijfsobject in gebruik,0361100000105429
0361010000000824,1825NX,102,63,woonfunctie,Verblijfsobject in gebruik,0361100000107050
0361010000000825,1825NR,103,67,woonfunctie,Verblijfsobject in gebruik,0361100000107116
0361010000000826,1825NX,104,63,woonfunctie,Verblijfsobject in gebruik,0361100000107050
0361010000000363,1811LH,33,78,woonfunctie,Verblijfsobject in gebruik,0361100000105429
0361010000000827,1825NR,105,67,woonfunctie,Verblijfsobject in gebruik,0361100000107115
0361010000000828,1825NX,106,63,woonfunctie,Verblijfsobject in gebruik,0361100000107050
0361010000000364,1811LJ,34,65,woonfunctie,Verblijfsobject in gebruik,0361100000105729
0361010000000829,1825NR,107,90,woonfunctie,Verblijfsobject in gebruik,0361100000107114
0361010000000830,1825NX,108,63,woonfunctie,Verblijfsobject in gebruik,0361100000107050
0361010000000365,1811LJ,34,60,woonfunctie,Verblijfsobject in gebruik,0361100000105729
0361010000000831,1825NR,109,90,woonfunctie,Verblijfsobject in gebruik,0361100000107113
0361010000000366,1811LJ,34,60,woonfunctie,Verblijfsobject in gebruik,0361100000105729
0361010000000832,1825NX,110,63,woonfunctie,Verblijfsobject in gebruik,0361100000107050
0361010000000833,1825NR,111,90,woonfunctie,Verblijfsobject in gebruik,0361100000107112
0361010000000834,1825NX,112,63,woonfunctie,Verblijfsobject in gebruik,0361100000107050
0361010000000367,1811LH,35,70,woonfunctie,Verblijfsobject in gebruik,0361100000105429
0361010000000835,1825NR,113,90,woonfunctie,Verblijfsobject in gebruik,0361100000107111
0361010000000368,1811LJ,36,240,winkelfunctie,Verblijfsobject in gebruik,0361100000105729
0361010000000836,1825NX,114,63,woonfunctie,Verblijfsobject in gebruik,0361100000107050
0361010000000837,1825NR,115,68,woonfunctie,Verblijfsobject in gebruik,0361100000107117
0361010000000838,1825NX,116,63,woonfunctie,Verblijfsobject in gebruik,0361100000107050
0361010000000370,1811LJ,38,65,woonfunctie,Verblijfsobject in gebruik,0361100000105729
0361010000000839,1825NR,117,68,woonfunctie,Verblijfsobject in gebruik,0361100000107117
0361010000000840,1825NR,119,68,woonfunctie,Verblijfsobject in gebruik,0361100000107117
0361010000000371,1811LJ,38,60,woonfunctie,Verblijfsobject in gebruik,0361100000105729
0361010000000841,1825NS,121,74,woonfunctie,Verblijfsobject in gebruik,0361100000107117
0361010000000372,1811LJ,38,60,woonfunctie,Verblijfsobject in gebruik,0361100000105729
0361010000000842,1825NS,123,76,woonfunctie,Verblijfsobject in gebruik,0361100000107117
0361010000000843,1825NS,125,68,woonfunctie,Verblijfsobject in gebruik,0361100000107117
0361010000000844,1825NS,127,40,woonfunctie,Verblijfsobject in gebruik,0361100000107117
0361010000000845,1825NS,129,74,woonfunctie,Verblijfsobject in gebruik,0361100000107117
0361010000000374,1811LJ,40,87,winkelfunctie,Verblijfsobject in gebruik,0361100000105730
0361010000000846,1825NS,131,76,woonfunctie,Verblijfsobject in gebruik,0361100000107117
0361010000000847,1825NS,133,68,woonfunctie,Verblijfsobject in gebruik,0361100000107117
0361010000000375,1811LH,41,165,winkelfunctie,Verblijfsobject in gebruik,0361100000105429
0361010000000376,1811LJ,44,75,winkelfunctie,Verblijfsobject in gebruik,0361100000105708
0361010000000848,1825NS,135,40,woonfunctie,Verblijfsobject in gebruik,0361100000107117
0361010000000377,1811LH,43,105,winkelfunctie,Verblijfsobject in gebruik,0361100000105430
0361010000000849,1825NS,137,74,woonfunctie,Verblijfsobject in gebruik,0361100000107117
0361010000000379,1811LJ,48,36,winkelfunctie,Verblijfsobject in gebruik,0361100000105708
0361010000000381,1811LJ,50,110,winkelfunctie,Verblijfsobject in gebruik,0361100000105707
0361010000000850,1825NS,139,74,woonfunctie,Verblijfsobject in gebruik,0361100000107117
0361010000000382,1811LJ,52,45,winkelfunctie,Verblijfsobject in gebruik,0361100000105445
0361010000000851,1825NS,141,68,woonfunctie,Verblijfsobject in gebruik,0361100000107117
0361010000000384,1811LJ,54,57,winkelfunctie,Verblijfsobject in gebruik,0361100000105445
0361010000000385,1811LJ,54,62,woonfunctie,Verblijfsobject in gebruik,0361100000105445
0361010000000386,1811LJ,54,62,woonfunctie,Verblijfsobject in gebruik,0361100000105445
0361010000000387,1811LJ,56,137,winkelfunctie,Verblijfsobject in gebruik,0361100000105445
0361010000000855,1823EV,1,1840,bijeenkomstfunctie,Verblijfsobject in gebruik,0361100000015372
0361010000000388,1811LJ,58,73,bijeenkomstfunctie,Verblijfsobject in gebruik,0361100000105477
0361010000000856,1823EV,2,126,woonfunctie,Verblijfsobject in gebruik,0361100000101340
0361010000000389,1811LJ,58,99,logiesfunctie,Verblijfsobject in gebruik,0361100000105476
0361010000000390,1811LJ,58,57,woonfunctie,Verblijfsobject in gebruik,0361100000105476
0361010000000858,1823EV,4,119,woonfunctie,Verblijfsobject in gebruik,0361100000016685
0361010000000392,1811LJ,62,62,woonfunctie,Verblijfsobject in gebruik,0361100000014437
0361010000000393,1811LJ,62,66,winkelfunctie,Verblijfsobject in gebruik,0361100000014437
0361010000000860,1823EV,6,140,woonfunctie,Verblijfsobject in gebruik,0361100000016684
0361010000000394,1811LJ,62,11,overige gebruiksfunctie,Verblijfsobject in gebruik,0361100000014437
0361010000000395,1822AM,13,66,woonfunctie,Verblijfsobject in gebruik,0361100000200380
0361010000000396,1822AM,1,462,woonfunctie,Verblijfsobject in gebruik,0361100000029822
0361010000000862,1823EV,8,116,woonfunctie,Verblijfsobject in gebruik,0361100000016422
0361010000000864,1823EV,10,116,woonfunctie,Verblijfsobject in gebruik,0361100000016419
0361010000000865,1823EV,12,116,woonfunctie,Verblijfsobject in gebruik,0361100000016417
0361010000000401,1822AM,17,205,woonfunctie,Verbouwing verblijfsobject,0361100000031775
0361010000000411,1822AM,19,145,woonfunctie,Verblijfsobject in gebruik,0361100000031850
0361010000000866,1823EV,14,120,woonfunctie,Verblijfsobject in gebruik,0361100000015547
0361010000000429,1811DS,3,22,overige gebruiksfunctie,Verblijfsobject in gebruik,0361100000104244
0361010000000867,1823EV,16,124,woonfunctie,Verblijfsobject in gebruik,0361100000015546
0361010000000431,1827RA,1,84,woonfunctie,Verblijfsobject in gebruik,0361100000045706
0361010000000868,1823EV,18,145,woonfunctie,Verblijfsobject in gebruik,0361100000015543
0361010000000432,1827RB,2,84,woonfunctie,Verblijfsobject in gebruik,0361100000045487
0361010000000869,1823EV,20,160,woonfunctie,Verblijfsobject in gebruik,0361100000015542
0361010000000433,1827RA,3,84,woonfunctie,Verblijfsobject in gebruik,0361100000045707
0361010000000870,1823EV,22,121,woonfunctie,Verblijfsobject in gebruik,0361100000015540
0361010000000434,1827RB,4,84,woonfunctie,Verblijfsobject in gebruik,0361100000103680
0361010000000871,1823EV,24,137,woonfunctie,Verblijfsobject in gebruik,0361100000015539
0361010000000435,1827RA,5,84,woonfunctie,Verblijfsobject in gebruik,0361100000045711
0361010000000436,1827RB,6,84,woonfunctie,Verblijfsobject in gebruik,0361100000103681
0361010000000873,1823EV,28,132,woonfunctie,Verblijfsobject in gebruik,0361100000101342
0361010000000437,1827RA,7,84,woonfunctie,Verblijfsobject in gebruik,0361100000045713
0361010000000874,1823EV,30,121,woonfunctie,Verblijfsobject in gebruik,0361100000015158
0361010000000438,1827RB,8,84,woonfunctie,Verblijfsobject in gebruik,0361100000045489
0361010000000439,1827RA,9,84,woonfunctie,Verblijfsobject in gebruik,0361100000045714
0361010000000875,1823EV,32,119,woonfunctie,Verblijfsobject in gebruik,0361100000014901
0361010000000440,1827RB,10,84,woonfunctie,Verblijfsobject in gebruik,0361100000103682
0361010000000441,1827RA,11,84,woonfunctie,Verblijfsobject in gebruik,0361100000045717
0361010000001297,1826JA,37,116,woonfunctie,Verblijfsobject in gebruik,0361100000037426
0361010000000442,1827RB,12,84,woonfunctie,Verblijfsobject in gebruik,0361100000045494
0361010000001298,1826JD,38,119,woonfunctie,Verblijfsobject in gebruik,0361100000038021
0361010000000443,1827RA,13,84,woonfunctie,Verblijfsobject in gebruik,0361100000045720
0361010000001299,1826JA,39,75,woonfunctie,Verblijfsobject in gebruik,0361100000037425
0361010000000878,1827CT,1,94,woonfunctie,Verblijfsobject in gebruik,0361100000040615
0361010000000444,1827RB,14,84,woonfunctie,Verblijfsobject in gebruik,0361100000045496
0361010000001300,1826JD,40,46,woonfunctie,Verblijfsobject in gebruik,0361100000038023
0361010000000879,1827CV,2,114,woonfunctie,Verblijfsobject in gebruik,0361100000040862
0361010000000880,1827CT,3,94,woonfunctie,Verblijfsobject in gebruik,0361100000040613
0361010000000445,1827RA,15,84,woonfunctie,Verblijfsobject in gebruik,0361100000045722
0361010000001301,1826JD,40,39,woonfunctie,Verblijfsobject in gebruik,0361100000038023
0361010000000446,1827RB,16,84,woonfunctie,Verblijfsobject in gebruik,0361100000045498
0361010000000881,1827CV,4,114,woonfunctie,Verblijfsobject in gebruik,0361100000040859
0361010000001302,1826JD,40,37,woonfunctie,Verblijfsobject in gebruik,0361100000038023
0361010000000882,1827CT,5,94,woonfunctie,Verblijfsobject in gebruik,0361100000040612
0361010000000447,1827RA,17,84,woonfunctie,Verblijfsobject in gebruik,0361100000045725
0361010000001303,1826JA,41,75,woonfunctie,Verblijfsobject in gebruik,0361100000037425
0361010000000883,1827CV,6,114,woonfunctie,Verblijfsobject in gebruik,0361100000040855
0361010000000448,1827RB,18,84,woonfunctie,Verblijfsobject in gebruik,0361100000103683
0361010000000884,1827CT,7,94,woonfunctie,Verblijfsobject in gebruik,0361100000103411
0361010000000449,1827RA,19,96,woonfunctie,Verblijfsobject in gebruik,0361100000103679
0361010000000885,1827CV,8,114,woonfunctie,Verblijfsobject in gebruik,0361100000040853
0361010000000450,1827RB,20,96,woonfunctie,Verblijfsobject in gebruik,0361100000045672
0361010000000886,1827CT,9,94,woonfunctie,Verblijfsobject in gebruik,0361100000040609
0361010000000451,1827RA,21,96,woonfunctie,Verblijfsobject in gebruik,0361100000045943
0361010000001307,1826JA,43,75,woonfunctie,Verblijfsobject in gebruik,0361100000037425
0361010000000887,1827CV,10,114,woonfunctie,Verblijfsobject in gebruik,0361100000040850
0361010000000452,1827RB,22,96,woonfunctie,Verblijfsobject in gebruik,0361100000045674
0361010000001921,1811KA,30,45,woonfunctie,Verblijfsobject in gebruik,0361100000015582
0361010000001308,1826JD,44,110,woonfunctie,Verblijfsobject in gebruik,0361100000038131
0361010000000888,1827CT,11,94,woonfunctie,Verblijfsobject in gebruik,0361100000040606
0361010000000453,1827RA,23,96,woonfunctie,Verblijfsobject in gebruik,0361100000045944
0361010000001309,1826JA,45,73,woonfunctie,Verblijfsobject in gebruik,0361100000037425
0361010000000889,1827CV,12,114,woonfunctie,Verblijfsobject in gebruik,0361100000103413
0361010000001922,1811KA,32,48,woonfunctie,Verblijfsobject in gebruik,0361100000015582
0361010000000454,1827RB,24,96,woonfunctie,Verblijfsobject in gebruik,0361100000045676
0361010000000890,1827CT,13,94,woonfunctie,Verblijfsobject in gebruik,0361100000040602
0361010000001923,1811KA,34,45,woonfunctie,Verblijfsobject in gebruik,0361100000015582
0361010000000891,1827CV,14,114,woonfunctie,Verblijfsobject in gebruik,0361100000040844
0361010000000892,1827CT,15,97,woonfunctie,Verblijfsobject in gebruik,0361100000040600
0361010000001924,1811KA,36,45,woonfunctie,Verblijfsobject in gebruik,0361100000015582
0361010000000893,1827CV,16,114,woonfunctie,Verblijfsobject in gebruik,0361100000040843
0361010000000455,1827RA,25,96,woonfunctie,Verblijfsobject in gebruik,0361100000045946
0361010000001925,1811KA,38,62,woonfunctie,Verblijfsobject in gebruik,0361100000015582
0361010000000894,1827CT,17,94,woonfunctie,Verblijfsobject in gebruik,0361100000040596
0361010000001926,1811KA,40,62,woonfunctie,Verblijfsobject in gebruik,0361100000015582
0361010000000456,1827RB,26,96,woonfunctie,Verblijfsobject in gebruik,0361100000045678
0361010000000895,1827CV,18,151,woonfunctie,Verblijfsobject in gebruik,0361100000040458
0361010000001927,1811KA,42,62,woonfunctie,Verblijfsobject in gebruik,0361100000015582
0361010000000457,1827RA,27,96,woonfunctie,Verblijfsobject in gebruik,0361100000045951
0361010000000896,1827CT,19,94,woonfunctie,Verblijfsobject in gebruik,0361100000040595
0361010000001928,1811KA,44,62,woonfunctie,Verblijfsobject in gebruik,0361100000015582
0361010000000458,1827RB,28,96,woonfunctie,Verblijfsobject in gebruik,0361100000045681
0361010000000897,1827CV,20,143,woonfunctie,Verblijfsobject in gebruik,0361100000040457
0361010000001312,1826JD,50,110,woonfunctie,Verblijfsobject in gebruik,0361100000038136
0361010000001929,1811KA,46,62,woonfunctie,Verblijfsobject in gebruik,0361100000015582
0361010000000459,1827RA,29,96,woonfunctie,Verblijfsobject in gebruik,0361100000045954
0361010000000898,1827CT,21,94,woonfunctie,Verblijfsobject in gebruik,0361100000040592
0361010000001313,1826JD,52,110,woonfunctie,Verblijfsobject in gebruik,0361100000038137
0361010000001930,1811KA,48,62,woonfunctie,Verblijfsobject in gebruik,0361100000015582
0361010000000460,1827RB,30,96,woonfunctie,Verblijfsobject in gebruik,0361100000045686
0361010000000899,1827CV,22,148,woonfunctie,Verblijfsobject in gebruik,0361100000040354
0361010000001931,1811KA,50,62,woonfunctie,Verblijfsobject in gebruik,0361100000015582
0361010000001314,1826JD,54,110,woonfunctie,Verblijfsobject in gebruik,0361100000038138
0361010000000461,1827RA,31,96,woonfunctie,Verblijfsobject in gebruik,0361100000045957
0361010000000900,1827CT,23,94,woonfunctie,Verblijfsobject in gebruik,0361100000040589
0361010000001932,1811KA,52,62,woonfunctie,Verblijfsobject in gebruik,0361100000015582
0361010000001315,1826JD,56,128,woonfunctie,Verblijfsobject in gebruik,0361100000038139
0361010000000462,1827RB,32,96,woonfunctie,Verblijfsobject in gebruik,0361100000045690
0361010000000901,1827CV,24,143,woonfunctie,Verblijfsobject in gebruik,0361100000040353
0361010000001933,1811KA,54,100,woonfunctie,Verblijfsobject in gebruik,0361100000015582
0361010000000463,1827RA,33,96,woonfunctie,Verblijfsobject in gebruik,0361100000045959
0361010000000902,1827CT,25,94,woonfunctie,Verblijfsobject in gebruik,0361100000040584
0361010000001934,1811KA,56,62,woonfunctie,Verblijfsobject in gebruik,0361100000015582
0361010000001316,1826JD,58,127,woonfunctie,Verblijfsobject in gebruik,0361100000038140
0361010000000464,1827RB,34,96,woonfunctie,Verblijfsobject in gebruik,0361100000045695
0361010000001317,1826JD,60,127,woonfunctie,Verblijfsobject in gebruik,0361100000038141
0361010000000465,1827RA,35,96,woonfunctie,Verblijfsobject in gebruik,0361100000045962
0361010000001936,1825CR,2,144,woonfunctie,Verblijfsobject in gebruik,0361100000033901
0361010000000903,1827CV,26,160,woonfunctie,Verblijfsobject in gebruik,0361100000040299
0361010000001318,1826JB,61,99,woonfunctie,Verblijfsobject in gebruik,0361100000038600
0361010000000466,1827RB,36,96,woonfunctie,Verblijfsobject in gebruik,0361100000045696
0361010000000904,1827CT,27,94,woonfunctie,Verblijfsobject in gebruik,0361100000040582
0361010000001319,1826JE,62,138,woonfunctie,Verblijfsobject in gebruik,0361100000038472
0361010000000467,1827RA,37,96,woonfunctie,Verblijfsobject in gebruik,0361100000045964
0361010000001938,1825CR,4,86,woonfunctie,Verblijfsobject in gebruik,0361100000033899
0361010000000905,1827CV,28,152,woonfunctie,Verblijfsobject in gebruik,0361100000040298
0361010000001320,1826JB,63,102,woonfunctie,Verblijfsobject in gebruik,0361100000038599
0361010000000468,1827RB,38,96,woonfunctie,Verblijfsobject in gebruik,0361100000045700
0361010000000906,1827CT,29,94,woonfunctie,Verblijfsobject in gebruik,0361100000040580
0361010000001321,1826JE,64,115,woonfunctie,Verblijfsobject in gebruik,0361100000038473
0361010000000469,1827RA,39,96,woonfunctie,Verblijfsobject in gebruik,0361100000045966
0361010000000907,1827CV,30,150,woonfunctie,Verblijfsobject in gebruik,0361100000040222
0361010000001322,1826JB,65,115,woonfunctie,Verblijfsobject in gebruik,0361100000038598
0361010000001940,1825CR,6,133,woonfunctie,Verblijfsobject in gebruik,0361100000033898
0361010000000470,1827RB,40,96,woonfunctie,Verblijfsobject in gebruik,0361100000045703
0361010000000908,1827CT,31,94,woonfunctie,Verblijfsobject in gebruik,0361100000040576
0361010000001323,1826JE,66,115,woonfunctie,Verblijfsobject in gebruik,0361100000038477
0361010000000471,1827RA,41,136,woonfunctie,Verblijfsobject in gebruik,0361100000046546
0361010000000909,1827CV,32,150,woonfunctie,Verblijfsobject in gebruik,0361100000040221
0361010000000472,1827RC,42,125,woonfunctie,Verblijfsobject in gebruik,0361100000046271
0361010000001325,1826JE,68,115,woonfunctie,Verblijfsobject in gebruik,0361100000038478
0361010000000473,1827RA,43,111,woonfunctie,Verblijfsobject in gebruik,0361100000046552
0361010000000474,1827RC,44,113,woonfunctie,Verblijfsobject in gebruik,0361100000046272
0361010000000910,1827CT,33,94,woonfunctie,Verblijfsobject in gebruik,0361100000040575
0361010000002423,1817EA,13,120,woonfunctie,Verblijfsobject in gebruik,0361100000024663
0361010000001327,1826JE,70,145,woonfunctie,Verblijfsobject in gebruik,0361100000038479
0361010000000911,1827CV,34,151,woonfunctie,Verblijfsobject in gebruik,0361100000040162
0361010000000475,1827RA,45,123,woonfunctie,Verblijfsobject in gebruik,0361100000046555
0361010000002424,1817EA,14,94,woonfunctie,Verblijfsobject in gebruik,0361100000024662
0361010000001943,1825CM,9,91,woonfunctie,Verblijfsobject in gebruik,0361100000034350
0361010000001329,1826JE,72,123,woonfunctie,Verblijfsobject in gebruik,0361100000038480
0361010000000912,1827CT,35,94,woonfunctie,Verblijfsobject in gebruik,0361100000040573
0361010000000476,1827RC,46,111,woonfunctie,Verblijfsobject in gebruik,0361100000046273
0361010000001944,1825CR,10,86,woonfunctie,Verblijfsobject in gebruik,0361100000033895
0361010000001330,1826JB,73,71,woonfunctie,Verblijfsobject in gebruik,0361100000038597
0361010000000477,1827RA,47,111,woonfunctie,Verblijfsobject in gebruik,0361100000046558
0361010000001945,1825CM,11,92,woonfunctie,Verblijfsobject in gebruik,0361100000034349
0361010000001331,1826JE,74,113,woonfunctie,Verblijfsobject in gebruik,0361100000038481
0361010000002426,1817EA,16,96,woonfunctie,Verblijfsobject in gebruik,0361100000024658
0361010000000914,1827CT,37,94,woonfunctie,Verblijfsobject in gebruik,0361100000040314
0361010000000478,1827RC,48,112,woonfunctie,Verblijfsobject in gebruik,0361100000046279
0361010000001946,1825CR,12,83,woonfunctie,Verblijfsobject in gebruik,0361100000033891
0361010000001332,1826JB,75,99,woonfunctie,Verblijfsobject in gebruik,0361100000038875
0361010000002427,1817EA,17,96,woonfunctie,Verblijfsobject in gebruik,0361100000024657
0361010000000915,1827CV,38,151,woonfunctie,Verblijfsobject in gebruik,0361100000040193
0361010000000479,1827RA,49,111,woonfunctie,Verblijfsobject in gebruik,0361100000046563
0361010000001947,1825CM,13,91,woonfunctie,Verblijfsobject in gebruik,0361100000034345
0361010000002428,1817EA,18,97,woonfunctie,Verblijfsobject in gebruik,0361100000024656
0361010000000916,1827CT,39,107,woonfunctie,Verblijfsobject in gebruik,0361100000040311
0361010000000480,1827RC,50,111,woonfunctie,Verblijfsobject in gebruik,0361100000046284
0361010000001948,1825CR,14,86,woonfunctie,Verblijfsobject in gebruik,0361100000033890
0361010000001333,1826JE,76,107,woonfunctie,Verblijfsobject in gebruik,0361100000038482
0361010000002429,1817EA,19,96,woonfunctie,Verblijfsobject in gebruik,0361100000024655
0361010000000481,1827RA,51,137,woonfunctie,Verblijfsobject in gebruik,0361100000046564
0361010000001334,1826JB,77,109,woonfunctie,Verblijfsobject in gebruik,0361100000038876
0361010000002430,1817EB,20,106,woonfunctie,Verblijfsobject in gebruik,0361100000024582
0361010000000918,1827CT,41,110,woonfunctie,Verblijfsobject in gebruik,0361100000040308
0361010000001949,1825CM,15,91,woonfunctie,Verblijfsobject in gebruik,0361100000034344
0361010000000482,1827RC,52,136,woonfunctie,Verblijfsobject in gebruik,0361100000046287
0361010000001335,1826JE,78,113,woonfunctie,Verblijfsobject in gebruik,0361100000038483
0361010000000919,1827CW,42,151,woonfunctie,Verblijfsobject in gebruik,0361100000040316
0361010000002431,1817EB,21,78,woonfunctie,Verblijfsobject in gebruik,0361100000024580
0361010000001950,1825CR,16,83,woonfunctie,Verblijfsobject in gebruik,0361100000033887
0361010000000483,1827RA,53,136,woonfunctie,Verblijfsobject in gebruik,0361100000103693
0361010000000920,1827CT,43,94,woonfunctie,Verblijfsobject in gebruik,0361100000040304
0361010000001336,1826JB,79,109,woonfunctie,Verblijfsobject in gebruik,0361100000038877
0361010000002432,1817EB,22,78,woonfunctie,Verblijfsobject in gebruik,0361100000024578
0361010000001951,1825CM,17,91,woonfunctie,Verblijfsobject in gebruik,0361100000034343
0361010000000484,1827RC,54,136,woonfunctie,Verblijfsobject in gebruik,0361100000046288
0361010000001337,1826JE,80,95,woonfunctie,Verblijfsobject in gebruik,0361100000038485
0361010000002433,1817EB,23,78,woonfunctie,Verblijfsobject in gebruik,0361100000024577
0361010000001952,1825CR,18,83,woonfunctie,Verblijfsobject in gebruik,0361100000033885
0361010000000485,1827RA,55,107,woonfunctie,Verblijfsobject in gebruik,0361100000046571
0361010000001338,1826JB,81,109,woonfunctie,Verblijfsobject in gebruik,0361100000038878
0361010000002434,1817EB,24,78,woonfunctie,Verblijfsobject in gebruik,0361100000024576
0361010000000486,1827RC,56,113,woonfunctie,Verblijfsobject in gebruik,0361100000046289
0361010000000922,1827CT,45,94,woonfunctie,Verblijfsobject in gebruik,0361100000040303
0361010000001339,1826JE,82,95,woonfunctie,Verblijfsobject in gebruik,0361100000038487
0361010000000487,1827RC,58,121,woonfunctie,Verblijfsobject in gebruik,0361100000046292
0361010000001954,1825CR,20,83,woonfunctie,Verblijfsobject in gebruik,0361100000033884
0361010000002435,1817EB,25,78,woonfunctie,Verblijfsobject in gebruik,0361100000024575
0361010000001340,1826JB,83,109,woonfunctie,Verblijfsobject in gebruik,0361100000038879
0361010000000923,1827CW,46,156,woonfunctie,Verblijfsobject in gebruik,0361100000040246
0361010000000488,1827RC,60,111,woonfunctie,Verblijfsobject in gebruik,0361100000046293
0361010000002436,1817EB,26,101,woonfunctie,Verblijfsobject in gebruik,0361100000024573
0361010000001341,1826JE,84,83,gezondheidszorgfunctie,Verblijfsobject in gebruik,0361100000038488
0361010000001956,1825CR,22,133,woonfunctie,Verblijfsobject in gebruik,0361100000103291
0361010000000924,1827CT,47,94,woonfunctie,Verblijfsobject in gebruik,0361100000040301
0361010000000489,1827RC,62,111,woonfunctie,Verblijfsobject in gebruik,0361100000046295
0361010000002437,1817EB,27,78,woonfunctie,Verblijfsobject in gebruik,0361100000024572
0361010000000490,1827RC,64,136,woonfunctie,Verblijfsobject in gebruik,0361100000046296
0361010000002438,1817EB,28,78,woonfunctie,Verblijfsobject in gebruik,0361100000024570
0361010000001342,1826JB,85,101,woonfunctie,Verblijfsobject in gebruik,0361100000038880
0361010000000926,1827CW,50,150,woonfunctie,Verblijfsobject in gebruik,0361100000040189
0361010000001957,1825CM,23,93,woonfunctie,Verblijfsobject in gebruik,0361100000034306
0361010000000100,1821CC,1,71,woonfunctie,Verblijfsobject in gebruik,0361100000009802
0361010000000491,1827RC,66,136,woonfunctie,Verblijfsobject in gebruik,0361100000046297
0361010000002439,1817EB,29,101,woonfunctie,Verblijfsobject in gebruik,0361100000024569
0361010000000927,1827CW,52,150,woonfunctie,Verblijfsobject in gebruik,0361100000040187
0361010000000101,1821CE,2,107,woonfunctie,Verblijfsobject in gebruik,0361100000010062
0361010000001958,1825CR,24,133,woonfunctie,Verblijfsobject in gebruik,0361100000033883
0361010000002440,1817EB,30,101,woonfunctie,Verblijfsobject in gebruik,0361100000024568
0361010000000102,1821CC,3,71,woonfunctie,Verblijfsobject in gebruik,0361100000009802
0361010000000928,1827CW,54,150,woonfunctie,Verblijfsobject in gebruik,0361100000040176
0361010000000492,1827RC,68,105,woonfunctie,Verblijfsobject in gebruik,0361100000046298
0361010000001959,1825CM,25,91,woonfunctie,Verblijfsobject in gebruik,0361100000034307
0361010000001344,1826JE,88,110,woonfunctie,Verblijfsobject in gebruik,0361100000038489
0361010000002441,1817EB,31,101,woonfunctie,Verblijfsobject in gebruik,0361100000024513
0361010000000103,1821CE,4,107,woonfunctie,Verblijfsobject in gebruik,0361100000010064
0361010000000929,1827CW,56,151,woonfunctie,Verblijfsobject in gebruik,0361100000040174
0361010000001960,1825CR,26,83,woonfunctie,Verblijfsobject in gebruik,0361100000033881
0361010000002442,1817EB,32,78,woonfunctie,Verblijfsobject in gebruik,0361100000024512
0361010000000104,1821CC,5,71,woonfunctie,Verblijfsobject in gebruik,0361100000009802
0361010000001346,1826JE,90,110,woonfunctie,Verblijfsobject in gebruik,0361100000038490
0361010000000930,1827CW,58,152,woonfunctie,Verblijfsobject in gebruik,0361100000040156
0361010000001961,1825CM,27,93,woonfunctie,Verblijfsobject in gebruik,0361100000034308
0361010000000105,1821CE,6,107,woonfunctie,Verblijfsobject in gebruik,0361100000010066
0361010000000931,1827CW,60,151,woonfunctie,Verblijfsobject in gebruik,0361100000040155
0361010000002443,1817EB,33,101,woonfunctie,Verblijfsobject in gebruik,0361100000102474
0361010000001962,1825CR,28,86,woonfunctie,Verblijfsobject in gebruik,0361100000033879
0361010000001348,1826JE,92,113,woonfunctie,Verblijfsobject in gebruik,0361100000038491
0361010000000106,1821CC,7,71,woonfunctie,Verblijfsobject in gebruik,0361100000009802
0361010000002444,1817EB,34,78,woonfunctie,Verblijfsobject in gebruik,0361100000024511
0361010000001963,1825CM,29,91,woonfunctie,Verblijfsobject in gebruik,0361100000034309
0361010000001349,1826JB,93,75,woonfunctie,Verblijfsobject in gebruik,0361100000038881
0361010000000107,1821CE,8,107,woonfunctie,Verblijfsobject in gebruik,0361100000010067
0361010000000494,1817CK,2,103,woonfunctie,Verblijfsobject in gebruik,0361100000024828
0361010000001350,1826DJ,30,10,overige gebruiksfunctie,Verblijfsobject in gebruik,0361100000103329
0361010000002445,1817EB,35,101,woonfunctie,Verblijfsobject in gebruik,0361100000024510
0361010000001964,1825CR,30,86,woonfunctie,Verblijfsobject in gebruik,0361100000103292
0361010000000108,1821CC,9,71,woonfunctie,Verblijfsobject in gebruik,0361100000009802
0361010000001351,1826DJ,31,78,woonfunctie,Verblijfsobject in gebruik,0361100000034511
0361010000002446,1817EB,40,125,woonfunctie,Verblijfsobject in gebruik,0361100000102466
0361010000001965,1825CM,31,91,woonfunctie,Verblijfsobject in gebruik,0361100000034312
0361010000000109,1821CE,10,107,woonfunctie,Verblijfsobject in gebruik,0361100000010327
0361010000001352,1826DJ,32,117,woonfunctie,Verblijfsobject in gebruik,0361100000034511
0361010000002447,1817EB,41,133,woonfunctie,Verblijfsobject in gebruik,0361100000024084
0361010000000110,1821CC,11,71,woonfunctie,Verblijfsobject in gebruik,0361100000009802
0361010000001353,1826DJ,33,78,woonfunctie,Verblijfsobject in gebruik,0361100000034511
0361010000002448,1817EB,42,125,woonfunctie,Verblijfsobject in gebruik,0361100000102465
0361010000000111,1821CE,12,107,woonfunctie,Verblijfsobject in gebruik,0361100000010328
0361010000001354,1826DJ,34,117,woonfunctie,Verblijfsobject in gebruik,0361100000034511
0361010000002449,1817EB,43,125,woonfunctie,Verblijfsobject in gebruik,0361100000102464
0361010000001967,1825CM,33,91,woonfunctie,Verblijfsobject in gebruik,0361100000034315
0361010000001355,1826DJ,35,78,woonfunctie,Verblijfsobject in gebruik,0361100000034508
0361010000002450,1817EB,44,125,woonfunctie,Verblijfsobject in gebruik,0361100000024081
0361010000001968,1825CR,34,144,woonfunctie,Verblijfsobject in gebruik,0361100000034064
0361010000001356,1826DJ,36,117,woonfunctie,Verblijfsobject in gebruik,0361100000034508
0361010000000113,1821CE,14,107,woonfunctie,Verblijfsobject in gebruik,0361100000010333
0361010000002451,1817EB,45,100,woonfunctie,Verblijfsobject in gebruik,0361100000024078
0361010000001969,1825CM,35,83,woonfunctie,Verblijfsobject in gebruik,0361100000034675
0361010000001357,1826DJ,37,78,woonfunctie,Verblijfsobject in gebruik,0361100000034508
0361010000002452,1817EB,46,187,woonfunctie,Verblijfsobject in gebruik,0361100000024072
0361010000001970,1825CR,36,83,woonfunctie,Verblijfsobject in gebruik,0361100000034066
0361010000000114,1821CC,15,71,woonfunctie,Verblijfsobject in gebruik,0361100000009802
0361010000001358,1826DJ,38,117,woonfunctie,Verblijfsobject in gebruik,0361100000034508
0361010000002453,1816BX,47,138,woonfunctie,Verblijfsobject in gebruik,0361100000023847
0361010000001971,1825CM,37,85,woonfunctie,Verblijfsobject in gebruik,0361100000034677
0361010000000115,1821CE,16,107,woonfunctie,Verblijfsobject in gebruik,0361100000010336
0361010000001359,1826DJ,39,119,woonfunctie,Verblijfsobject in gebruik,0361100000034506
0361010000001972,1825CR,38,83,woonfunctie,Verblijfsobject in gebruik,0361100000034067
0361010000002454,1816BX,48,157,woonfunctie,Verblijfsobject in gebruik,0361100000023845
0361010000001360,1826DJ,40,119,woonfunctie,Verblijfsobject in gebruik,0361100000034505
0361010000001973,1825CM,39,83,woonfunctie,Verblijfsobject in gebruik,0361100000103283
0361010000002455,1816BX,49,144,woonfunctie,Verblijfsobject in gebruik,0361100000102433
0361010000000116,1821CC,17,71,woonfunctie,Verblijfsobject in gebruik,0361100000009802
0361010000001361,1826DJ,41,119,woonfunctie,Verblijfsobject in gebruik,0361100000034504
0361010000001974,1825CR,40,83,woonfunctie,Verblijfsobject in gebruik,0361100000034068
0361010000002456,1816BX,50,116,woonfunctie,Verblijfsobject in gebruik,0361100000023655
0361010000000117,1821CE,18,107,woonfunctie,Verblijfsobject in gebruik,0361100000010441
0361010000001362,1826DJ,42,119,woonfunctie,Verblijfsobject in gebruik,0361100000034503
0361010000001975,1825CM,41,83,woonfunctie,Verblijfsobject in gebruik,0361100000034681
0361010000002457,1816BX,51,114,woonfunctie,Verblijfsobject in gebruik,0361100000023654
0361010000000118,1821CC,19,71,woonfunctie,Verblijfsobject in gebruik,0361100000009802
0361010000001363,1826DJ,43,119,woonfunctie,Verblijfsobject in gebruik,0361100000034502
0361010000001976,1825CR,42,83,woonfunctie,Verblijfsobject in gebruik,0361100000034069
0361010000000119,1821CE,20,107,woonfunctie,Verblijfsobject in gebruik,0361100000010442
0361010000001364,1826DJ,44,119,woonfunctie,Verblijfsobject in gebruik,0361100000034501
0361010000001977,1825CM,43,138,woonfunctie,Verblijfsobject in gebruik,0361100000034686
0361010000000120,1821CC,21,71,woonfunctie,Verblijfsobject in gebruik,0361100000009802
0361010000002459,1816BX,53,116,woonfunctie,Verblijfsobject in gebruik,0361100000022808
0361010000001365,1826DJ,45,119,woonfunctie,Verblijfsobject in gebruik,0361100000034500
0361010000001978,1825CR,44,83,woonfunctie,Verblijfsobject in gebruik,0361100000034070
0361010000000121,1821CE,22,107,woonfunctie,Verblijfsobject in gebruik,0361100000010445
0361010000002460,1816BX,54,114,woonfunctie,Verblijfsobject in gebruik,0361100000022807
0361010000000945,1817CA,14,101,woonfunctie,Verblijfsobject in gebruik,0361100000026034
0361010000001979,1825CN,45,83,woonfunctie,Verblijfsobject in gebruik,0361100000034777
0361010000000122,1821CC,23,71,woonfunctie,Verblijfsobject in gebruik,0361100000009802
0361010000002461,1816BX,55,116,woonfunctie,Verblijfsobject in gebruik,0361100000022806
0361010000001980,1825CR,46,83,woonfunctie,Verblijfsobject in gebruik,0361100000034073
0361010000000123,1821CE,24,107,woonfunctie,Verblijfsobject in gebruik,0361100000010446
0361010000002462,1816BX,56,110,woonfunctie,Verblijfsobject in gebruik,0361100000022805
0361010000001367,1826DJ,47,78,woonfunctie,Verblijfsobject in gebruik,0361100000034496
0361010000001981,1825CN,47,83,woonfunctie,Verblijfsobject in gebruik,0361100000034775
0361010000000124,1821CC,25,71,woonfunctie,Verblijfsobject in gebruik,0361100000009802
0361010000001368,1826DJ,48,117,woonfunctie,Verblijfsobject in gebruik,0361100000034496
0361010000000125,1821CE,26,107,woonfunctie,Verblijfsobject in gebruik,0361100000010448
0361010000002463,1816BX,57,126,woonfunctie,Verblijfsobject in gebruik,0361100000022802
0361010000001369,1826DJ,49,78,woonfunctie,Verblijfsobject in gebruik,0361100000034496
0361010000001982,1825CR,48,137,woonfunctie,Verblijfsobject in gebruik,0361100000034075
0361010000000126,1821CC,27,71,woonfunctie,Verblijfsobject in gebruik,0361100000009802
0361010000001370,1826DJ,50,117,woonfunctie,Verblijfsobject in gebruik,0361100000034496
0361010000002464,1816BX,58,127,woonfunctie,Verblijfsobject in gebruik,0361100000022798
0361010000001983,1825CN,49,83,woonfunctie,Verblijfsobject in gebruik,0361100000103282
0361010000000127,1821CE,28,107,woonfunctie,Verblijfsobject in gebruik,0361100000010169
0361010000001371,1826DK,51,63,woonfunctie,Verblijfsobject in gebruik,0361100000034494
0361010000001984,1825CS,50,83,woonfunctie,Verblijfsobject in gebruik,0361100000034642
0361010000002465,1816BX,59,109,woonfunctie,Verblijfsobject in gebruik,0361100000022796
0361010000000128,1821CC,29,71,woonfunctie,Verblijfsobject in gebruik,0361100000009802
0361010000001372,1826DK,52,63,woonfunctie,Verblijfsobject in gebruik,0361100000034494
0361010000001985,1825CN,51,83,woonfunctie,Verblijfsobject in gebruik,0361100000034770
0361010000000129,1821CE,30,107,woonfunctie,Verblijfsobject in gebruik,0361100000010165
0361010000002466,1816BX,60,119,woonfunctie,Verblijfsobject in gebruik,0361100000022795
0361010000001373,1826DK,53,101,woonfunctie,Verblijfsobject in gebruik,0361100000034494
0361010000001986,1825CS,52,83,woonfunctie,Verblijfsobject in gebruik,0361100000034643
0361010000000130,1821CC,31,71,woonfunctie,Verblijfsobject in gebruik,0361100000009802
0361010000001374,1826DK,54,63,woonfunctie,Verblijfsobject in gebruik,0361100000034494
0361010000002467,1816BX,61,112,woonfunctie,Verblijfsobject in gebruik,0361100000102432
0361010000001987,1825CN,53,83,woonfunctie,Verblijfsobject in gebruik,0361100000034768
0361010000001375,1826DK,55,63,woonfunctie,Verblijfsobject in gebruik,0361100000034494
0361010000001988,1825CS,54,83,woonfunctie,Verblijfsobject in gebruik,0361100000103281
0361010000002468,1816BX,62,116,woonfunctie,Verblijfsobject in gebruik,0361100000022791
0361010000001989,1825CN,55,83,woonfunctie,Verblijfsobject in gebruik,0361100000034767
0361010000002469,1816BX,63,109,woonfunctie,Verblijfsobject in gebruik,0361100000022790
0361010000000131,1821CE,32,112,woonfunctie,Verblijfsobject in gebruik,0361100000010159
0361010000001377,1826DK,57,63,woonfunctie,Verblijfsobject in gebruik,0361100000034491
0361010000001990,1825CS,56,83,woonfunctie,Verblijfsobject in gebruik,0361100000034648
0361010000000132,1821CC,33,71,woonfunctie,Verblijfsobject in gebruik,0361100000009802
0361010000001378,1826DK,58,63,woonfunctie,Verblijfsobject in gebruik,0361100000034491
0361010000000133,1821CE,34,107,woonfunctie,Verblijfsobject in gebruik,0361100000101163
0361010000001992,1825CS,58,91,woonfunctie,Verblijfsobject in gebruik,0361100000034792
0361010000000134,1821CC,35,71,woonfunctie,Verblijfsobject in gebruik,0361100000009802
0361010000002471,1816BZ,65,163,woonfunctie,Verblijfsobject in gebruik,0361100000021889
0361010000001380,1826DK,60,63,woonfunctie,Verblijfsobject in gebruik,0361100000034491
0361010000000135,1821CE,36,107,woonfunctie,Verblijfsobject in gebruik,0361100000010158
0361010000002472,1816BZ,66,121,woonfunctie,Verblijfsobject in gebruik,0361100000021888
0361010000001994,1825CS,60,91,woonfunctie,Verblijfsobject in gebruik,0361100000034794
0361010000001381,1826DK,61,63,woonfunctie,Verblijfsobject in gebruik,0361100000034491
0361010000000136,1821CC,37,71,woonfunctie,Verblijfsobject in gebruik,0361100000009802
0361010000000137,1821CE,38,107,woonfunctie,Verblijfsobject in gebruik,0361100000010156
0361010000001996,1825CS,62,91,woonfunctie,Verblijfsobject in gebruik,0361100000034796
0361010000000138,1821CC,39,71,woonfunctie,Verblijfsobject in gebruik,0361100000009802
0361010000002473,1816BZ,67,118,woonfunctie,Verblijfsobject in gebruik,0361100000021886
0361010000000139,1821CE,40,107,woonfunctie,Verblijfsobject in gebruik,0361100000010155
0361010000001998,1825CS,64,91,woonfunctie,Verblijfsobject in gebruik,0361100000034798
0361010000002474,1816BZ,68,116,woonfunctie,Verblijfsobject in gebruik,0361100000021884
0361010000001383,1826DK,63,78,woonfunctie,Verblijfsobject in gebruik,0361100000035406
0361010000001999,1825CN,65,65,woonfunctie,Verblijfsobject in gebruik,0361100000034877
0361010000000140,1821CC,41,71,woonfunctie,Verblijfsobject in gebruik,0361100000009802
0361010000002475,1816BZ,69,120,woonfunctie,Verblijfsobject in gebruik,0361100000021883
0361010000001384,1826DK,64,117,woonfunctie,Verblijfsobject in gebruik,0361100000035406
0361010000000141,1821CE,42,107,woonfunctie,Verblijfsobject in gebruik,0361100000010154
0361010000000520,1815HK,2,109,woonfunctie,Verblijfsobject in gebruik,0361100000013223
0361010000001385,1826DK,65,78,woonfunctie,Verblijfsobject in gebruik,0361100000035406
0361010000002476,1816BZ,70,124,woonfunctie,Verblijfsobject in gebruik,0361100000021882
0361010000002001,1825CN,67,90,woonfunctie,Verblijfsobject in gebruik,0361100000034877
0361010000000142,1821CD,43,71,woonfunctie,Verblijfsobject in gebruik,0361100000009857
0361010000001386,1826DK,66,117,woonfunctie,Verblijfsobject in gebruik,0361100000035406
0361010000002477,1816BZ,71,128,woonfunctie,Verblijfsobject in gebruik,0361100000102431
0361010000000143,1821CE,44,107,woonfunctie,Verblijfsobject in gebruik,0361100000010153
0361010000000522,1815HK,4,95,woonfunctie,Verblijfsobject in gebruik,0361100000013219
0361010000001387,1826DK,67,78,woonfunctie,Verblijfsobject in gebruik,0361100000035398
0361010000002478,1816BZ,72,125,woonfunctie,Verblijfsobject in gebruik,0361100000102430
0361010000002002,1825CS,68,91,woonfunctie,Verblijfsobject in gebruik,0361100000034801
0361010000001388,1826DK,68,117,woonfunctie,Verblijfsobject in gebruik,0361100000035398
0361010000002479,1816BZ,73,121,woonfunctie,Verblijfsobject in gebruik,0361100000102429
0361010000002003,1825CN,69,65,woonfunctie,Verblijfsobject in gebruik,0361100000034879
0361010000000144,1821CD,45,71,woonfunctie,Verblijfsobject in gebruik,0361100000009857
0361010000000524,1815HK,6,110,woonfunctie,Verblijfsobject in gebruik,0361100000013218
0361010000001389,1826DK,69,78,woonfunctie,Verblijfsobject in gebruik,0361100000035398
0361010000002480,1816BZ,74,121,woonfunctie,Verblijfsobject in gebruik,0361100000102428
0361010000002004,1825CS,70,94,woonfunctie,Verblijfsobject in gebruik,0361100000035007
0361010000000145,1821CE,46,107,woonfunctie,Verblijfsobject in gebruik,0361100000010151
0361010000001390,1826DK,70,117,woonfunctie,Verblijfsobject in gebruik,0361100000035398
0361010000002005,1825CN,71,90,woonfunctie,Verblijfsobject in gebruik,0361100000034879
0361010000002481,1816BZ,75,124,woonfunctie,Verblijfsobject in gebruik,0361100000102427
0361010000000146,1821CD,47,71,woonfunctie,Verblijfsobject in gebruik,0361100000009857
0361010000001391,1826DL,71,63,woonfunctie,Verblijfsobject in gebruik,0361100000035397
0361010000002006,1825CS,72,94,woonfunctie,Verblijfsobject in gebruik,0361100000035008
0361010000002482,1816BZ,76,121,woonfunctie,Verblijfsobject in gebruik,0361100000102426
0361010000001392,1826DL,72,63,woonfunctie,Verblijfsobject in gebruik,0361100000035397
0361010000000147,1821CE,48,107,woonfunctie,Verblijfsobject in gebruik,0361100000010149
0361010000000526,1815HK,8,74,woonfunctie,Verblijfsobject in gebruik,0361100000013217
0361010000002483,1816BZ,77,120,woonfunctie,Verblijfsobject in gebruik,0361100000102425
0361010000002484,1816TT,2,53,industriefunctie,Verblijfsobject in gebruik,0361100000102148
0361010000002485,1816TT,6,16,overige gebruiksfunctie,Verblijfsobject in gebruik,0361100000102147
0361010000000527,1815HK,10,95,woonfunctie,Verblijfsobject in gebruik,0361100000013215
0361010000002486,1816TT,8,16,overige gebruiksfunctie,Verblijfsobject in gebruik,0361100000102146
0361010000000148,1821CD,49,71,woonfunctie,Verblijfsobject in gebruik,0361100000009857
0361010000002487,1816TT,10,16,overige gebruiksfunctie,Verblijfsobject in gebruik,0361100000102145
0361010000001394,1826DL,74,63,woonfunctie,Verblijfsobject in gebruik,0361100000035397
0361010000002008,1825CS,74,94,woonfunctie,Verblijfsobject in gebruik,0361100000035009
0361010000000149,1821CE,50,107,woonfunctie,Verblijfsobject in gebruik,0361100000101164
0361010000001395,1826DL,75,63,woonfunctie,Verblijfsobject in gebruik,0361100000035397
0361010000002488,1816TT,12,112,woonfunctie,Verblijfsobject in gebruik,0361100000013418
0361010000000968,1814XA,1,16,overige gebruiksfunctie,Verblijfsobject in gebruik,0361100000100062
0361010000002489,1816TT,14,107,woonfunctie,Verblijfsobject in gebruik,0361100000013415
0361010000000150,1821CD,51,71,woonfunctie,Verblijfsobject in gebruik,0361100000009857
0361010000002010,1825CS,76,94,woonfunctie,Verblijfsobject in gebruik,0361100000035010
0361010000000969,1814XB,2,866,onderwijsfunctie,Verblijfsobject in gebruik,0361100000002386
0361010000000970,1814XA,3,16,overige gebruiksfunctie,Verblijfsobject in gebruik,0361100000100063
0361010000002490,1816TT,16,105,woonfunctie,Verblijfsobject in gebruik,0361100000013412
0361010000000151,1821CD,53,71,woonfunctie,Verblijfsobject in gebruik,0361100000009857
0361010000000528,1815HK,11,77,woonfunctie,Verblijfsobject in gebruik,0361100000012960
0361010000000971,1814XB,4,560,"gezondheidszorgfunctie,kantoorfunctie",Verblijfsobject in gebruik,0361100000002297
0361010000002491,1816TT,18,107,woonfunctie,Verblijfsobject in gebruik,0361100000013409
0361010000000972,1814XA,5,16,overige gebruiksfunctie,Verblijfsobject in gebruik,0361100000100064
0361010000002012,1825CS,78,83,woonfunctie,Verblijfsobject in gebruik,0361100000035175
0361010000000152,1821CD,55,71,woonfunctie,Verblijfsobject in gebruik,0361100000009857
0361010000000973,1814XA,7,16,overige gebruiksfunctie,Verblijfsobject in gebruik,0361100000100065
0361010000001397,1826DL,77,63,woonfunctie,Verblijfsobject in gebruik,0361100000103330
0361010000000974,1814XA,9,16,overige gebruiksfunctie,Verblijfsobject in gebruik,0361100000100066
0361010000002492,1816TT,20,105,woonfunctie,Verblijfsobject in gebruik,0361100000013408
0361010000000153,1821CD,57,71,woonfunctie,Verblijfsobject in gebruik,0361100000009857
0361010000000975,1814XA,11,39,overige gebruiksfunctie,Verblijfsobject in gebruik,0361100000100067
0361010000001398,1826DL,78,63,woonfunctie,Verblijfsobject in gebruik,0361100000103330
0361010000000529,1815HK,13,131,woonfunctie,Verblijfsobject in gebruik,0361100000012957
0361010000002014,1825CS,80,83,woonfunctie,Verblijfsobject in gebruik,0361100000035176
0361010000002493,1816TT,22,115,woonfunctie,Verblijfsobject in gebruik,0361100000013406
0361010000000154,1821CD,59,71,woonfunctie,Verblijfsobject in gebruik,0361100000009857
0361010000002494,1816TT,24,104,woonfunctie,Verblijfsobject in gebruik,0361100000013403
0361010000000155,1821CD,61,71,woonfunctie,Verblijfsobject in gebruik,0361100000009857
0361010000001400,1826DL,80,63,woonfunctie,Verblijfsobject in gebruik,0361100000103330
0361010000000530,1815HK,17,68,woonfunctie,Verblijfsobject in gebruik,0361100000012953
0361010000002495,1816TT,26,104,woonfunctie,Verblijfsobject in gebruik,0361100000013400
0361010000002016,1825CS,82,83,woonfunctie,Verblijfsobject in gebruik,0361100000035178
0361010000000156,1821CD,63,71,woonfunctie,Verblijfsobject in gebruik,0361100000009857
0361010000001401,1826DL,81,63,woonfunctie,Verblijfsobject in gebruik,0361100000103330
0361010000000531,1815HK,35,45,woonfunctie,Verblijfsobject in gebruik,0361100000012514
0361010000002496,1816TT,28,105,woonfunctie,Verblijfsobject in gebruik,0361100000013398
0361010000000157,1821CD,65,71,woonfunctie,Verblijfsobject in gebruik,0361100000009857
0361010000000532,1815HK,45,137,woonfunctie,Verblijfsobject in gebruik,0361100000012162
0361010000002497,1816TT,30,107,woonfunctie,Verblijfsobject in gebruik,0361100000013397
0361010000000158,1821CD,67,71,woonfunctie,Verblijfsobject in gebruik,0361100000009857
0361010000002018,1825CS,84,86,woonfunctie,Verblijfsobject in gebruik,0361100000035181
0361010000001403,1826DL,83,63,woonfunctie,Verblijfsobject in gebruik,0361100000103331
0361010000002498,1816TT,31,16,overige gebruiksfunctie,Verblijfsobject in gebruik,0361100000102149
0361010000000533,1815HK,51,87,woonfunctie,Verblijfsobject in gebruik,0361100000012048
0361010000000160,1821CB,2,107,woonfunctie,Verblijfsobject in gebruik,0361100000010274
0361010000001404,1826DL,84,63,woonfunctie,Verblijfsobject in gebruik,0361100000103331
0361010000000536,1815HL,2,82,woonfunctie,Verblijfsobject in gebruik,0361100000013392
0361010000000161,1821CA,3,107,woonfunctie,Verblijfsobject in gebruik,0361100000011022
0361010000002020,1825CS,86,83,woonfunctie,Verblijfsobject in gebruik,0361100000035183
0361010000001406,1826DL,86,63,woonfunctie,Verblijfsobject in gebruik,0361100000103331
0361010000000162,1821CB,4,107,woonfunctie,Verblijfsobject in gebruik,0361100000010269
0361010000002499,1816TT,32,108,woonfunctie,Verblijfsobject in gebruik,0361100000102144
0361010000002500,1816TT,33,16,overige gebruiksfunctie,Verblijfsobject in gebruik,0361100000102150
0361010000002022,1825CS,88,83,woonfunctie,Verblijfsobject in gebruik,0361100000035185
0361010000001407,1826DL,87,63,woonfunctie,Verblijfsobject in gebruik,0361100000103331
0361010000000163,1821CA,5,94,woonfunctie,Verblijfsobject in gebruik,0361100000011020
0361010000002501,1816TT,34,105,woonfunctie,Verblijfsobject in gebruik,0361100000013394
0361010000001408,1826DL,88,101,woonfunctie,Verblijfsobject in gebruik,0361100000103331
0361010000000164,1821CB,6,107,woonfunctie,Verblijfsobject in gebruik,0361100000010265
0361010000002502,1816TT,35,16,overige gebruiksfunctie,Verblijfsobject in gebruik,0361100000102151
0361010000002503,1816TT,36,16,overige gebruiksfunctie,Verblijfsobject in gebruik,0361100000102143
0361010000001409,1826DL,89,78,woonfunctie,Verblijfsobject in gebruik,0361100000035400
0361010000002504,1816TT,37,16,overige gebruiksfunctie,Verblijfsobject in gebruik,0361100000102152
0361010000002024,1825CT,90,83,woonfunctie,Verblijfsobject in gebruik,0361100000035296
0361010000000165,1821CA,7,94,woonfunctie,Verblijfsobject in gebruik,0361100000011019
0361010000002505,1816TT,38,16,overige gebruiksfunctie,Verblijfsobject in gebruik,0361100000102142
0361010000002506,1816TT,39,16,overige gebruiksfunctie,Verblijfsobject in gebruik,0361100000102153
0361010000001410,1826DL,90,117,woonfunctie,Verblijfsobject in gebruik,0361100000035400
0361010000000166,1821CB,8,107,woonfunctie,Verblijfsobject in gebruik,0361100000010262
0361010000002026,1825CT,92,83,woonfunctie,Verblijfsobject in gebruik,0361100000035294
0361010000001411,1826DL,91,78,woonfunctie,Verblijfsobject in gebruik,0361100000035400
0361010000000167,1821CA,9,94,woonfunctie,Verblijfsobject in gebruik,0361100000101156
0361010000002508,1817HA,8,53,woonfunctie,Verblijfsobject in gebruik,0361100000029090
0361010000001412,1826DL,92,117,woonfunctie,Verblijfsobject in gebruik,0361100000035400
0361010000000168,1821CB,10,107,woonfunctie,Verblijfsobject in gebruik,0361100000010255
0361010000000988,1814XB,37,16,overige gebruiksfunctie,Verblijfsobject in gebruik,0361100000100058
0361010000000989,1814XB,39,16,overige gebruiksfunctie,Verblijfsobject in gebruik,0361100000100059
0361010000002028,1825CT,94,86,woonfunctie,Verblijfsobject in gebruik,0361100000035291
0361010000001413,1826DL,93,78,woonfunctie,Verblijfsobject in gebruik,0361100000035408
0361010000002509,1817HA,10,53,woonfunctie,Verblijfsobject in gebruik,0361100000029090
0361010000000170,1821CB,12,107,woonfunctie,Verblijfsobject in gebruik,0361100000101154
0361010000001414,1826DL,94,117,woonfunctie,Verblijfsobject in gebruik,0361100000035408
0361010000000171,1821CA,13,94,woonfunctie,Verblijfsobject in gebruik,0361100000010503
0361010000002029,1825CP,95,133,woonfunctie,Verblijfsobject in gebruik,0361100000034942
0361010000002510,1817HA,12,53,woonfunctie,Verblijfsobject in gebruik,0361100000029090
0361010000001415,1826DL,95,78,woonfunctie,Verblijfsobject in gebruik,0361100000035408
0361010000000172,1821CB,14,107,woonfunctie,Verblijfsobject in gebruik,0361100000101155
0361010000002030,1825CT,96,83,woonfunctie,Verblijfsobject in gebruik,0361100000035287
0361010000001416,1826DL,96,117,woonfunctie,Verblijfsobject in gebruik,0361100000035408
0361010000002511,1817HA,14,53,woonfunctie,Verblijfsobject in gebruik,0361100000029090
0361010000000173,1821CA,15,94,woonfunctie,Verblijfsobject in gebruik,0361100000010499
0361010000002031,1825CT,98,86,woonfunctie,Verblijfsobject in gebruik,0361100000035285
0361010000001417,1826DM,97,119,woonfunctie,Verblijfsobject in gebruik,0361100000035450
0361010000000174,1821CB,16,107,woonfunctie,Verblijfsobject in gebruik,0361100000010254
0361010000002032,1825CT,100,83,woonfunctie,Verblijfsobject in gebruik,0361100000035282
0361010000002512,1817HA,16,53,woonfunctie,Verblijfsobject in gebruik,0361100000029090
0361010000001418,1826DM,98,119,woonfunctie,Verblijfsobject in gebruik,0361100000035449
0361010000000175,1821CA,17,94,woonfunctie,Verblijfsobject in gebruik,0361100000010496
0361010000001419,1826DM,99,119,woonfunctie,Verblijfsobject in gebruik,0361100000035447
0361010000002513,1817HA,18,53,woonfunctie,Verblijfsobject in gebruik,0361100000029090
0361010000002034,1825CT,102,83,woonfunctie,Verblijfsobject in gebruik,0361100000035281
0361010000000176,1821CB,18,112,woonfunctie,Verblijfsobject in gebruik,0361100000010253
0361010000001420,1826DM,100,119,woonfunctie,Verblijfsobject in gebruik,0361100000035446
0361010000000177,1821CA,19,94,woonfunctie,Verblijfsobject in gebruik,0361100000010494
0361010000001421,1826DM,101,119,woonfunctie,Verblijfsobject in gebruik,0361100000035444
0361010000002514,1817HA,20,53,woonfunctie,Verblijfsobject in gebruik,0361100000029083
0361010000002036,1825CT,104,83,woonfunctie,Verblijfsobject in gebruik,0361100000035280
0361010000001422,1826DM,102,119,woonfunctie,Verblijfsobject in gebruik,0361100000035442
0361010000002037,1825CP,105,135,woonfunctie,Verblijfsobject in gebruik,0361100000034991
0361010000000178,1821CB,20,107,woonfunctie,Verblijfsobject in gebruik,0361100000010250
0361010000002515,1817HA,22,53,woonfunctie,Verblijfsobject in gebruik,0361100000029083
0361010000001423,1826DM,103,119,woonfunctie,Verblijfsobject in gebruik,0361100000035441
0361010000002038,1825CT,106,91,woonfunctie,Verblijfsobject in gebruik,0361100000035261
0361010000000179,1821CA,21,94,woonfunctie,Verblijfsobject in gebruik,0361100000010491
0361010000001424,1826DM,104,119,woonfunctie,Verblijfsobject in gebruik,0361100000035439
0361010000002516,1817HA,24,53,woonfunctie,Verblijfsobject in gebruik,0361100000029083
0361010000000180,1821CB,22,107,woonfunctie,Verblijfsobject in gebruik,0361100000101158
0361010000001425,1826DM,105,119,woonfunctie,Verblijfsobject in gebruik,0361100000035437
0361010000000181,1821CA,23,94,woonfunctie,Verblijfsobject in gebruik,0361100000010490
0361010000001002,1814XB,65,16,overige gebruiksfunctie,Verblijfsobject in gebruik,0361100000100060
0361010000002517,1817HA,26,53,woonfunctie,Verblijfsobject in gebruik,0361100000029083
0361010000001426,1826DM,106,119,woonfunctie,Verblijfsobject in gebruik,0361100000035436
0361010000002039,1825CT,108,99,woonfunctie,Verblijfsobject in gebruik,0361100000035258
0361010000001003,1814XB,67,16,overige gebruiksfunctie,Verblijfsobject in gebruik,0361100000100061
0361010000000554,1817CE,18,97,woonfunctie,Verblijfsobject in gebruik,0361100000024986
0361010000000182,1821CB,24,107,woonfunctie,Verblijfsobject in gebruik,0361100000010246
0361010000001427,1826DM,107,132,woonfunctie,Verblijfsobject in gebruik,0361100000035434
0361010000001004,1829CP,1,178,woonfunctie,Verblijfsobject in gebruik,0361100000016673
0361010000002518,1817HA,28,53,woonfunctie,Verblijfsobject in gebruik,0361100000029083
0361010000000183,1821CA,25,94,woonfunctie,Verblijfsobject in gebruik,0361100000101157
0361010000001428,1826DM,108,119,woonfunctie,Verblijfsobject in gebruik,0361100000035432
0361010000001005,1829CP,2,109,woonfunctie,Verblijfsobject in gebruik,0361100000016489
0361010000000184,1821CB,26,107,woonfunctie,Verblijfsobject in gebruik,0361100000101159
0361010000002519,1817HA,30,53,woonfunctie,Verblijfsobject in gebruik,0361100000029083
0361010000001429,1826DM,109,78,woonfunctie,Verblijfsobject in gebruik,0361100000035429
0361010000000556,1826KH,2,144,woonfunctie,Verblijfsobject in gebruik,0361100000040010
0361010000001006,1829CP,3,178,woonfunctie,Verblijfsobject in gebruik,0361100000016675
0361010000002041,1825CT,112,111,woonfunctie,Verblijfsobject in gebruik,0361100000035255
0361010000000185,1821CA,27,94,woonfunctie,Verblijfsobject in gebruik,0361100000010488
0361010000001430,1826DM,110,117,woonfunctie,Verblijfsobject in gebruik,0361100000035429
0361010000002043,1825CT,114,91,woonfunctie,Verblijfsobject in gebruik,0361100000035267
0361010000001007,1829CP,4,111,woonfunctie,Verblijfsobject in gebruik,0361100000016490
0361010000002520,1817HA,32,53,woonfunctie,Verblijfsobject in gebruik,0361100000029078
0361010000000186,1821CB,28,107,woonfunctie,Verblijfsobject in gebruik,0361100000101160
0361010000001431,1826DM,111,78,woonfunctie,Verblijfsobject in gebruik,0361100000035429
0361010000000558,1826KH,4,91,woonfunctie,Verblijfsobject in gebruik,0361100000040011
0361010000002044,1825CT,116,91,woonfunctie,Verblijfsobject in gebruik,0361100000035268
0361010000001008,1829CP,5,177,woonfunctie,Verblijfsobject in gebruik,0361100000017118
0361010000001432,1826DM,112,117,woonfunctie,Verblijfsobject in gebruik,0361100000035429
0361010000000187,1821CA,29,94,woonfunctie,Verblijfsobject in gebruik,0361100000010487
0361010000002521,1817HA,34,53,woonfunctie,Verblijfsobject in gebruik,0361100000029078
0361010000002045,1825CT,118,91,woonfunctie,Verblijfsobject in gebruik,0361100000035270
0361010000001009,1829CP,6,119,woonfunctie,Verblijfsobject in gebruik,0361100000016493
0361010000001433,1826DM,113,63,woonfunctie,Verblijfsobject in gebruik,0361100000035428
0361010000000188,1821CB,30,107,woonfunctie,Verblijfsobject in gebruik,0361100000101161
0361010000000560,1826KH,6,116,woonfunctie,Verblijfsobject in gebruik,0361100000040012
0361010000002046,1825CT,120,94,woonfunctie,Verblijfsobject in gebruik,0361100000103279
0361010000001010,1829CP,7,178,woonfunctie,Verblijfsobject in gebruik,0361100000017119
0361010000002522,1817HA,36,53,woonfunctie,Verblijfsobject in gebruik,0361100000029078
0361010000001434,1826DM,114,63,woonfunctie,Verblijfsobject in gebruik,0361100000035428
0361010000000189,1821CA,31,94,woonfunctie,Verblijfsobject in gebruik,0361100000010486
0361010000002047,1825CT,122,94,woonfunctie,Verblijfsobject in gebruik,0361100000035276
0361010000001011,1829CP,9,177,woonfunctie,Verblijfsobject in gebruik,0361100000017120
0361010000000562,1826KH,8,111,woonfunctie,Verblijfsobject in gebruik,0361100000040013
0361010000002048,1825CT,124,91,woonfunctie,Verblijfsobject in gebruik,0361100000035278
0361010000001012,1829CP,11,178,woonfunctie,Verblijfsobject in gebruik,0361100000100884
0361010000002523,1817HA,38,53,woonfunctie,Verblijfsobject in gebruik,0361100000029078
0361010000000190,1821CB,32,112,woonfunctie,Verblijfsobject in gebruik,0361100000010242
0361010000001436,1826DM,116,63,woonfunctie,Verblijfsobject in gebruik,0361100000035428
0361010000002049,1825CT,126,91,woonfunctie,Verblijfsobject in gebruik,0361100000035209
0361010000001013,1829CP,13,177,woonfunctie,Verblijfsobject in gebruik,0361100000017123
0361010000001437,1826DM,117,63,woonfunctie,Verblijfsobject in gebruik,0361100000035428
0361010000002524,1817HA,40,53,woonfunctie,Verblijfsobject in gebruik,0361100000029078
0361010000002050,1825CT,128,91,woonfunctie,Verblijfsobject in gebruik,0361100000035206
0361010000000191,1821CB,34,112,woonfunctie,Verblijfsobject in gebruik,0361100000010233
0361010000000564,1826KH,10,110,woonfunctie,Verblijfsobject in gebruik,0361100000040014
0361010000001014,1829CP,15,177,woonfunctie,Verblijfsobject in gebruik,0361100000017125
0361010000001439,1826DM,119,688,bijeenkomstfunctie,Verblijfsobject in gebruik,0361100000035430
0361010000001440,1826DM,120,96,overige gebruiksfunctie,Verblijfsobject in gebruik,0361100000035430
0361010000000192,1821CB,36,107,woonfunctie,Verblijfsobject in gebruik,0361100000101162
0361010000002051,1825CT,130,91,woonfunctie,Verblijfsobject in gebruik,0361100000035205
0361010000000565,1826KE,11,95,woonfunctie,Verblijfsobject in gebruik,0361100000040025
0361010000002525,1817HA,42,53,woonfunctie,Verblijfsobject in gebruik,0361100000029078
0361010000001441,1826DM,122,96,overige gebruiksfunctie,Verblijfsobject in gebruik,0361100000035430
0361010000001015,1829CP,17,178,woonfunctie,Verblijfsobject in gebruik,0361100000017127
0361010000001442,1826DM,123,1257,onderwijsfunctie,Verblijfsobject in gebruik,0361100000035171
0361010000000193,1821CB,38,107,woonfunctie,Verblijfsobject in gebruik,0361100000010232
0361010000000566,1826KH,12,110,woonfunctie,Verblijfsobject in gebruik,0361100000040016
0361010000002052,1825CT,132,91,woonfunctie,Verblijfsobject in gebruik,0361100000035203
0361010000001016,1829CP,19,178,woonfunctie,Verblijfsobject in gebruik,0361100000017128
0361010000002526,1817HA,44,53,woonfunctie,Verblijfsobject in gebruik,0361100000029074
0361010000000194,1821CB,40,107,woonfunctie,Verblijfsobject in gebruik,0361100000010230
0361010000000567,1826KE,13,95,woonfunctie,Verblijfsobject in gebruik,0361100000040026
0361010000002053,1825CT,134,91,woonfunctie,Verblijfsobject in gebruik,0361100000035200
0361010000001443,1826DM,125,232,woonfunctie,Verblijfsobject in gebruik,0361100000035348
0361010000000568,1826KH,14,110,woonfunctie,Verblijfsobject in gebruik,0361100000040017
0361010000000195,1821CB,42,107,woonfunctie,Verblijfsobject in gebruik,0361100000010229
0361010000002054,1825CT,136,94,woonfunctie,Verblijfsobject in gebruik,0361100000035199
0361010000002527,1817HA,46,53,woonfunctie,Verblijfsobject in gebruik,0361100000029074
0361010000000569,1826KE,15,119,woonfunctie,Verblijfsobject in gebruik,0361100000040027
0361010000001444,1813LM,1,105,woonfunctie,Verblijfsobject in gebruik,0361100000000740
0361010000002055,1825CT,138,91,woonfunctie,Verblijfsobject in gebruik,0361100000035198
0361010000000196,1814RH,1,57,woonfunctie,Verblijfsobject in gebruik,0361100000006805
0361010000002528,1817HA,48,53,woonfunctie,Verblijfsobject in gebruik,0361100000029074
0361010000000570,1826KH,16,112,woonfunctie,Verblijfsobject in gebruik,0361100000040018
0361010000001445,1813LN,2,99,woonfunctie,Verblijfsobject in gebruik,0361100000000970
0361010000000571,1826KE,17,81,woonfunctie,Verblijfsobject in gebruik,0361100000040073
0361010000000197,1814RH,2,57,woonfunctie,Verblijfsobject in gebruik,0361100000006805
0361010000002056,1825CT,140,106,woonfunctie,Verblijfsobject in gebruik,0361100000035197
0361010000002529,1817HA,50,53,woonfunctie,Verblijfsobject in gebruik,0361100000029074
0361010000000572,1826KH,18,128,woonfunctie,Verbouwing verblijfsobject,0361100000040019
0361010000002530,1817HA,52,53,woonfunctie,Verblijfsobject in gebruik,0361100000029074
0361010000001446,1813LM,3,116,woonfunctie,Verblijfsobject in gebruik,0361100000000736
0361010000000573,1826KE,19,71,woonfunctie,Verblijfsobject in gebruik,0361100000040074
0361010000002057,1829BW,1,100,woonfunctie,Verblijfsobject in gebruik,0361100000014770
0361010000000198,1814RH,3,57,woonfunctie,Verblijfsobject in gebruik,0361100000006805
0361010000001447,1813LN,4,117,woonfunctie,Verblijfsobject in gebruik,0361100000000967
0361010000000574,1826KH,20,128,woonfunctie,Verblijfsobject in gebruik,0361100000040157
0361010000002058,1829BW,2,116,woonfunctie,Verblijfsobject in gebruik,0361100000100905
0361010000002531,1817HA,54,53,woonfunctie,Verblijfsobject in gebruik,0361100000029074
0361010000001027,1816MA,3,198,woonfunctie,Verblijfsobject in gebruik,0361100000008931
0361010000000575,1826KE,21,73,woonfunctie,Verblijfsobject in gebruik,0361100000040076
0361010000002059,1829BW,3,109,woonfunctie,Verblijfsobject in gebruik,0361100000014769
0361010000000199,1814RH,4,57,woonfunctie,Verblijfsobject in gebruik,0361100000006805
0361010000002532,1817HB,56,53,woonfunctie,Verblijfsobject in gebruik,0361100000029065
0361010000000576,1826KH,22,123,woonfunctie,Verblijfsobject in gebruik,0361100000040158
0361010000002060,1829BW,4,113,woonfunctie,Verblijfsobject in gebruik,0361100000100906
0361010000001028,1816MA,4,189,woonfunctie,Verblijfsobject in gebruik,0361100000009143
0361010000001450,1813LM,7,97,woonfunctie,Verblijfsobject in gebruik,0361100000000731
0361010000000200,1814RH,5,57,woonfunctie,Verblijfsobject in gebruik,0361100000006805
0361010000000577,1826KE,23,71,woonfunctie,Verblijfsobject in gebruik,0361100000040078
0361010000002533,1817HB,58,53,woonfunctie,Verblijfsobject in gebruik,0361100000029065
0361010000002061,1829BW,5,113,woonfunctie,Verblijfsobject in gebruik,0361100000100910
0361010000000578,1826KH,24,121,woonfunctie,Verblijfsobject in gebruik,0361100000040159
0361010000001451,1813LN,8,99,woonfunctie,Verblijfsobject in gebruik,0361100000000960
0361010000001029,1816MA,5,325,woonfunctie,Verblijfsobject in gebruik,0361100000008716
0361010000000201,1814RH,6,57,woonfunctie,Verblijfsobject in gebruik,0361100000006805
0361010000002062,1829BW,6,118,woonfunctie,Verblijfsobject in gebruik,0361100000100907
0361010000000579,1826KE,25,71,woonfunctie,Verblijfsobject in gebruik,0361100000040166
0361010000002534,1817HB,60,53,woonfunctie,Verblijfsobject in gebruik,0361100000029065
0361010000002063,1829BW,7,131,woonfunctie,Verblijfsobject in gebruik,0361100000014731
0361010000001030,1816MA,6,227,woonfunctie,Verblijfsobject in gebruik,0361100000009186
0361010000000580,1826KH,26,146,woonfunctie,Verblijfsobject in gebruik,0361100000040160
0361010000000202,1814RH,7,57,woonfunctie,Verblijfsobject in gebruik,0361100000006804
0361010000001453,1813LN,10,99,woonfunctie,Verblijfsobject in gebruik,0361100000000959
0361010000002535,1817HB,62,53,woonfunctie,Verblijfsobject in gebruik,0361100000029065
0361010000002064,1829BW,8,117,woonfunctie,Verblijfsobject in gebruik,0361100000100908
0361010000001031,1816MA,7,207,woonfunctie,Verblijfsobject in gebruik,0361100000008804
0361010000000203,1814RH,8,57,woonfunctie,Verblijfsobject in gebruik,0361100000006804
0361010000001032,1816MA,8,194,woonfunctie,Verblijfsobject in gebruik,0361100000009326
0361010000002065,1829BW,10,138,woonfunctie,Verblijfsobject in gebruik,0361100000014438
0361010000001033,1816MA,9,226,woonfunctie,Verblijfsobject in gebruik,0361100000008934
0361010000000204,1814RH,9,57,woonfunctie,Verblijfsobject in gebruik,0361100000006804
0361010000000581,1826KE,27,71,woonfunctie,Verblijfsobject in gebruik,0361100000040167
0361010000001454,1813LM,11,111,woonfunctie,Verblijfsobject in gebruik,0361100000000724
0361010000002066,1829BW,12,134,woonfunctie,Verblijfsobject in gebruik,0361100000014396
0361010000001034,1816MA,10,236,woonfunctie,Verblijfsobject in gebruik,0361100000009575
0361010000000582,1826KE,29,71,woonfunctie,Verblijfsobject in gebruik,0361100000040169
0361010000002536,1817HB,64,53,woonfunctie,Verblijfsobject in gebruik,0361100000029065
0361010000000205,1814RH,10,57,woonfunctie,Verblijfsobject in gebruik,0361100000006804
0361010000000583,1826KE,31,71,woonfunctie,Verblijfsobject in gebruik,0361100000040170
0361010000002067,1829BW,14,130,woonfunctie,Verblijfsobject in gebruik,0361100000100909
0361010000001035,1816MA,11,228,woonfunctie,Verblijfsobject in gebruik,0361100000008986
0361010000001455,1813LN,12,99,woonfunctie,Verblijfsobject in gebruik,0361100000000958
0361010000002537,1817HB,66,53,woonfunctie,Verblijfsobject in gebruik,0361100000029065
0361010000000584,1826KE,33,71,woonfunctie,Verblijfsobject in gebruik,0361100000040171
0361010000001036,1816MA,12,146,woonfunctie,Verblijfsobject in gebruik,0361100000009677
0361010000001456,1813LM,13,96,woonfunctie,Verblijfsobject in gebruik,0361100000000722
0361010000000206,1814RH,11,57,woonfunctie,Verblijfsobject in gebruik,0361100000006804
0361010000000585,1826KH,34,175,woonfunctie,Verblijfsobject in gebruik,0361100000040321
0361010000002538,1817HB,68,53,woonfunctie,Verblijfsobject in gebruik,0361100000029060
0361010000001037,1816MA,13,244,woonfunctie,Verblijfsobject in gebruik,0361100000009128
0361010000001457,1813LN,14,99,woonfunctie,Verblijfsobject in gebruik,0361100000000759
0361010000000586,1826KE,35,71,woonfunctie,Verblijfsobject in gebruik,0361100000040173
0361010000000207,1814RH,12,57,woonfunctie,Verblijfsobject in gebruik,0361100000006804
0361010000002070,1824EC,2,146,woonfunctie,Verblijfsobject in gebruik,0361100000025878
0361010000001038,1816MA,14,227,woonfunctie,Verblijfsobject in gebruik,0361100000101763
0361010000001458,1813LM,15,96,woonfunctie,Verblijfsobject in gebruik,0361100000000720
0361010000000587,1826KH,36,124,woonfunctie,Verblijfsobject in gebruik,0361100000040322
0361010000002539,1817HB,70,53,woonfunctie,Verblijfsobject in gebruik,0361100000029060
0361010000001039,1816MA,15,205,woonfunctie,Verblijfsobject in gebruik,0361100000009200
0361010000000208,1814RH,13,57,woonfunctie,Verblijfsobject in gebruik,0361100000006801
0361010000001459,1813LN,16,99,woonfunctie,Verblijfsobject in gebruik,0361100000101653
0361010000002072,1824EC,4,137,woonfunctie,Verblijfsobject in gebruik,0361100000025873
0361010000002540,1817HB,72,53,woonfunctie,Verblijfsobject in gebruik,0361100000029060
0361010000000589,1826KH,38,120,woonfunctie,Verblijfsobject in gebruik,0361100000040323
0361010000001040,1816MA,16,234,woonfunctie,Verblijfsobject in gebruik,0361100000101762
0361010000000209,1814RH,14,57,woonfunctie,Verblijfsobject in gebruik,0361100000006801
0361010000001460,1813LM,17,96,woonfunctie,Verblijfsobject in gebruik,0361100000000713
0361010000002541,1817HB,74,53,woonfunctie,Verblijfsobject in gebruik,0361100000029060
0361010000001041,1816MA,17,283,woonfunctie,Verblijfsobject in gebruik,0361100000009328
0361010000002074,1824EC,6,137,woonfunctie,Verblijfsobject in gebruik,0361100000102723
0361010000001461,1813LN,18,99,woonfunctie,Verblijfsobject in gebruik,0361100000101654
0361010000000210,1814RH,15,57,woonfunctie,Verblijfsobject in gebruik,0361100000006801
0361010000001042,1816MA,19,222,woonfunctie,Verblijfsobject in gebruik,0361100000009582
0361010000001462,1813LM,19,101,woonfunctie,Verblijfsobject in gebruik,0361100000101595
0361010000002542,1817HB,76,53,woonfunctie,Verblijfsobject in gebruik,0361100000029060
0361010000000211,1814RH,16,57,woonfunctie,Verblijfsobject in gebruik,0361100000006801
0361010000002076,1824EC,8,137,woonfunctie,Verblijfsobject in gebruik,0361100000025872
0361010000000593,1826KH,42,124,woonfunctie,Verblijfsobject in gebruik,0361100000040436
0361010000001463,1813LN,20,99,woonfunctie,Verblijfsobject in gebruik,0361100000000757
0361010000002543,1817HB,78,53,woonfunctie,Verblijfsobject in gebruik,0361100000029060
0361010000001043,1816MA,21,337,woonfunctie,Verblijfsobject in gebruik,0361100000009728
0361010000000212,1814RH,17,57,woonfunctie,Verblijfsobject in gebruik,0361100000006801
0361010000001044,1816MA,23,248,woonfunctie,Verblijfsobject in gebruik,0361100000009913
0361010000000595,1826KH,44,124,woonfunctie,Verblijfsobject in gebruik,0361100000040437
0361010000002544,1817HB,84,53,woonfunctie,Verblijfsobject in gebruik,0361100000028780
0361010000000213,1814RH,18,57,woonfunctie,Verblijfsobject in gebruik,0361100000006801
0361010000001045,1816MA,25,164,woonfunctie,Verblijfsobject in gebruik,0361100000010037
0361010000002545,1817HB,86,53,woonfunctie,Verblijfsobject in gebruik,0361100000028780
0361010000001046,1816MA,27,236,woonfunctie,Verblijfsobject in gebruik,0361100000010147
0361010000000597,1826KH,46,152,woonfunctie,Verblijfsobject in gebruik,0361100000040438
0361010000000214,1814RH,19,57,woonfunctie,Verblijfsobject in gebruik,0361100000006800
0361010000001464,1813LM,21,112,woonfunctie,Verblijfsobject in gebruik,0361100000000712
0361010000000598,1826KG,47,107,woonfunctie,Verblijfsobject in gebruik,0361100000040426
0361010000001047,1816MA,29,164,woonfunctie,Verblijfsobject in gebruik,0361100000010384
0361010000002546,1817HB,88,53,woonfunctie,Verblijfsobject in gebruik,0361100000028780
0361010000000599,1826KJ,48,153,woonfunctie,Verblijfsobject in gebruik,0361100000040439
0361010000001048,1816MA,31,214,woonfunctie,Verblijfsobject in gebruik,0361100000010545
0361010000001465,1813LN,22,99,woonfunctie,Verblijfsobject in gebruik,0361100000000755
0361010000000215,1814RH,20,57,woonfunctie,Verblijfsobject in gebruik,0361100000006800
0361010000002080,1824EC,12,148,woonfunctie,Verblijfsobject in gebruik,0361100000025869
0361010000000600,1826KG,49,107,woonfunctie,Verblijfsobject in gebruik,0361100000040427
0361010000002547,1817HB,90,53,woonfunctie,Verblijfsobject in gebruik,0361100000028780
0361010000000216,1814RH,21,57,woonfunctie,Verblijfsobject in gebruik,0361100000006800
0361010000001466,1813LM,23,116,woonfunctie,Verblijfsobject in gebruik,0361100000000710
0361010000000601,1826KJ,50,133,woonfunctie,Verblijfsobject in gebruik,0361100000040440
0361010000001049,1811NA,1,298,"bijeenkomstfunctie,logiesfunctie,winkelfunctie",Verblijfsobject in gebruik,0361100000104617
0361010000002548,1817HB,92,53,woonfunctie,Verblijfsobject in gebruik,0361100000028780
0361010000002082,1824EC,14,137,woonfunctie,Verblijfsobject in gebruik,0361100000025865
0361010000000602,1826KG,51,110,woonfunctie,Verblijfsobject in gebruik,0361100000040429
0361010000001050,1811NA,2,175,"winkelfunctie,woonfunctie",Verblijfsobject in gebruik,0361100000104571
0361010000000217,1814RH,22,57,woonfunctie,Verblijfsobject in gebruik,0361100000006800
0361010000001467,1813LN,24,99,woonfunctie,Verblijfsobject in gebruik,0361100000000752
0361010000001051,1811NA,3,96,"winkelfunctie,woonfunctie",Verblijfsobject in gebruik,0361100000104618
0361010000000603,1826KJ,52,130,woonfunctie,Verblijfsobject in gebruik,0361100000040441
0361010000002549,1817HB,94,53,woonfunctie,Verblijfsobject in gebruik,0361100000028780
0361010000001468,1813LN,26,99,woonfunctie,Verblijfsobject in gebruik,0361100000101655
0361010000002084,1824EC,16,137,woonfunctie,Verblijfsobject in gebruik,0361100000025864
0361010000000604,1826KG,53,107,woonfunctie,Verblijfsobject in gebruik,0361100000040430
0361010000000218,1814RH,23,57,woonfunctie,Verblijfsobject in gebruik,0361100000006800
0361010000001052,1811NA,4,112,woonfunctie,Verblijfsobject in gebruik,0361100000104571
0361010000001469,1813LN,28,101,woonfunctie,Verblijfsobject in gebruik,0361100000000749
0361010000001053,1811NA,5,64,"industriefunctie,winkelfunctie",Verblijfsobject in gebruik,0361100000104619
0361010000002550,1817HB,96,53,woonfunctie,Verblijfsobject in gebruik,0361100000028779
0361010000000605,1826KJ,54,124,woonfunctie,Verblijfsobject in gebruik,0361100000040442
0361010000001470,1813LN,30,101,woonfunctie,Verblijfsobject in gebruik,0361100000000746
0361010000000219,1814RH,24,57,woonfunctie,Verblijfsobject in gebruik,0361100000006800
0361010000001054,1811NA,6,64,winkelfunctie,Verblijfsobject in gebruik,0361100000104572
0361010000002086,1824EC,18,137,woonfunctie,Verblijfsobject in gebruik,0361100000025863
0361010000000606,1826KG,55,107,woonfunctie,Verblijfsobject in gebruik,0361100000040431
0361010000002551,1817HB,98,53,woonfunctie,Verblijfsobject in gebruik,0361100000028779
0361010000001055,1827DE,1,75,woonfunctie,Verblijfsobject in gebruik,0361100000042492
0361010000000220,1829EG,1,93,woonfunctie,Verblijfsobject in gebruik,0361100000021449
0361010000001471,1813LN,32,99,woonfunctie,Verblijfsobject in gebruik,0361100000000742
0361010000000607,1826KJ,56,127,woonfunctie,Verblijfsobject in gebruik,0361100000040691
0361010000001056,1827DE,2,75,woonfunctie,Verblijfsobject in gebruik,0361100000103421
0361010000002088,1824EC,20,148,woonfunctie,Verblijfsobject in gebruik,0361100000025862
0361010000001472,1813LN,34,101,woonfunctie,Verblijfsobject in gebruik,0361100000101656
0361010000002552,1817HB,100,53,woonfunctie,Verblijfsobject in gebruik,0361100000028779
0361010000000608,1826KG,57,107,woonfunctie,Verblijfsobject in gebruik,0361100000040432
0361010000001057,1827DE,3,75,woonfunctie,Verblijfsobject in gebruik,0361100000042494
0361010000000222,1829EG,2,16,overige gebruiksfunctie,Verblijfsobject in gebruik,0361100000101055
0361010000000609,1826KJ,58,133,woonfunctie,Verblijfsobject in gebruik,0361100000040692
0361010000001058,1827DE,4,75,woonfunctie,Verblijfsobject in gebruik,0361100000042495
0361010000001473,1813LN,36,99,woonfunctie,Verblijfsobject in gebruik,0361100000000741
0361010000002090,1824EC,22,137,woonfunctie,Verblijfsobject in gebruik,0361100000025630
0361010000002553,1817HB,102,53,woonfunctie,Verblijfsobject in gebruik,0361100000028779
0361010000000223,1829EG,3,93,woonfunctie,Verblijfsobject in gebruik,0361100000021446
0361010000001059,1827DE,5,75,woonfunctie,Verblijfsobject in gebruik,0361100000042499
0361010000001474,1813LP,38,54,woonfunctie,Verblijfsobject in gebruik,0361100000106878
0361010000000611,1826KG,59,10,overige gebruiksfunctie,Verblijfsobject in gebruik,0361100000040635
0361010000002554,1817HB,104,53,woonfunctie,Verblijfsobject in gebruik,0361100000028779
0361010000001060,1827DE,6,75,woonfunctie,Verblijfsobject in gebruik,0361100000042502
0361010000002092,1824EC,24,137,woonfunctie,Verblijfsobject in gebruik,0361100000025628
0361010000000224,1829EG,4,127,woonfunctie,Verblijfsobject in gebruik,0361100000020829
0361010000000612,1826KJ,60,128,woonfunctie,Verblijfsobject in gebruik,0361100000040693
0361010000000225,1829EG,4,16,overige gebruiksfunctie,Verblijfsobject in gebruik,0361100000101056
0361010000001475,1813LP,40,65,woonfunctie,Verblijfsobject in gebruik,0361100000106878
0361010000001061,1827DE,7,75,woonfunctie,Verblijfsobject in gebruik,0361100000042505
0361010000002555,1817HB,106,53,woonfunctie,Verblijfsobject in gebruik,0361100000028779
0361010000000226,1829EG,5,93,woonfunctie,Verblijfsobject in gebruik,0361100000021445
0361010000002094,1824EC,26,137,woonfunctie,Verblijfsobject in gebruik,0361100000025627
0361010000001062,1827DE,8,75,woonfunctie,Verblijfsobject in gebruik,0361100000042509
0361010000002969,1825LM,17,95,woonfunctie,Verblijfsobject in gebruik,0361100000041837
0361010000000614,1826KJ,62,145,woonfunctie,Verblijfsobject in gebruik,0361100000040694
0361010000001476,1813LP,42,65,woonfunctie,Verblijfsobject in gebruik,0361100000106878
0361010000000615,1826KJ,62,17,overige gebruiksfunctie,Verblijfsobject in gebruik,0361100000040695
0361010000001063,1827DE,9,75,woonfunctie,Verblijfsobject in gebruik,0361100000042510
0361010000002970,1825LP,18,82,woonfunctie,Verblijfsobject in gebruik,0361100000042419
0361010000002556,1817HC,108,53,woonfunctie,Verblijfsobject in gebruik,0361100000028785
0361010000000616,1826KJ,62,17,overige gebruiksfunctie,Verblijfsobject in gebruik,0361100000040696
0361010000000617,1826KJ,62,17,overige gebruiksfunctie,Verblijfsobject in gebruik,0361100000040697
0361010000000227,1829EG,6,117,woonfunctie,Verblijfsobject in gebruik,0361100000020828
0361010000002096,1824EC,28,137,woonfunctie,Verblijfsobject in gebruik,0361100000025624
0361010000001064,1827DE,10,75,woonfunctie,Verblijfsobject in gebruik,0361100000042514
0361010000001477,1813LP,44,65,woonfunctie,Verblijfsobject in gebruik,0361100000106878
0361010000000618,1826KJ,62,17,overige gebruiksfunctie,Verblijfsobject in gebruik,0361100000040698
0361010000002971,1825LM,19,95,woonfunctie,Verblijfsobject in gebruik,0361100000041840
0361010000000228,1829EG,6,16,overige gebruiksfunctie,Verblijfsobject in gebruik,0361100000101057
0361010000002557,1817HC,110,53,woonfunctie,Verblijfsobject in gebruik,0361100000028785
0361010000001065,1827DE,11,75,woonfunctie,Verblijfsobject in gebruik,0361100000042809
0361010000000619,1826KG,63,107,woonfunctie,Verblijfsobject in gebruik,0361100000040637
0361010000000229,1829EG,7,93,woonfunctie,Verblijfsobject in gebruik,0361100000021424
0361010000001478,1813LP,46,65,woonfunctie,Verblijfsobject in gebruik,0361100000106878
0361010000002972,1825LP,20,96,woonfunctie,Verblijfsobject in gebruik,0361100000103360
0361010000001066,1827DE,12,78,woonfunctie,Verblijfsobject in gebruik,0361100000042810
0361010000000620,1826KG,65,107,woonfunctie,Verblijfsobject in gebruik,0361100000040638
0361010000002558,1817HC,112,53,woonfunctie,Verblijfsobject in gebruik,0361100000028785
0361010000001067,1827DE,13,75,woonfunctie,Verblijfsobject in gebruik,0361100000042811
0361010000002973,1825LM,21,70,woonfunctie,Verblijfsobject in gebruik,0361100000103361
0361010000001479,1813LP,48,65,woonfunctie,Verblijfsobject in gebruik,0361100000106878
0361010000000621,1826KG,67,107,woonfunctie,Verblijfsobject in gebruik,0361100000040640
0361010000000231,1829EG,8,16,overige gebruiksfunctie,Verblijfsobject in gebruik,0361100000101058
0361010000002100,1824EC,32,137,woonfunctie,Verblijfsobject in gebruik,0361100000102724
0361010000001068,1827DE,14,75,woonfunctie,Verblijfsobject in gebruik,0361100000103422
0361010000002974,1825LP,22,98,woonfunctie,Verblijfsobject in gebruik,0361100000042420
0361010000002559,1817HC,114,53,woonfunctie,Verblijfsobject in gebruik,0361100000028785
0361010000000622,1826KG,69,107,woonfunctie,Verblijfsobject in gebruik,0361100000040641
0361010000000232,1829EG,9,93,woonfunctie,Verblijfsobject in gebruik,0361100000100988
0361010000001480,1813LP,50,65,woonfunctie,Verblijfsobject in gebruik,0361100000106878
0361010000000233,1829EG,10,16,overige gebruiksfunctie,Verblijfsobject in gebruik,0361100000101059
0361010000001069,1827DE,15,75,woonfunctie,Verblijfsobject in gebruik,0361100000103423
0361010000002102,1824EC,34,137,woonfunctie,Verblijfsobject in gebruik,0361100000025617
0361010000002560,1817HC,116,53,woonfunctie,Verblijfsobject in gebruik,0361100000028785
0361010000000234,1829EG,11,93,woonfunctie,Verblijfsobject in gebruik,0361100000021423
0361010000001070,1827DE,16,75,woonfunctie,Verblijfsobject in gebruik,0361100000042821
0361010000002976,1825LP,24,98,woonfunctie,Verblijfsobject in gebruik,0361100000042421
0361010000001481,1813LP,52,65,woonfunctie,Verblijfsobject in gebruik,0361100000106878
0361010000000235,1829EG,12,16,overige gebruiksfunctie,Verblijfsobject in gebruik,0361100000101060
0361010000000624,1826KJ,72,59,woonfunctie,Verblijfsobject in gebruik,0361100000040907
0361010000001071,1827DE,17,75,woonfunctie,Verblijfsobject in gebruik,0361100000042823
0361010000002977,1825LM,25,82,woonfunctie,Verblijfsobject in gebruik,0361100000042596
0361010000000236,1829EG,13,93,woonfunctie,Verblijfsobject in gebruik,0361100000021352
0361010000002561,1817HC,118,53,woonfunctie,Verblijfsobject in gebruik,0361100000028785
0361010000002104,1824EC,36,137,woonfunctie,Verblijfsobject in gebruik,0361100000025616
0361010000001482,1813LP,54,65,woonfunctie,Verblijfsobject in gebruik,0361100000106878
0361010000000237,1829EG,14,16,overige gebruiksfunctie,Verblijfsobject in gebruik,0361100000101061
0361010000001072,1827DE,18,75,woonfunctie,Verblijfsobject in gebruik,0361100000042824
0361010000001483,1813LP,56,18,overige gebruiksfunctie,Verblijfsobject in gebruik,0361100000106878
0361010000000625,1826KJ,74,48,woonfunctie,Verblijfsobject in gebruik,0361100000040907
0361010000001484,1813LP,58,18,overige gebruiksfunctie,Verblijfsobject in gebruik,0361100000000474
0361010000002978,1825LP,26,96,woonfunctie,Verblijfsobject in gebruik,0361100000042424
0361010000001073,1827DE,19,75,woonfunctie,Verblijfsobject in gebruik,0361100000103424
0361010000002562,1817HC,120,53,woonfunctie,Verblijfsobject in gebruik,0361100000028788
0361010000002106,1824EC,38,137,woonfunctie,Verblijfsobject in gebruik,0361100000102725
0361010000002979,1825LM,27,82,woonfunctie,Verblijfsobject in gebruik,0361100000042597
0361010000001074,1827DE,20,75,woonfunctie,Verblijfsobject in gebruik,0361100000042828
0361010000000626,1826KJ,76,39,woonfunctie,Verblijfsobject in gebruik,0361100000040907
0361010000001485,1813LP,60,54,woonfunctie,Verblijfsobject in gebruik,0361100000000474
0361010000002563,1817HC,122,53,woonfunctie,Verblijfsobject in gebruik,0361100000028788
0361010000001075,1827DE,21,75,woonfunctie,Verblijfsobject in gebruik,0361100000042833
0361010000000627,1826KJ,78,45,woonfunctie,Verblijfsobject in gebruik,0361100000040907
0361010000002980,1825LP,28,96,woonfunctie,Verblijfsobject in gebruik,0361100000042426
0361010000002108,1824ED,40,137,woonfunctie,Verblijfsobject in gebruik,0361100000025167
0361010000001486,1813LP,62,65,woonfunctie,Verblijfsobject in gebruik,0361100000000474
0361010000001076,1827DG,22,78,woonfunctie,Verblijfsobject in gebruik,0361100000103521
0361010000000239,1829EG,16,16,overige gebruiksfunctie,Verblijfsobject in gebruik,0361100000101062
0361010000002564,1817HC,124,53,woonfunctie,Verblijfsobject in gebruik,0361100000028788
0361010000000628,1826KJ,80,39,woonfunctie,Verblijfsobject in gebruik,0361100000040907
0361010000002981,1825LM,29,93,woonfunctie,Verblijfsobject in gebruik,0361100000042602
0361010000001077,1827DG,23,78,woonfunctie,Verblijfsobject in gebruik,0361100000103521
0361010000000240,1829EG,17,93,woonfunctie,Verblijfsobject in gebruik,0361100000021351
0361010000001487,1813LP,64,65,woonfunctie,Verblijfsobject in gebruik,0361100000000474
0361010000000242,1829EG,18,16,overige gebruiksfunctie,Verblijfsobject in gebruik,0361100000101063
0361010000002110,1824ED,42,137,woonfunctie,Verblijfsobject in gebruik,0361100000102726
0361010000002565,1817HC,126,53,woonfunctie,Verblijfsobject in gebruik,0361100000028788
0361010000000629,1826KJ,82,39,woonfunctie,Verblijfsobject in gebruik,0361100000040907
0361010000002982,1825LP,30,96,woonfunctie,Verblijfsobject in gebruik,0361100000042427
0361010000001488,1813LP,66,65,woonfunctie,Verblijfsobject in gebruik,0361100000000474
0361010000001079,1827DG,25,95,woonfunctie,Verblijfsobject in gebruik,0361100000042835
0361010000002983,1825LM,31,93,woonfunctie,Verblijfsobject in gebruik,0361100000042603
0361010000002566,1817HC,128,53,woonfunctie,Verblijfsobject in gebruik,0361100000028788
0361010000001080,1827DG,26,95,woonfunctie,Verblijfsobject in gebruik,0361100000042838
0361010000000243,1829EG,19,166,woonfunctie,Verblijfsobject in gebruik,0361100000021324
0361010000000630,1826KJ,84,39,woonfunctie,Verblijfsobject in gebruik,0361100000040907
0361010000000244,1829EG,20,16,overige gebruiksfunctie,Verblijfsobject in gebruik,0361100000101064
0361010000001489,1813LP,68,65,woonfunctie,Verblijfsobject in gebruik,0361100000000474
0361010000002112,1824ED,44,137,woonfunctie,Verblijfsobject in gebruik,0361100000025164
0361010000002984,1825LP,32,82,woonfunctie,Verblijfsobject in gebruik,0361100000042429
0361010000001081,1827DG,27,95,woonfunctie,Verblijfsobject in gebruik,0361100000042840
0361010000000631,1826KJ,86,39,woonfunctie,Verblijfsobject in gebruik,0361100000040907
0361010000002567,1817HC,130,53,woonfunctie,Verblijfsobject in gebruik,0361100000028788
0361010000002985,1825LM,33,97,woonfunctie,Verblijfsobject in gebruik,0361100000042604
0361010000001082,1827DG,28,95,woonfunctie,Verblijfsobject in gebruik,0361100000042845
0361010000000247,1829EG,22,16,overige gebruiksfunctie,Verblijfsobject in gebruik,0361100000101065
0361010000001490,1813LP,70,65,woonfunctie,Verblijfsobject in gebruik,0361100000000474
0361010000001083,1827DG,29,95,woonfunctie,Verblijfsobject in gebruik,0361100000042848
0361010000000632,1826KJ,88,39,woonfunctie,Verblijfsobject in gebruik,0361100000040907
0361010000002568,1817HC,132,53,woonfunctie,Verblijfsobject in gebruik,0361100000028794
0361010000002986,1825LM,35,93,woonfunctie,Verblijfsobject in gebruik,0361100000042607
0361010000002114,1824ED,46,148,woonfunctie,Verblijfsobject in gebruik,0361100000025162
0361010000000250,1829EG,24,16,overige gebruiksfunctie,Verblijfsobject in gebruik,0361100000101066
0361010000001491,1813LP,72,65,woonfunctie,Verblijfsobject in gebruik,0361100000000474
0361010000001084,1827DG,30,95,woonfunctie,Verblijfsobject in gebruik,0361100000042851
0361010000002987,1825LN,37,99,woonfunctie,Verblijfsobject in gebruik,0361100000042788
0361010000000633,1826KJ,90,39,woonfunctie,Verblijfsobject in gebruik,0361100000040907
0361010000001085,1827DG,31,95,woonfunctie,Verblijfsobject in gebruik,0361100000042854
0361010000002569,1817HC,134,53,woonfunctie,Verblijfsobject in gebruik,0361100000028794
0361010000001492,1813LP,74,65,woonfunctie,Verblijfsobject in gebruik,0361100000000474
0361010000002988,1825LN,39,99,woonfunctie,Verblijfsobject in gebruik,0361100000042784
0361010000002116,1824ED,48,137,woonfunctie,Verblijfsobject in gebruik,0361100000025158
0361010000001086,1827DG,32,95,woonfunctie,Verblijfsobject in gebruik,0361100000042857
0361010000000634,1826KJ,92,39,woonfunctie,Verblijfsobject in gebruik,0361100000040907
0361010000002570,1817HC,136,53,woonfunctie,Verblijfsobject in gebruik,0361100000028794
0361010000002989,1825LN,41,86,woonfunctie,Verblijfsobject in gebruik,0361100000042781
0361010000001493,1813LP,76,65,woonfunctie,Verblijfsobject in gebruik,0361100000000474
0361010000001087,1827DG,33,65,woonfunctie,Verblijfsobject in gebruik,0361100000041689
0361010000002118,1824ED,50,137,woonfunctie,Verblijfsobject in gebruik,0361100000025157
0361010000001088,1827DG,34,65,woonfunctie,Verblijfsobject in gebruik,0361100000041689
0361010000000635,1826KJ,94,39,woonfunctie,Verblijfsobject in gebruik,0361100000040907
0361010000002990,1825LN,43,86,woonfunctie,Verblijfsobject in gebruik,0361100000042779
0361010000001494,1813CR,2,57,woonfunctie,Verblijfsobject in gebruik,0361100000002452
0361010000002571,1817HC,138,53,woonfunctie,Verblijfsobject in gebruik,0361100000028794
0361010000002991,1825LN,45,82,woonfunctie,Verblijfsobject in gebruik,0361100000042777
0361010000001089,1827DG,35,63,woonfunctie,Verblijfsobject in gebruik,0361100000041689
0361010000000636,1826KJ,96,52,woonfunctie,Verblijfsobject in gebruik,0361100000040907
0361010000002572,1817HC,140,53,woonfunctie,Verblijfsobject in gebruik,0361100000028794
0361010000001495,1813CR,4,68,woonfunctie,Verblijfsobject in gebruik,0361100000002452
0361010000001090,1827DG,36,63,woonfunctie,Verblijfsobject in gebruik,0361100000041689
0361010000003491,1826DG,22,63,woonfunctie,Verblijfsobject in gebruik,0361100000034481
0361010000002992,1825LN,47,82,woonfunctie,Verblijfsobject in gebruik,0361100000042776
0361010000002573,1817HC,142,53,woonfunctie,Verblijfsobject in gebruik,0361100000028794
0361010000000637,1826KJ,98,63,woonfunctie,Verblijfsobject in gebruik,0361100000040907
0361010000002122,1824ED,54,137,woonfunctie,Verblijfsobject in gebruik,0361100000025152
0361010000001496,1813CR,6,57,woonfunctie,Verblijfsobject in gebruik,0361100000002452
0361010000001091,1827DG,37,56,woonfunctie,Verblijfsobject in gebruik,0361100000041689
0361010000000638,1826KJ,100,42,woonfunctie,Verblijfsobject in gebruik,0361100000040907
0361010000003493,1826DG,24,63,woonfunctie,Verblijfsobject in gebruik,0361100000034481
0361010000002574,1817HC,144,53,woonfunctie,Verblijfsobject in gebruik,0361100000028798
0361010000002994,1825LN,51,64,woonfunctie,Verblijfsobject in gebruik,0361100000103364
0361010000002124,1824ED,56,137,woonfunctie,Verblijfsobject in gebruik,0361100000025149
0361010000001497,1813CR,8,68,woonfunctie,Verblijfsobject in gebruik,0361100000002452
0361010000001092,1827DG,38,56,woonfunctie,Verblijfsobject in gebruik,0361100000041689
0361010000003494,1826DG,25,63,woonfunctie,Verblijfsobject in gebruik,0361100000034481
0361010000000639,1826KJ,102,42,woonfunctie,Verblijfsobject in gebruik,0361100000040907
0361010000002575,1817HC,146,53,woonfunctie,Verblijfsobject in gebruik,0361100000028798
0361010000001498,1813CR,10,57,woonfunctie,Verblijfsobject in gebruik,0361100000002452
0361010000001093,1827DG,39,65,woonfunctie,Verblijfsobject in gebruik,0361100000041688
0361010000002126,1824ED,58,137,woonfunctie,Verblijfsobject in gebruik,0361100000025148
0361010000001094,1827DG,40,65,woonfunctie,Verblijfsobject in gebruik,0361100000041688
0361010000000640,1826KJ,104,42,woonfunctie,Verblijfsobject in gebruik,0361100000040907
0361010000003496,1826DG,27,63,woonfunctie,Verblijfsobject in gebruik,0361100000034484
0361010000002576,1817HC,148,53,woonfunctie,Verblijfsobject in gebruik,0361100000028798
0361010000001499,1813CR,12,68,woonfunctie,Verblijfsobject in gebruik,0361100000002452
0361010000002997,1825LN,57,84,woonfunctie,Verblijfsobject in gebruik,0361100000042769
0361010000003497,1826DG,28,63,woonfunctie,Verblijfsobject in gebruik,0361100000034484
0361010000002128,1824ED,60,147,woonfunctie,Verblijfsobject in gebruik,0361100000024877
0361010000001095,1827DG,41,63,woonfunctie,Verblijfsobject in gebruik,0361100000041688
0361010000000641,1826KJ,106,63,woonfunctie,Verblijfsobject in gebruik,0361100000040907
0361010000002577,1817HC,150,53,woonfunctie,Verblijfsobject in gebruik,0361100000028798
0361010000001500,1813CR,14,57,woonfunctie,Verblijfsobject in gebruik,0361100000002452
0361010000002998,1825LN,59,84,woonfunctie,Verblijfsobject in gebruik,0361100000042767
0361010000001096,1827DG,42,63,woonfunctie,Verblijfsobject in gebruik,0361100000041688
0361010000000642,1826KJ,108,66,woonfunctie,Verblijfsobject in gebruik,0361100000040907
0361010000003499,1826DG,30,63,woonfunctie,Verblijfsobject in gebruik,0361100000034484
0361010000002130,1824ED,62,147,woonfunctie,Verblijfsobject in gebruik,0361100000024876
0361010000002578,1817HC,152,53,woonfunctie,Verblijfsobject in gebruik,0361100000028798
0361010000001501,1813CR,16,68,woonfunctie,Verblijfsobject in gebruik,0361100000002452
0361010000002999,1825LN,61,93,woonfunctie,Verblijfsobject in gebruik,0361100000042765
0361010000001097,1827DG,43,56,woonfunctie,Verblijfsobject in gebruik,0361100000041688
0361010000000643,1826KJ,110,36,woonfunctie,Verblijfsobject in gebruik,0361100000040907
0361010000003500,1826DG,31,63,woonfunctie,Verblijfsobject in gebruik,0361100000034484
0361010000002579,1817HC,154,53,woonfunctie,Verblijfsobject in gebruik,0361100000028798
0361010000001502,1813CR,18,57,woonfunctie,Verblijfsobject in gebruik,0361100000002449
0361010000002580,1817JC,2,15,overige gebruiksfunctie,Verblijfsobject in gebruik,0361100000029870
0361010000003000,1825LN,63,93,woonfunctie,Verblijfsobject in gebruik,0361100000103344
0361010000002132,1824ED,64,137,woonfunctie,Verblijfsobject in gebruik,0361100000024874
0361010000000644,1826KJ,112,36,woonfunctie,Verblijfsobject in gebruik,0361100000040907
0361010000001098,1827DG,44,56,woonfunctie,Verblijfsobject in gebruik,0361100000041688
0361010000001503,1813CR,20,68,woonfunctie,Verblijfsobject in gebruik,0361100000002449
0361010000003502,1826DG,34,89,woonfunctie,Verblijfsobject in gebruik,0361100000034489
0361010000003001,1825LN,65,93,woonfunctie,Verblijfsobject in gebruik,0361100000042759
0361010000001099,1827DH,45,57,woonfunctie,Verblijfsobject in gebruik,0361100000041687
0361010000002581,1817JL,35,46,woonfunctie,Verblijfsobject in gebruik,0361100000029181
0361010000002134,1824ED,66,137,woonfunctie,Verblijfsobject in gebruik,0361100000102705
0361010000001504,1813CR,22,57,woonfunctie,Verblijfsobject in gebruik,0361100000002449
0361010000000645,1826KJ,114,36,woonfunctie,Verblijfsobject in gebruik,0361100000040907
0361010000003002,1825LN,67,95,woonfunctie,Verblijfsobject in gebruik,0361100000042758
0361010000004032,1827BB,18,54,woonfunctie,Verblijfsobject in gebruik,0361100000042611
0361010000003503,1826DG,35,139,woonfunctie,Verblijfsobject in gebruik,0361100000034489
0361010000001100,1827DH,46,63,woonfunctie,Verblijfsobject in gebruik,0361100000041687
0361010000003504,1826DG,36,89,woonfunctie,Verblijfsobject in gebruik,0361100000034489
0361010000001505,1813CR,24,68,woonfunctie,Verblijfsobject in gebruik,0361100000002449
0361010000000646,1826KJ,116,55,woonfunctie,Verblijfsobject in gebruik,0361100000040907
0361010000003003,1815EA,1,150,woonfunctie,Verblijfsobject in gebruik,0361100000013511
0361010000002136,1824ED,68,137,woonfunctie,Verblijfsobject in gebruik,0361100000024873
0361010000002582,1817JL,37,116,woonfunctie,Verblijfsobject in gebruik,0361100000029181
0361010000004033,1827BB,19,54,woonfunctie,Verblijfsobject in gebruik,0361100000042611
0361010000001101,1827DH,47,56,woonfunctie,Verblijfsobject in gebruik,0361100000041687
0361010000000647,1826KJ,118,57,woonfunctie,Verblijfsobject in gebruik,0361100000040907
0361010000003004,1815EA,2,140,woonfunctie,Verblijfsobject in gebruik,0361100000014022
0361010000003517,1813BK,22,40,woonfunctie,Verblijfsobject in gebruik,0361100000001971
0361010000001506,1813CR,26,57,woonfunctie,Verblijfsobject in gebruik,0361100000002449
0361010000004034,1827BB,20,54,woonfunctie,Verblijfsobject in gebruik,0361100000042611
0361010000003005,1815EA,4,132,woonfunctie,Verblijfsobject in gebruik,0361100000014023
0361010000002138,1824ED,70,137,woonfunctie,Verblijfsobject in gebruik,0361100000024872
0361010000003518,1813BK,24,45,woonfunctie,Verblijfsobject in gebruik,0361100000001971
0361010000002583,1817JL,39,65,woonfunctie,Verblijfsobject in gebruik,0361100000029181
0361010000001102,1827DH,48,56,woonfunctie,Verblijfsobject in gebruik,0361100000041687
0361010000003006,1815EA,6,113,woonfunctie,Verblijfsobject in gebruik,0361100000100602
0361010000004035,1827BB,21,54,woonfunctie,Verblijfsobject in gebruik,0361100000042611
0361010000001103,1827DH,49,65,woonfunctie,Verblijfsobject in gebruik,0361100000041686
0361010000002140,1824ED,72,148,woonfunctie,Verblijfsobject in gebruik,0361100000024871
0361010000003007,1815EA,8,121,woonfunctie,Verblijfsobject in gebruik,0361100000014026
0361010000001104,1827DH,50,65,woonfunctie,Verblijfsobject in gebruik,0361100000041686
0361010000003008,1815EA,10,112,woonfunctie,Verblijfsobject in gebruik,0361100000014029
0361010000004036,1827BB,22,54,woonfunctie,Verblijfsobject in gebruik,0361100000042611
0361010000000648,1826KJ,120,33,woonfunctie,Verblijfsobject in gebruik,0361100000040907
0361010000001507,1813CR,28,68,woonfunctie,Verblijfsobject in gebruik,0361100000002449
0361010000002142,1824ED,74,147,woonfunctie,Verblijfsobject in gebruik,0361100000024868
0361010000003009,1815EA,12,113,woonfunctie,Verblijfsobject in gebruik,0361100000014035
0361010000001105,1827DH,51,63,woonfunctie,Verblijfsobject in gebruik,0361100000041686
0361010000003519,1813BK,26,40,woonfunctie,Verblijfsobject in gebruik,0361100000001971
0361010000004037,1827BB,23,54,woonfunctie,Verblijfsobject in gebruik,0361100000042611
0361010000000649,1826KJ,122,42,woonfunctie,Verblijfsobject in gebruik,0361100000040907
0361010000001508,1813CR,30,57,woonfunctie,Verblijfsobject in gebruik,0361100000002449
0361010000001106,1827DH,52,63,woonfunctie,Verblijfsobject in gebruik,0361100000041686
0361010000002584,1817JL,41,118,woonfunctie,Verblijfsobject in gebruik,0361100000029181
0361010000003520,1813BK,28,45,woonfunctie,Verblijfsobject in gebruik,0361100000001971
0361010000004038,1827BB,24,54,woonfunctie,Verblijfsobject in gebruik,0361100000042611
0361010000003010,1815EA,14,166,woonfunctie,Verblijfsobject in gebruik,0361100000014259
0361010000000650,1826KJ,124,70,woonfunctie,Verblijfsobject in gebruik,0361100000040907
0361010000001509,1813CR,32,68,woonfunctie,Verblijfsobject in gebruik,0361100000002449
0361010000001107,1827DH,53,56,woonfunctie,Verblijfsobject in gebruik,0361100000041686
0361010000003521,1813BK,30,40,woonfunctie,Verblijfsobject in gebruik,0361100000001971
0361010000002146,1824ED,78,137,woonfunctie,Verblijfsobject in gebruik,0361100000024867
0361010000004039,1827BB,25,54,woonfunctie,Verblijfsobject in gebruik,0361100000042611
0361010000002585,1817JL,43,82,woonfunctie,Verblijfsobject in gebruik,0361100000029181
0361010000000651,1826KJ,126,40,woonfunctie,Verblijfsobject in gebruik,0361100000040907
0361010000001510,1813CR,34,57,woonfunctie,Verblijfsobject in gebruik,0361100000002448
0361010000003522,1813BK,32,45,woonfunctie,Verblijfsobject in gebruik,0361100000001971
0361010000001108,1827DH,54,56,woonfunctie,Verblijfsobject in gebruik,0361100000041686
0361010000003012,1815EA,18,112,woonfunctie,Verblijfsobject in gebruik,0361100000014261
0361010000004040,1827BB,26,54,woonfunctie,Verblijfsobject in gebruik,0361100000042611
0361010000001109,1827DH,55,65,woonfunctie,Verblijfsobject in gebruik,0361100000041685
0361010000002148,1824ED,80,137,woonfunctie,Verblijfsobject in gebruik,0361100000024866
0361010000000652,1826KJ,128,61,woonfunctie,Verblijfsobject in gebruik,0361100000040907
0361010000001511,1813CR,36,68,woonfunctie,Verblijfsobject in gebruik,0361100000002448
0361010000003523,1813BK,34,40,woonfunctie,Verblijfsobject in gebruik,0361100000001971
0361010000002586,1817JL,45,46,woonfunctie,Verblijfsobject in gebruik,0361100000029181
0361010000001110,1827DH,56,62,woonfunctie,Verblijfsobject in gebruik,0361100000041685
0361010000004041,1827BB,27,54,woonfunctie,Verblijfsobject in gebruik,0361100000042611
0361010000000653,1826KJ,130,36,woonfunctie,Verblijfsobject in gebruik,0361100000040907
0361010000003524,1813BK,36,45,woonfunctie,Verblijfsobject in gebruik,0361100000001971
0361010000001512,1813CR,38,57,woonfunctie,Verblijfsobject in gebruik,0361100000002448
0361010000002150,1824ED,82,137,woonfunctie,Verblijfsobject in gebruik,0361100000024864
0361010000001111,1827DH,57,63,woonfunctie,Verblijfsobject in gebruik,0361100000041685
0361010000004042,1827BB,28,54,woonfunctie,Verblijfsobject in gebruik,0361100000042611
0361010000002587,1817JL,47,46,woonfunctie,Verblijfsobject in gebruik,0361100000029181
0361010000000654,1826KJ,132,36,woonfunctie,Verblijfsobject in gebruik,0361100000040907
0361010000001513,1813CR,40,68,woonfunctie,Verblijfsobject in gebruik,0361100000002448
0361010000003525,1813BK,38,40,woonfunctie,Verblijfsobject in gebruik,0361100000001971
0361010000001112,1827DH,58,63,woonfunctie,Verblijfsobject in gebruik,0361100000041685
0361010000000655,1827KA,1,137,woonfunctie,Verblijfsobject in gebruik,0361100000045291
0361010000004043,1827BB,29,54,woonfunctie,Verblijfsobject in gebruik,0361100000042611
0361010000003526,1813BK,40,45,woonfunctie,Verblijfsobject in gebruik,0361100000001971
0361010000001514,1813CR,42,57,woonfunctie,Verblijfsobject in gebruik,0361100000002448
0361010000002588,1817JL,49,116,woonfunctie,Verblijfsobject in gebruik,0361100000029181
0361010000001113,1827DH,59,56,woonfunctie,Verblijfsobject in gebruik,0361100000041685
0361010000002154,1824ED,86,137,woonfunctie,Verblijfsobject in gebruik,0361100000102707
0361010000004044,1827BB,30,54,woonfunctie,Verblijfsobject in gebruik,0361100000042611
0361010000003527,1813BK,42,40,woonfunctie,Verblijfsobject in gebruik,0361100000001971
0361010000001515,1813CR,44,68,woonfunctie,Verblijfsobject in gebruik,0361100000002448
0361010000000656,1827KA,2,112,woonfunctie,Verblijfsobject in gebruik,0361100000045289
0361010000001114,1827DH,60,56,woonfunctie,Verblijfsobject in gebruik,0361100000041685
0361010000003528,1813BK,44,45,woonfunctie,Verblijfsobject in gebruik,0361100000001971
0361010000002589,1817JL,51,46,woonfunctie,Verblijfsobject in gebruik,0361100000029181
0361010000004045,1827BB,31,54,woonfunctie,Verblijfsobject in gebruik,0361100000042611
0361010000002156,1824ED,88,137,woonfunctie,Verblijfsobject in gebruik,0361100000102708
0361010000001115,1827DH,61,65,woonfunctie,Verblijfsobject in gebruik,0361100000041684
0361010000000657,1827KA,3,108,woonfunctie,Verblijfsobject in gebruik,0361100000045288
0361010000001516,1813CR,46,57,woonfunctie,Verblijfsobject in gebruik,0361100000002448
0361010000003019,1825PT,6,111,woonfunctie,Verblijfsobject in gebruik,0361100000036073
0361010000004046,1827BB,32,54,woonfunctie,Verblijfsobject in gebruik,0361100000042611
0361010000001116,1827DH,62,65,woonfunctie,Verblijfsobject in gebruik,0361100000041684
0361010000000658,1827KA,4,98,woonfunctie,Verblijfsobject in gebruik,0361100000045285
0361010000003529,1813BK,46,40,woonfunctie,Verblijfsobject in gebruik,0361100000001970
0361010000002158,1824EE,90,133,woonfunctie,Verblijfsobject in gebruik,0361100000025131
0361010000001517,1813CR,48,68,woonfunctie,Verblijfsobject in gebruik,0361100000002448
0361010000001518,1813CS,50,16,overige gebruiksfunctie,Verblijfsobject in gebruik,0361100000002214
0361010000000659,1827KA,5,98,woonfunctie,Verblijfsobject in gebruik,0361100000103660
0361010000003530,1813BK,48,45,woonfunctie,Verblijfsobject in gebruik,0361100000001970
0361010000002590,1817JL,53,112,woonfunctie,Verblijfsobject in gebruik,0361100000029181
0361010000001117,1827DH,63,63,woonfunctie,Verblijfsobject in gebruik,0361100000041684
0361010000004047,1827BB,33,54,woonfunctie,Verblijfsobject in gebruik,0361100000042611
0361010000001519,1813CS,52,59,woonfunctie,Verblijfsobject in gebruik,0361100000002211
0361010000000660,1827KA,6,98,woonfunctie,Verblijfsobject in gebruik,0361100000045282
0361010000002160,1824EE,92,133,woonfunctie,Verblijfsobject in gebruik,0361100000025132
0361010000003531,1813BK,50,40,woonfunctie,Verblijfsobject in gebruik,0361100000001970
0361010000001520,1813CS,54,59,woonfunctie,Verblijfsobject in gebruik,0361100000002211
0361010000004048,1827BB,34,54,woonfunctie,Verblijfsobject in gebruik,0361100000042611
0361010000000661,1827KA,7,98,woonfunctie,Verblijfsobject in gebruik,0361100000045280
0361010000001118,1827DH,64,63,woonfunctie,Verblijfsobject in gebruik,0361100000041684
0361010000002591,1817JL,55,82,woonfunctie,Verblijfsobject in gebruik,0361100000029181
0361010000001521,1813CS,56,59,woonfunctie,Verblijfsobject in gebruik,0361100000002211
0361010000003532,1813BK,52,45,woonfunctie,Verblijfsobject in gebruik,0361100000001970
0361010000000662,1827KA,8,98,woonfunctie,Verblijfsobject in gebruik,0361100000045277
0361010000002162,1824EE,94,133,woonfunctie,Verblijfsobject in gebruik,0361100000025133
0361010000004049,1827BB,35,54,woonfunctie,Verblijfsobject in gebruik,0361100000042611
0361010000001119,1827DH,65,56,woonfunctie,Verblijfsobject in gebruik,0361100000041684
0361010000001522,1813CS,58,59,woonfunctie,Verblijfsobject in gebruik,0361100000002211
0361010000000663,1827KA,9,98,woonfunctie,Verblijfsobject in gebruik,0361100000045276
0361010000004582,1816XG,66,74,woonfunctie,Verblijfsobject in gebruik,0361100000101969
0361010000003533,1813BK,54,40,woonfunctie,Verblijfsobject in gebruik,0361100000001970
0361010000002592,1817JL,57,46,woonfunctie,Verblijfsobject in gebruik,0361100000029181
0361010000001523,1813CS,60,59,woonfunctie,Verblijfsobject in gebruik,0361100000002211
0361010000000664,1827KA,10,98,woonfunctie,Verblijfsobject in gebruik,0361100000045275
0361010000004050,1827BB,36,54,woonfunctie,Verblijfsobject in gebruik,0361100000042611
0361010000002164,1824EE,96,134,woonfunctie,Verblijfsobject in gebruik,0361100000025134
0361010000001120,1827DH,66,56,woonfunctie,Verblijfsobject in gebruik,0361100000041684
0361010000004583,1816XG,67,65,woonfunctie,Verblijfsobject in gebruik,0361100000101969
0361010000003534,1813BK,56,45,woonfunctie,Verblijfsobject in gebruik,0361100000001970
0361010000001524,1813CS,62,59,woonfunctie,Verblijfsobject in gebruik,0361100000002211
0361010000000665,1827KA,11,109,woonfunctie,Verblijfsobject in gebruik,0361100000103661
0361010000004584,1816XG,68,74,woonfunctie,Verblijfsobject in gebruik,0361100000101969
0361010000001121,1827DJ,67,63,woonfunctie,Verblijfsobject in gebruik,0361100000041683
0361010000004051,1827BB,37,54,woonfunctie,Verblijfsobject in gebruik,0361100000042611
0361010000001525,1813CS,64,59,woonfunctie,Verblijfsobject in gebruik,0361100000002211
0361010000002593,1817JL,59,46,woonfunctie,Verblijfsobject in gebruik,0361100000029181
0361010000002166,1824EE,98,134,woonfunctie,Verblijfsobject in gebruik,0361100000102709
0361010000000666,1827KA,12,159,woonfunctie,Verblijfsobject in gebruik,0361100000045465
0361010000004585,1816XG,69,65,woonfunctie,Verblijfsobject in gebruik,0361100000101969
0361010000003535,1813BK,58,40,woonfunctie,Verblijfsobject in gebruik,0361100000001970
0361010000001526,1813CS,66,59,woonfunctie,Verblijfsobject in gebruik,0361100000002211
0361010000004052,1827BB,38,54,woonfunctie,Verblijfsobject in gebruik,0361100000042611
0361010000001122,1827DJ,68,63,woonfunctie,Verblijfsobject in gebruik,0361100000041683
0361010000004586,1816XG,70,74,woonfunctie,Verblijfsobject in gebruik,0361100000101969
0361010000001527,1813CS,68,59,woonfunctie,Verblijfsobject in gebruik,0361100000002211
0361010000003536,1813BK,60,45,woonfunctie,Verblijfsobject in gebruik,0361100000001970
0361010000002594,1817JL,61,116,woonfunctie,Verblijfsobject in gebruik,0361100000029181
0361010000000667,1827KA,13,186,woonfunctie,Verblijfsobject in gebruik,0361100000045464
0361010000004587,1816XG,71,101,woonfunctie,Verblijfsobject in gebruik,0361100000101970
0361010000001528,1813CS,70,59,woonfunctie,Verblijfsobject in gebruik,0361100000002211
0361010000002168,1824EE,100,134,woonfunctie,Verblijfsobject in gebruik,0361100000025135
0361010000004588,1816XG,72,110,woonfunctie,Verblijfsobject in gebruik,0361100000101970
0361010000003537,1813BK,62,40,woonfunctie,Verblijfsobject in gebruik,0361100000001966
0361010000001529,1813CS,72,59,woonfunctie,Verblijfsobject in gebruik,0361100000002211
0361010000002169,1824EE,102,134,woonfunctie,Verblijfsobject in gebruik,0361100000025136
0361010000002595,1817JL,63,46,woonfunctie,Verblijfsobject in gebruik,0361100000029181
0361010000000668,1827KA,14,163,woonfunctie,Verblijfsobject in gebruik,0361100000045366
0361010000004589,1816XG,73,65,woonfunctie,Verblijfsobject in gebruik,0361100000101970
0361010000003538,1813BK,64,45,woonfunctie,Verblijfsobject in gebruik,0361100000001966
0361010000004053,1827BB,39,54,woonfunctie,Verblijfsobject in gebruik,0361100000042611
0361010000001530,1813CS,74,59,woonfunctie,Verblijfsobject in gebruik,0361100000002211
0361010000001123,1827DJ,69,56,woonfunctie,Verblijfsobject in gebruik,0361100000041683
0361010000002170,1824EE,104,134,woonfunctie,Verblijfsobject in gebruik,0361100000025138
0361010000004590,1816XG,74,74,woonfunctie,Verblijfsobject in gebruik,0361100000101970
0361010000004054,1827BC,40,76,woonfunctie,Verblijfsobject in gebruik,0361100000042743
0361010000001531,1813CS,76,59,woonfunctie,Verblijfsobject in gebruik,0361100000002211
0361010000002171,1824EE,106,134,woonfunctie,Verblijfsobject in gebruik,0361100000025139
0361010000001124,1827DJ,70,56,woonfunctie,Verblijfsobject in gebruik,0361100000041683
0361010000004591,1816XG,75,65,woonfunctie,Verblijfsobject in gebruik,0361100000101970
0361010000001532,1813CS,78,59,woonfunctie,Verblijfsobject in gebruik,0361100000002211
0361010000004055,1827BC,41,76,woonfunctie,Verblijfsobject in gebruik,0361100000042741
0361010000002172,1824EE,108,134,woonfunctie,Verblijfsobject in gebruik,0361100000025140
0361010000002596,1817JL,65,112,woonfunctie,Verblijfsobject in gebruik,0361100000029181
0361010000003539,1813BK,66,40,woonfunctie,Verblijfsobject in gebruik,0361100000001966
0361010000001125,1827DJ,71,65,woonfunctie,Verblijfsobject in gebruik,0361100000041682
0361010000004592,1816XG,76,74,woonfunctie,Verblijfsobject in gebruik,0361100000101970
0361010000000670,1827KA,16,133,woonfunctie,Verblijfsobject in gebruik,0361100000045588
0361010000001533,1813CS,80,59,woonfunctie,Verblijfsobject in gebruik,0361100000002211
0361010000004056,1827BC,42,76,woonfunctie,Verblijfsobject in gebruik,0361100000042736
0361010000002173,1824EE,110,134,woonfunctie,Verblijfsobject in gebruik,0361100000025142
0361010000001126,1827DJ,72,65,woonfunctie,Verblijfsobject in gebruik,0361100000041682
0361010000003036,1822AA,1,305,bijeenkomstfunctie,Verblijfsobject in gebruik,0361100000025063
0361010000004593,1816XG,77,65,woonfunctie,Verblijfsobject in gebruik,0361100000101970
0361010000003540,1813BK,68,45,woonfunctie,Verblijfsobject in gebruik,0361100000001966
0361010000004057,1827BC,43,76,woonfunctie,Verblijfsobject in gebruik,0361100000042735
0361010000000671,1827KA,18,122,woonfunctie,Verblijfsobject in gebruik,0361100000045649
0361010000002174,1824EE,112,134,woonfunctie,Verblijfsobject in gebruik,0361100000025143
0361010000004594,1816XG,78,74,woonfunctie,Verblijfsobject in gebruik,0361100000101970
0361010000002597,1817JL,67,82,woonfunctie,Verblijfsobject in gebruik,0361100000029181
0361010000004058,1827BC,44,76,woonfunctie,Verblijfsobject in gebruik,0361100000042732
0361010000000672,1827KA,19,120,woonfunctie,Verblijfsobject in gebruik,0361100000045650
0361010000001127,1827DJ,73,63,woonfunctie,Verblijfsobject in gebruik,0361100000041682
0361010000003541,1813BL,70,40,woonfunctie,Verblijfsobject in gebruik,0361100000001966
0361010000002175,1824EE,114,133,woonfunctie,Verblijfsobject in gebruik,0361100000025144
0361010000004595,1827BT,1,104,woonfunctie,Verblijfsobject in gebruik,0361100000043983
0361010000000673,1827KA,20,122,woonfunctie,Verblijfsobject in gebruik,0361100000045761
0361010000004059,1827BC,45,77,woonfunctie,Verblijfsobject in gebruik,0361100000042727
0361010000002176,1824EE,116,133,woonfunctie,Verblijfsobject in gebruik,0361100000025145
0361010000001128,1827DJ,74,63,woonfunctie,Verblijfsobject in gebruik,0361100000041682
0361010000003542,1813BL,72,45,woonfunctie,Verblijfsobject in gebruik,0361100000001966
0361010000004596,1827BT,2,104,woonfunctie,Verblijfsobject in gebruik,0361100000043985
0361010000002598,1817JL,69,46,woonfunctie,Verblijfsobject in gebruik,0361100000029181
0361010000003037,1822AA,3,1097,sportfunctie,Verblijfsobject in gebruik,0361100000025193
0361010000002177,1824EE,118,134,woonfunctie,Verblijfsobject in gebruik,0361100000025726
0361010000003039,1822AA,5,982,sportfunctie,Verblijfsobject in gebruik,0361100000024964
0361010000004597,1827BT,3,104,woonfunctie,Verblijfsobject in gebruik,0361100000043986
0361010000004060,1827BC,46,77,woonfunctie,Verblijfsobject in gebruik,0361100000042725
0361010000000674,1827KA,21,124,woonfunctie,Verblijfsobject in gebruik,0361100000106667
0361010000001129,1827DJ,75,56,woonfunctie,Verblijfsobject in gebruik,0361100000041682
0361010000003543,1813BL,74,40,woonfunctie,Verblijfsobject in gebruik,0361100000001966
0361010000002178,1824EE,120,134,woonfunctie,Verblijfsobject in gebruik,0361100000025727
0361010000003041,1813ED,2,99,woonfunctie,Verblijfsobject in gebruik,0361100000000252
0361010000002599,1817JM,71,1046,winkelfunctie,Verblijfsobject in gebruik,0361100000029181
0361010000004598,1827BT,4,104,woonfunctie,Verblijfsobject in gebruik,0361100000043989
0361010000003544,1813BL,76,45,woonfunctie,Verblijfsobject in gebruik,0361100000001966
0361010000002179,1824EE,122,134,woonfunctie,Verblijfsobject in gebruik,0361100000025728
0361010000003042,1813ED,4,99,woonfunctie,Verblijfsobject in gebruik,0361100000000249
0361010000004061,1827BC,47,77,woonfunctie,Verblijfsobject in gebruik,0361100000042723
0361010000004599,1827BT,5,104,woonfunctie,Verblijfsobject in gebruik,0361100000043992
0361010000001130,1827DJ,76,56,woonfunctie,Verblijfsobject in gebruik,0361100000041682
0361010000002600,1817JM,73,112,gezondheidszorgfunctie,Verblijfsobject in gebruik,0361100000029181
0361010000002180,1824EE,124,134,woonfunctie,Verblijfsobject in gebruik,0361100000025729
0361010000003545,1813BL,78,42,woonfunctie,Verblijfsobject in gebruik,0361100000001880
0361010000003043,1813ED,6,99,woonfunctie,Verblijfsobject in gebruik,0361100000000245
0361010000004600,1827BT,6,104,woonfunctie,Verblijfsobject in gebruik,0361100000043993
0361010000001131,1827DJ,77,65,woonfunctie,Verblijfsobject in gebruik,0361100000041681
0361010000002181,1824EE,126,133,woonfunctie,Verblijfsobject in gebruik,0361100000025730
0361010000004062,1827BC,48,77,woonfunctie,Verblijfsobject in gebruik,0361100000042721
0361010000003044,1813ED,8,101,woonfunctie,Verblijfsobject in gebruik,0361100000000243
0361010000004601,1827BT,7,104,woonfunctie,Verblijfsobject in gebruik,0361100000043996
0361010000001132,1827DJ,78,65,woonfunctie,Verblijfsobject in gebruik,0361100000041681
0361010000003546,1813BL,80,40,woonfunctie,Verblijfsobject in gebruik,0361100000101753
0361010000002182,1824EE,128,134,woonfunctie,Verblijfsobject in gebruik,0361100000025731
0361010000003045,1813ED,10,101,woonfunctie,Verblijfsobject in gebruik,0361100000000242
0361010000002601,1817JM,75,213,bijeenkomstfunctie,Verblijfsobject in gebruik,0361100000029056
0361010000004602,1827BT,8,104,woonfunctie,Verblijfsobject in gebruik,0361100000043997
0361010000002602,1817JM,77,164,kantoorfunctie,Verblijfsobject in gebruik,0361100000029056
0361010000004063,1827BC,49,77,woonfunctie,Verblijfsobject in gebruik,0361100000043020
0361010000002183,1824EE,130,133,woonfunctie,Verblijfsobject in gebruik,0361100000025732
0361010000001133,1827DJ,79,63,woonfunctie,Verblijfsobject in gebruik,0361100000041681
0361010000003046,1813ED,12,99,woonfunctie,Verblijfsobject in gebruik,0361100000000234
0361010000003547,1813BL,82,42,woonfunctie,Verblijfsobject in gebruik,0361100000101754
0361010000002603,1817JM,79,230,kantoorfunctie,Verblijfsobject in gebruik,0361100000029056
0361010000004603,1827BT,9,104,woonfunctie,Verblijfsobject in gebruik,0361100000044000
0361010000002604,1817JM,81,73,kantoorfunctie,Verblijfsobject in gebruik,0361100000029056
0361010000002184,1824EE,132,134,woonfunctie,Verblijfsobject in gebruik,0361100000025733
0361010000003047,1813ED,14,99,woonfunctie,Verblijfsobject in gebruik,0361100000101691
0361010000002605,1817JM,83,48,winkelfunctie,Verblijfsobject in gebruik,0361100000029056
0361010000004064,1827BC,50,77,woonfunctie,Verblijfsobject in gebruik,0361100000043021
0361010000001134,1827DJ,80,63,woonfunctie,Verblijfsobject in gebruik,0361100000041681
0361010000004604,1827BT,10,104,woonfunctie,Verblijfsobject in gebruik,0361100000044001
0361010000002606,1817JM,85,80,kantoorfunctie,Verblijfsobject in gebruik,0361100000029056
0361010000003548,1813BL,84,40,woonfunctie,Verblijfsobject in gebruik,0361100000101755
0361010000002185,1824EE,134,134,woonfunctie,Verblijfsobject in gebruik,0361100000025734
0361010000003048,1813ED,16,101,woonfunctie,Verblijfsobject in gebruik,0361100000000229
0361010000004065,1827BC,51,80,woonfunctie,Verblijfsobject in gebruik,0361100000043022
0361010000004605,1827BT,11,104,woonfunctie,Verblijfsobject in gebruik,0361100000044003
0361010000002607,1817JN,99,46,woonfunctie,Verblijfsobject in gebruik,0361100000029056
0361010000002186,1824EG,136,137,woonfunctie,Verblijfsobject in gebruik,0361100000102722
0361010000003549,1813BL,86,42,woonfunctie,Verblijfsobject in gebruik,0361100000101756
0361010000003049,1813ED,18,101,woonfunctie,Verblijfsobject in gebruik,0361100000000228
0361010000001135,1827DJ,81,56,woonfunctie,Verblijfsobject in gebruik,0361100000041681
0361010000004606,1827BT,12,104,woonfunctie,Verblijfsobject in gebruik,0361100000044004
0361010000002608,1817JN,101,116,woonfunctie,Verblijfsobject in gebruik,0361100000029056
0361010000002187,1824EG,138,137,woonfunctie,Verblijfsobject in gebruik,0361100000026123
0361010000003050,1813ED,20,99,woonfunctie,Verblijfsobject in gebruik,0361100000000224
0361010000004066,1827BC,52,77,woonfunctie,Verblijfsobject in gebruik,0361100000043024
0361010000003550,1813BL,88,40,woonfunctie,Verblijfsobject in gebruik,0361100000101757
0361010000001136,1827DJ,82,56,woonfunctie,Verblijfsobject in gebruik,0361100000041681
0361010000002188,1824EG,140,137,woonfunctie,Verblijfsobject in gebruik,0361100000026124
0361010000004607,1827BT,13,104,woonfunctie,Verblijfsobject in gebruik,0361100000103392
0361010000002609,1817JN,103,46,woonfunctie,Verblijfsobject in gebruik,0361100000029056
0361010000003051,1813ED,22,101,woonfunctie,Verblijfsobject in gebruik,0361100000000221
0361010000004067,1827BC,53,77,woonfunctie,Verblijfsobject in gebruik,0361100000043026
0361010000001137,1827DJ,83,65,woonfunctie,Verblijfsobject in gebruik,0361100000041680
0361010000003551,1813BL,90,42,woonfunctie,Verblijfsobject in gebruik,0361100000101758
0361010000004608,1827BT,14,111,woonfunctie,Verblijfsobject in gebruik,0361100000103393
0361010000002189,1824EG,142,137,woonfunctie,Verblijfsobject in gebruik,0361100000026127
0361010000003052,1813ED,24,99,woonfunctie,Verblijfsobject in gebruik,0361100000000220
0361010000005084,1814JE,16,125,woonfunctie,Verblijfsobject in gebruik,0361100000003977
0361010000002610,1817JN,105,112,woonfunctie,Verblijfsobject in gebruik,0361100000029056
0361010000003552,1813BL,92,42,woonfunctie,Verblijfsobject in gebruik,0361100000101759
0361010000001138,1827DJ,84,65,woonfunctie,Verblijfsobject in gebruik,0361100000041680
0361010000002190,1824EG,144,150,woonfunctie,Verblijfsobject in gebruik,0361100000026131
0361010000004609,1827BT,15,104,woonfunctie,Verblijfsobject in gebruik,0361100000044007
0361010000004068,1827BC,54,77,woonfunctie,Verblijfsobject in gebruik,0361100000043028
0361010000003053,1816HA,1,113,woonfunctie,Verblijfsobject in gebruik,0361100000020258
0361010000002611,1817JN,107,82,woonfunctie,Verblijfsobject in gebruik,0361100000029056
0361010000002191,1824EG,146,137,woonfunctie,Verblijfsobject in gebruik,0361100000026134
0361010000003553,1813BL,94,42,woonfunctie,Verblijfsobject in gebruik,0361100000101760
0361010000004610,1827BT,16,104,woonfunctie,Verblijfsobject in gebruik,0361100000044010
0361010000001139,1827DJ,85,63,woonfunctie,Verblijfsobject in gebruik,0361100000041680
0361010000005085,1814JD,17,96,woonfunctie,Verblijfsobject in gebruik,0361100000003889
0361010000002612,1817JN,109,46,woonfunctie,Verblijfsobject in gebruik,0361100000029056
0361010000002192,1824EG,148,137,woonfunctie,Verblijfsobject in gebruik,0361100000102721
0361010000004611,1827BT,17,104,woonfunctie,Verblijfsobject in gebruik,0361100000044013
0361010000003554,1821AH,1,102,woonfunctie,Verblijfsobject in gebruik,0361100000012601
0361010000004069,1827BC,55,77,woonfunctie,Verblijfsobject in gebruik,0361100000043029
0361010000003054,1816HB,2,162,woonfunctie,Verblijfsobject in gebruik,0361100000019610
0361010000003555,1821AK,2,23,woonfunctie,Verblijfsobject in gebruik,0361100000101132
0361010000001140,1827DJ,86,63,woonfunctie,Verblijfsobject in gebruik,0361100000041680
0361010000002193,1824EG,150,137,woonfunctie,Verblijfsobject in gebruik,0361100000026136
0361010000004612,1827BT,18,104,woonfunctie,Verblijfsobject in gebruik,0361100000044016
0361010000002613,1817JN,111,46,woonfunctie,Verblijfsobject in gebruik,0361100000029056
0361010000004070,1827BC,56,77,woonfunctie,Verblijfsobject in gebruik,0361100000043031
0361010000002194,1824EG,152,137,woonfunctie,Verblijfsobject in gebruik,0361100000026137
0361010000002614,1817JN,113,116,woonfunctie,Verblijfsobject in gebruik,0361100000029056
0361010000004613,1827BT,19,104,woonfunctie,Verblijfsobject in gebruik,0361100000044017
0361010000004614,1816DC,1,17,overige gebruiksfunctie,Verblijfsobject in gebruik,0361100000102367
0361010000004071,1827BC,57,104,woonfunctie,Verblijfsobject in gebruik,0361100000043439
0361010000001141,1827DJ,87,56,woonfunctie,Verblijfsobject in gebruik,0361100000041680
0361010000003056,1816HB,4,102,woonfunctie,Verblijfsobject in gebruik,0361100000019609
0361010000002195,1824EG,154,137,woonfunctie,Verblijfsobject in gebruik,0361100000102720
0361010000002615,1817JN,115,46,woonfunctie,Verblijfsobject in gebruik,0361100000029056
0361010000003558,1821AK,6,10,overige gebruiksfunctie,Verblijfsobject in gebruik,0361100000012413
0361010000004072,1827BC,58,104,woonfunctie,Verblijfsobject in gebruik,0361100000043441
0361010000002196,1824EG,156,137,woonfunctie,Verblijfsobject in gebruik,0361100000026138
0361010000001142,1827DJ,88,56,woonfunctie,Verblijfsobject in gebruik,0361100000041680
0361010000004073,1827BC,59,104,woonfunctie,Verblijfsobject in gebruik,0361100000043442
0361010000004616,1816DC,3,118,woonfunctie,Verblijfsobject in gebruik,0361100000024458
0361010000002616,1817JN,117,112,woonfunctie,Verblijfsobject in gebruik,0361100000029056
0361010000002197,1824EG,158,137,woonfunctie,Verblijfsobject in gebruik,0361100000026139
0361010000004074,1827BC,60,104,woonfunctie,Verblijfsobject in gebruik,0361100000043444
0361010000001143,1827DK,89,63,woonfunctie,Verblijfsobject in gebruik,0361100000041679
0361010000002617,1817JN,119,82,woonfunctie,Verblijfsobject in gebruik,0361100000029056
0361010000003057,1816HA,5,129,woonfunctie,Verblijfsobject in gebruik,0361100000020256
0361010000002199,1824EG,164,307,kantoorfunctie,Verblijfsobject in gebruik,0361100000026144
0361010000003560,1821AK,8,95,woonfunctie,Verblijfsobject in gebruik,0361100000011924
0361010000004075,1827BC,61,104,woonfunctie,Verblijfsobject in gebruik,0361100000103398
0361010000004618,1816DC,5,118,woonfunctie,Verblijfsobject in gebruik,0361100000024455
0361010000002618,1817JN,121,46,woonfunctie,Verblijfsobject in gebruik,0361100000029056
0361010000003058,1816HB,6,105,woonfunctie,Verblijfsobject in gebruik,0361100000019606
0361010000001144,1827DK,90,63,woonfunctie,Verblijfsobject in gebruik,0361100000041679
0361010000004076,1827BC,62,104,woonfunctie,Verblijfsobject in gebruik,0361100000043448
0361010000002200,1826DD,1,102,woonfunctie,Verblijfsobject in gebruik,0361100000034339
0361010000005091,1814JD,23,87,woonfunctie,Verblijfsobject in gebruik,0361100000003882
0361010000003562,1821AK,10,84,woonfunctie,Verblijfsobject in gebruik,0361100000101128
0361010000002619,1817JN,123,46,woonfunctie,Verblijfsobject in gebruik,0361100000029056
0361010000003059,1816HA,7,104,woonfunctie,Verblijfsobject in gebruik,0361100000020255
0361010000004077,1827BC,63,104,woonfunctie,Verblijfsobject in gebruik,0361100000043452
0361010000004620,1816DC,7,118,woonfunctie,Verblijfsobject in gebruik,0361100000024454
0361010000001145,1827DK,91,56,woonfunctie,Verblijfsobject in gebruik,0361100000041679
0361010000002620,1817JN,125,116,woonfunctie,Verblijfsobject in gebruik,0361100000029056
0361010000002201,1826DD,2,102,woonfunctie,Verblijfsobject in gebruik,0361100000034337
0361010000004078,1827BC,64,104,woonfunctie,Verblijfsobject in gebruik,0361100000043453
0361010000002621,1817JN,127,46,woonfunctie,Verblijfsobject in gebruik,0361100000029056
0361010000003060,1816HB,8,103,woonfunctie,Verblijfsobject in gebruik,0361100000019602
0361010000005093,1814JD,25,92,woonfunctie,Verblijfsobject in gebruik,0361100000003880
0361010000001146,1827DK,92,56,woonfunctie,Verblijfsobject in gebruik,0361100000041679
0361010000002202,1826DD,3,107,woonfunctie,Verblijfsobject in gebruik,0361100000034335
0361010000004622,1816DC,9,118,woonfunctie,Verblijfsobject in gebruik,0361100000024452
0361010000001147,1827DK,93,65,woonfunctie,Verblijfsobject in gebruik,0361100000041678
0361010000002622,1817JN,129,112,woonfunctie,Verblijfsobject in gebruik,0361100000029056
0361010000004080,1822AL,220,164,woonfunctie,Verblijfsobject in gebruik,0361100000032530
0361010000003563,1821AK,12,102,woonfunctie,Verblijfsobject in gebruik,0361100000101129
0361010000004085,1822AL,208,142,industriefunctie,Verblijfsobject in gebruik,0361100000032116
0361010000005095,1814JD,27,90,woonfunctie,Verblijfsobject in gebruik,0361100000003878
0361010000002203,1826DD,4,102,woonfunctie,Verblijfsobject in gebruik,0361100000034333
0361010000001148,1827DK,94,65,woonfunctie,Verblijfsobject in gebruik,0361100000041678
0361010000002204,1826DD,5,18,kantoorfunctie,Verblijfsobject in gebruik,0361100000034385
0361010000002623,1817JN,131,82,woonfunctie,Verblijfsobject in gebruik,0361100000029056
0361010000004624,1816DC,11,118,woonfunctie,Verblijfsobject in gebruik,0361100000024451
0361010000002205,1826DD,6,99,woonfunctie,Verblijfsobject in gebruik,0361100000034384
0361010000003062,1816HB,10,112,woonfunctie,Verblijfsobject in gebruik,0361100000019599
0361010000001149,1827DK,95,63,woonfunctie,Verblijfsobject in gebruik,0361100000041678
0361010000002624,1817JN,133,46,woonfunctie,Verblijfsobject in gebruik,0361100000029056
0361010000001554,1827DB,1,90,woonfunctie,Verblijfsobject in gebruik,0361100000041400
0361010000002206,1826DD,7,99,woonfunctie,Verblijfsobject in gebruik,0361100000034381
0361010000002625,1823GN,1,100,woonfunctie,Verblijfsobject in gebruik,0361100000020741
0361010000004626,1816DC,13,118,woonfunctie,Verblijfsobject in gebruik,0361100000024449
0361010000001555,1827DB,2,75,woonfunctie,Verblijfsobject in gebruik,0361100000103417
0361010000001150,1827DK,96,63,woonfunctie,Verblijfsobject in gebruik,0361100000041678
0361010000002207,1826DD,8,92,woonfunctie,Verblijfsobject in gebruik,0361100000034379
0361010000001556,1827DB,3,102,woonfunctie,Verblijfsobject in gebruik,0361100000041395
0361010000002626,1823GN,6,73,woonfunctie,Verblijfsobject in gebruik,0361100000020220
0361010000003565,1821AK,14,90,woonfunctie,Verblijfsobject in gebruik,0361100000011922
0361010000003063,1816HA,11,140,woonfunctie,Verblijfsobject in gebruik,0361100000102078
0361010000002208,1826DD,9,90,woonfunctie,Verblijfsobject in gebruik,0361100000034377
0361010000001151,1827DK,97,56,woonfunctie,Verblijfsobject in gebruik,0361100000041678
0361010000004628,1816DC,15,118,woonfunctie,Verblijfsobject in gebruik,0361100000102338
0361010000002627,1823GN,8,99,woonfunctie,Verblijfsobject in gebruik,0361100000101359
0361010000001557,1827DB,4,75,woonfunctie,Verblijfsobject in gebruik,0361100000041557
0361010000002209,1826DD,10,77,woonfunctie,Verblijfsobject in gebruik,0361100000103144
0361010000002628,1823GN,10,107,woonfunctie,Verblijfsobject in gebruik,0361100000020218
0361010000001558,1827DB,5,90,woonfunctie,Verblijfsobject in gebruik,0361100000041394
0361010000001152,1827DK,98,56,woonfunctie,Verblijfsobject in gebruik,0361100000041678
0361010000002210,1826DD,11,109,woonfunctie,Verblijfsobject in gebruik,0361100000103145
0361010000003567,1821AK,16,75,woonfunctie,Verblijfsobject in gebruik,0361100000011920
0361010000004630,1816DC,17,135,woonfunctie,Verblijfsobject in gebruik,0361100000024448
0361010000000692,1814ME,17,70,woonfunctie,Verblijfsobject in gebruik,0361100000001225
0361010000001559,1827DB,6,75,woonfunctie,Verblijfsobject in gebruik,0361100000041554
0361010000002629,1823GN,12,99,woonfunctie,Verblijfsobject in gebruik,0361100000020216
0361010000001153,1827DK,99,62,woonfunctie,Verblijfsobject in gebruik,0361100000041677
0361010000002211,1826DD,12,90,woonfunctie,Verblijfsobject in gebruik,0361100000034098
0361010000001560,1827DB,7,90,woonfunctie,Verblijfsobject in gebruik,0361100000041392
0361010000002630,1823GN,14,99,woonfunctie,Verblijfsobject in gebruik,0361100000020215
0361010000001154,1827DK,100,65,woonfunctie,Verblijfsobject in gebruik,0361100000041677
0361010000003065,1816HA,17,131,woonfunctie,Verblijfsobject in gebruik,0361100000020248
0361010000000693,1814ME,19,70,woonfunctie,Verblijfsobject in gebruik,0361100000001225
0361010000002212,1826DD,13,90,woonfunctie,Verblijfsobject in gebruik,0361100000103146
0361010000004632,1816DC,19,118,woonfunctie,Verblijfsobject in gebruik,0361100000102337
0361010000001561,1827DB,8,75,woonfunctie,Verblijfsobject in gebruik,0361100000041552
0361010000002631,1823GN,16,73,woonfunctie,Verblijfsobject in gebruik,0361100000020219
0361010000003066,1816HB,18,125,woonfunctie,Verblijfsobject in gebruik,0361100000019594
0361010000003569,1821AK,18,92,woonfunctie,Verblijfsobject in gebruik,0361100000011916
0361010000002632,1823GN,18,10,overige gebruiksfunctie,Verblijfsobject in gebruik,0361100000020265
0361010000002213,1826DD,14,90,woonfunctie,Verblijfsobject in gebruik,0361100000034091
0361010000001562,1827DB,9,75,woonfunctie,Verblijfsobject in gebruik,0361100000041512
0361010000001155,1827DK,101,63,woonfunctie,Verblijfsobject in gebruik,0361100000041677
0361010000000694,1814ME,21,70,woonfunctie,Verblijfsobject in gebruik,0361100000001225
0361010000000695,1814ME,23,20,overige gebruiksfunctie,Verblijfsobject in gebruik,0361100000001225
0361010000005100,1814JE,32,133,woonfunctie,Verblijfsobject in gebruik,0361100000003475
0361010000002633,1823GN,24,73,woonfunctie,Verblijfsobject in gebruik,0361100000019276
0361010000000696,1814ME,25,20,overige gebruiksfunctie,Verblijfsobject in gebruik,0361100000001225
0361010000002214,1826DD,15,90,woonfunctie,Verblijfsobject in gebruik,0361100000034090
0361010000001563,1827DB,10,75,woonfunctie,Verblijfsobject in gebruik,0361100000041551
0361010000004634,1816DC,21,118,woonfunctie,Verblijfsobject in gebruik,0361100000024224
0361010000003067,1816HA,19,105,woonfunctie,Verblijfsobject in gebruik,0361100000020246
0361010000000697,1814ME,27,20,overige gebruiksfunctie,Verblijfsobject in gebruik,0361100000001225
0361010000005101,1814JD,33,105,woonfunctie,Verblijfsobject in gebruik,0361100000003661
0361010000002634,1823GN,26,102,woonfunctie,Verblijfsobject in gebruik,0361100000019275
0361010000001156,1827DK,102,63,woonfunctie,Verblijfsobject in gebruik,0361100000041677
0361010000000698,1814ME,29,20,overige gebruiksfunctie,Verblijfsobject in gebruik,0361100000001225
0361010000001564,1827DB,11,78,woonfunctie,Verblijfsobject in gebruik,0361100000041513
0361010000002215,1826DD,16,105,woonfunctie,Verblijfsobject in gebruik,0361100000034088
0361010000000699,1814ME,31,20,overige gebruiksfunctie,Verblijfsobject in gebruik,0361100000001225
0361010000000700,1814ME,33,20,overige gebruiksfunctie,Verblijfsobject in gebruik,0361100000001225
0361010000003068,1816HB,20,103,woonfunctie,Verblijfsobject in gebruik,0361100000019590
0361010000002635,1823GN,28,102,woonfunctie,Verblijfsobject in gebruik,0361100000019273
0361010000001565,1827DB,12,78,woonfunctie,Verblijfsobject in gebruik,0361100000041550
0361010000002216,1826DD,17,105,woonfunctie,Verblijfsobject in gebruik,0361100000034086
0361010000003572,1821AH,21,95,woonfunctie,Verblijfsobject in gebruik,0361100000101229
0361010000000701,1814ME,35,20,overige gebruiksfunctie,Verblijfsobject in gebruik,0361100000001225
0361010000004636,1816DC,23,118,woonfunctie,Verblijfsobject in gebruik,0361100000024222
0361010000001157,1827DK,103,56,woonfunctie,Verblijfsobject in gebruik,0361100000041677
0361010000000702,1814ME,37,20,overige gebruiksfunctie,Verblijfsobject in gebruik,0361100000001225
0361010000002636,1823GN,30,102,woonfunctie,Verblijfsobject in gebruik,0361100000019272
0361010000000703,1814ME,39,20,overige gebruiksfunctie,Verblijfsobject in gebruik,0361100000001225
0361010000002217,1826DD,18,90,woonfunctie,Verblijfsobject in gebruik,0361100000034085
0361010000001566,1827DB,13,75,woonfunctie,Verblijfsobject in gebruik,0361100000103416
0361010000003573,1821AK,22,77,woonfunctie,Verblijfsobject in gebruik,0361100000011913
0361010000005102,1814JE,34,106,woonfunctie,Verblijfsobject in gebruik,0361100000003474
0361010000000704,1814ME,41,20,overige gebruiksfunctie,Verblijfsobject in gebruik,0361100000001225
0361010000000705,1814ME,43,39,"industriefunctie,winkelfunctie",Verblijfsobject in gebruik,0361100000001225
0361010000002637,1823GN,32,99,woonfunctie,Verblijfsobject in gebruik,0361100000019271
0361010000002218,1826DD,19,90,woonfunctie,Verblijfsobject in gebruik,0361100000034082
0361010000001158,1827DK,104,56,woonfunctie,Verblijfsobject in gebruik,0361100000041677
0361010000003574,1821AH,23,94,woonfunctie,Verblijfsobject in gebruik,0361100000101228
0361010000004638,1816DC,25,118,woonfunctie,Verblijfsobject in gebruik,0361100000024218
0361010000003069,1816HA,21,123,woonfunctie,Verblijfsobject in gebruik,0361100000020245
0361010000005103,1814JD,35,116,woonfunctie,Verblijfsobject in gebruik,0361100000003660
0361010000001567,1827DB,15,76,woonfunctie,Verblijfsobject in gebruik,0361100000041515
0361010000002638,1823GN,34,73,woonfunctie,Verblijfsobject in gebruik,0361100000019270
0361010000001159,1827DK,105,65,woonfunctie,Verblijfsobject in gebruik,0361100000041676
0361010000004639,1816DC,27,121,woonfunctie,Verblijfsobject in gebruik,0361100000024217
0361010000005104,1814JE,36,97,woonfunctie,Verblijfsobject in gebruik,0361100000003473
0361010000002219,1826DD,20,77,woonfunctie,Verblijfsobject in gebruik,0361100000034057
0361010000000706,1814ME,45,70,woonfunctie,Verblijfsobject in gebruik,0361100000001225
0361010000002639,1825RT,1,327,bijeenkomstfunctie,Verblijfsobject in gebruik,0361100000035476
0361010000002640,1825RT,3,10,overige gebruiksfunctie,Verblijfsobject in gebruik,0361100000035506
0361010000001160,1827DK,106,65,woonfunctie,Verblijfsobject in gebruik,0361100000041676
0361010000002641,1822BJ,2,1403,"industriefunctie,winkelfunctie",Verblijfsobject in gebruik,0361100000027036
0361010000002220,1826DD,21,109,woonfunctie,Verblijfsobject in gebruik,0361100000034058
0361010000004640,1816DC,29,118,woonfunctie,Verblijfsobject in gebruik,0361100000024215
0361010000001568,1827DB,17,76,woonfunctie,Verblijfsobject in gebruik,0361100000041518
0361010000002642,1822BH,3,1646,"industriefunctie,winkelfunctie",Verblijfsobject in gebruik,0361100000027786
0361010000003070,1816HB,22,106,woonfunctie,Verblijfsobject in gebruik,0361100000019586
0361010000005105,1814JD,37,126,woonfunctie,Verblijfsobject in gebruik,0361100000003659
0361010000003576,1821AH,25,118,woonfunctie,Verblijfsobject in gebruik,0361100000101118
0361010000002643,1822BJ,4,10,overige gebruiksfunctie,Verblijfsobject in gebruik,0361100000027618
0361010000000707,1814ME,47,70,woonfunctie,Verblijfsobject in gebruik,0361100000001225
0361010000002221,1826DD,22,68,woonfunctie,Verblijfsobject in gebruik,0361100000034059
0361010000004641,1826BA,1,129,woonfunctie,Verblijfsobject in gebruik,0361100000033609
0361010000002644,1822BH,5,1596,winkelfunctie,Verblijfsobject in gebruik,0361100000027973
0361010000001161,1827DK,107,63,woonfunctie,Verblijfsobject in gebruik,0361100000041676
0361010000001569,1827DB,19,75,woonfunctie,Verblijfsobject in gebruik,0361100000041519
0361010000003071,1816HA,23,110,woonfunctie,Verblijfsobject in gebruik,0361100000020243
0361010000002222,1826HP,1,78,woonfunctie,Verblijfsobject in gebruik,0361100000037802
0361010000004642,1826BA,2,96,woonfunctie,Verblijfsobject in gebruik,0361100000033608
0361010000001570,1827DB,21,91,woonfunctie,Verblijfsobject in gebruik,0361100000041520
0361010000002645,1822BJ,6,1090,industriefunctie,Verblijfsobject in gebruik,0361100000027597
0361010000003577,1821AK,26,99,woonfunctie,Verblijfsobject in gebruik,0361100000011907
0361010000000708,1814ME,49,70,woonfunctie,Verblijfsobject in gebruik,0361100000001225
0361010000002223,1826HP,2,78,woonfunctie,Verblijfsobject in gebruik,0361100000037803
0361010000003072,1816HB,24,102,woonfunctie,Verblijfsobject in gebruik,0361100000019583
0361010000001162,1827DK,108,63,woonfunctie,Verblijfsobject in gebruik,0361100000041676
0361010000001571,1827DB,23,91,woonfunctie,Verblijfsobject in gebruik,0361100000041522
0361010000003578,1821AH,27,118,woonfunctie,Verblijfsobject in gebruik,0361100000101127
0361010000002224,1826HP,3,78,woonfunctie,Verblijfsobject in gebruik,0361100000037804
0361010000000709,1814ME,51,70,woonfunctie,Verblijfsobject in gebruik,0361100000001225
0361010000001572,1811HB,1,76,woonfunctie,Verblijfsobject in gebruik,0361100000105184
0361010000004643,1826BA,3,143,woonfunctie,Verblijfsobject in gebruik,0361100000033607
0361010000003073,1816HA,25,121,woonfunctie,Verblijfsobject in gebruik,0361100000020242
0361010000001163,1827DK,109,56,woonfunctie,Verblijfsobject in gebruik,0361100000041676
0361010000003579,1821AK,28,90,woonfunctie,Verblijfsobject in gebruik,0361100000011905
0361010000002646,1822BH,9,2493,"industriefunctie,winkelfunctie",Verblijfsobject in gebruik,0361100000028225
0361010000002225,1826HP,4,78,woonfunctie,Verblijfsobject in gebruik,0361100000037805
0361010000002647,1822BJ,10,707,industriefunctie,Verblijfsobject in gebruik,0361100000027807
0361010000002649,1822BH,11,1805,industriefunctie,Verblijfsobject in gebruik,0361100000028508
0361010000005107,1814JD,39,124,woonfunctie,Verblijfsobject in gebruik,0361100000003658
0361010000003580,1821AH,29,118,woonfunctie,Verblijfsobject in gebruik,0361100000101192
0361010000002226,1826HP,5,116,woonfunctie,Verblijfsobject in gebruik,0361100000037814
0361010000000710,1814ME,53,70,woonfunctie,Verblijfsobject in gebruik,0361100000001225
0361010000001573,1811HB,2,84,woonfunctie,Verblijfsobject in gebruik,0361100000105185
0361010000001164,1827DK,110,56,woonfunctie,Verblijfsobject in gebruik,0361100000041676
0361010000003074,1816HB,26,159,woonfunctie,Verblijfsobject in gebruik,0361100000019581
0361010000002650,1822BJ,12,647,industriefunctie,Verblijfsobject in gebruik,0361100000028118
0361010000004645,1826BA,5,93,woonfunctie,Verblijfsobject in gebruik,0361100000033605
0361010000002227,1826HP,6,116,woonfunctie,Verblijfsobject in gebruik,0361100000037812
0361010000001165,1827DL,111,63,woonfunctie,Verblijfsobject in gebruik,0361100000041675
0361010000002228,1826HP,7,83,woonfunctie,Verblijfsobject in gebruik,0361100000037807
0361010000002229,1826HP,8,81,woonfunctie,Verblijfsobject in gebruik,0361100000037807
0361010000005108,1814JE,40,104,woonfunctie,Verblijfsobject in gebruik,0361100000003471
0361010000001166,1827DL,112,63,woonfunctie,Verblijfsobject in gebruik,0361100000041675
0361010000002651,1822BH,13,1624,industriefunctie,Verblijfsobject in gebruik,0361100000028896
0361010000003076,1816HB,28,136,woonfunctie,Verblijfsobject in gebruik,0361100000019577
0361010000002230,1826HP,9,75,woonfunctie,Verblijfsobject in gebruik,0361100000037807
0361010000002653,1822BH,15,1530,industriefunctie,Verblijfsobject in gebruik,0361100000029110
0361010000004646,1826BA,6,117,woonfunctie,Verblijfsobject in gebruik,0361100000033242
0361010000000711,1814ME,55,70,woonfunctie,Verblijfsobject in gebruik,0361100000001225
0361010000003582,1821AH,31,121,woonfunctie,Verblijfsobject in gebruik,0361100000101193
0361010000001575,1811HB,3,64,woonfunctie,Verblijfsobject in gebruik,0361100000105184
0361010000002655,1822BH,17,1100,industriefunctie,Verblijfsobject in gebruik,0361100000029111
0361010000001167,1827DL,113,56,woonfunctie,Verblijfsobject in gebruik,0361100000041675
0361010000002231,1826HP,10,73,woonfunctie,Verblijfsobject in gebruik,0361100000037807
0361010000002656,1822BJ,18,700,industriefunctie,Verblijfsobject in gebruik,0361100000028195
0361010000004647,1826BA,7,121,woonfunctie,Verblijfsobject in gebruik,0361100000033241
0361010000001576,1811HB,5,61,woonfunctie,Verblijfsobject in gebruik,0361100000105184
0361010000002232,1826HP,11,116,woonfunctie,Verblijfsobject in gebruik,0361100000037524
0361010000000712,1814ME,57,70,woonfunctie,Verblijfsobject in gebruik,0361100000001225
0361010000003077,1816HA,29,106,woonfunctie,Verblijfsobject in gebruik,0361100000019329
0361010000002657,1822BJ,22,898,industriefunctie,Verblijfsobject in gebruik,0361100000029637
0361010000001168,1827DL,114,56,woonfunctie,Verblijfsobject in gebruik,0361100000041675
0361010000004648,1826BA,8,113,woonfunctie,Verblijfsobject in gebruik,0361100000033240
0361010000003583,1821AK,32,98,woonfunctie,Verblijfsobject in gebruik,0361100000011902
0361010000002233,1826HP,12,116,woonfunctie,Verblijfsobject in gebruik,0361100000037522
0361010000001577,1811HB,7,69,woonfunctie,Verblijfsobject in gebruik,0361100000105184
0361010000003078,1816HB,30,102,woonfunctie,Verblijfsobject in gebruik,0361100000019574
0361010000004649,1826BA,9,113,woonfunctie,Verblijfsobject in gebruik,0361100000033238
0361010000001169,1827DL,115,65,woonfunctie,Verblijfsobject in gebruik,0361100000041674
0361010000003584,1821AH,33,118,woonfunctie,Verblijfsobject in gebruik,0361100000101217
0361010000002234,1826HP,13,116,woonfunctie,Verblijfsobject in gebruik,0361100000037520
0361010000000713,1814ME,59,70,woonfunctie,Verblijfsobject in gebruik,0361100000001225
0361010000001579,1825LB,1,120,woonfunctie,Verblijfsobject in gebruik,0361100000040914
0361010000001170,1827DL,116,65,woonfunctie,Verblijfsobject in gebruik,0361100000041674
0361010000004650,1826BA,10,124,woonfunctie,Verblijfsobject in gebruik,0361100000033237
0361010000002658,1822BJ,22,133,woonfunctie,Verblijfsobject in gebruik,0361100000029637
0361010000004122,1816TR,1,15,overige gebruiksfunctie,Verblijfsobject in gebruik,0361100000015175
0361010000005110,1814JD,41,127,woonfunctie,Verblijfsobject in gebruik,0361100000003657
0361010000002235,1826HP,14,116,woonfunctie,Verblijfsobject in gebruik,0361100000037519
0361010000003079,1816HA,31,103,woonfunctie,Verblijfsobject in gebruik,0361100000019328
0361010000001580,1825LB,2,93,woonfunctie,Verblijfsobject in gebruik,0361100000040746
0361010000002659,1822BJ,24,1896,industriefunctie,Verblijfsobject in gebruik,0361100000029784
0361010000004123,1816TR,2,15,overige gebruiksfunctie,Verblijfsobject in gebruik,0361100000102170
0361010000002660,1822BH,25,4158,industriefunctie,Verblijfsobject in gebruik,0361100000029997
0361010000004124,1816TR,3,15,overige gebruiksfunctie,Verblijfsobject in gebruik,0361100000102132
0361010000000714,1814ME,61,70,woonfunctie,Verblijfsobject in gebruik,0361100000001225
0361010000002236,1826HP,15,116,woonfunctie,Verblijfsobject in gebruik,0361100000037518
0361010000002661,1822BJ,26,1083,kantoorfunctie,Verblijfsobject in gebruik,0361100000101382
0361010000001171,1827DL,117,63,woonfunctie,Verblijfsobject in gebruik,0361100000041674
0361010000004125,1816TR,4,15,overige gebruiksfunctie,Verblijfsobject in gebruik,0361100000102171
0361010000001581,1825LB,3,108,woonfunctie,Verblijfsobject in gebruik,0361100000040913
0361010000003080,1816HB,32,103,woonfunctie,Verblijfsobject in gebruik,0361100000019571
0361010000004126,1816TR,5,15,overige gebruiksfunctie,Verblijfsobject in gebruik,0361100000015174
0361010000004652,1826BA,12,122,woonfunctie,Verblijfsobject in gebruik,0361100000033232
0361010000002237,1826HP,16,116,woonfunctie,Verblijfsobject in gebruik,0361100000037517
0361010000004127,1816TR,6,15,overige gebruiksfunctie,Verblijfsobject in gebruik,0361100000102172
0361010000002662,1822BH,27,2881,industriefunctie,Verblijfsobject in gebruik,0361100000030386
0361010000001582,1825LB,4,109,woonfunctie,Verblijfsobject in gebruik,0361100000040745
0361010000000715,1814ME,63,70,woonfunctie,Verblijfsobject in gebruik,0361100000001225
0361010000005111,1814JE,42,120,woonfunctie,Verblijfsobject in gebruik,0361100000003468
0361010000003081,1816HA,33,102,woonfunctie,Verblijfsobject in gebruik,0361100000019323
0361010000002663,1822BJ,28,3484,industriefunctie,Verblijfsobject in gebruik,0361100000030527
0361010000001172,1827DL,118,63,woonfunctie,Verblijfsobject in gebruik,0361100000041674
0361010000004653,1826BA,13,99,woonfunctie,Verblijfsobject in gebruik,0361100000033231
0361010000002238,1826HP,17,116,woonfunctie,Verblijfsobject in gebruik,0361100000037516
0361010000002664,1822BJ,28,10,overige gebruiksfunctie,Verblijfsobject in gebruik,0361100000030527
0361010000001583,1825LB,5,111,woonfunctie,Verblijfsobject in gebruik,0361100000040912
0361010000004654,1826BA,14,100,woonfunctie,Verblijfsobject in gebruik,0361100000033230
0361010000002239,1826HP,18,116,woonfunctie,Verblijfsobject in gebruik,0361100000037515
0361010000005112,1814JE,42,100,woonfunctie,Verblijfsobject in gebruik,0361100000003467
0361010000003082,1816HB,34,109,woonfunctie,Verblijfsobject in gebruik,0361100000019569
0361010000000716,1814ME,65,70,woonfunctie,Verblijfsobject in gebruik,0361100000001225
0361010000001173,1827DL,119,56,woonfunctie,Verblijfsobject in gebruik,0361100000041674
0361010000003586,1821AH,35,107,woonfunctie,Verblijfsobject in gebruik,0361100000101218
0361010000004129,1816TR,8,15,overige gebruiksfunctie,Verblijfsobject in gebruik,0361100000102173
0361010000002666,1822BH,29,151,kantoorfunctie,Verblijfsobject in gebruik,0361100000122476
0361010000001584,1825LB,6,97,woonfunctie,Verblijfsobject in gebruik,0361100000040744
0361010000004655,1826BA,15,144,woonfunctie,Verblijfsobject in gebruik,0361100000033083
0361010000002240,1826HP,19,78,woonfunctie,Verblijfsobject in gebruik,0361100000037629
0361010000004130,1816TR,9,113,woonfunctie,Verblijfsobject in gebruik,0361100000015005
0361010000000717,1814ME,67,70,woonfunctie,Verblijfsobject in gebruik,0361100000001225
0361010000004131,1816TR,10,15,overige gebruiksfunctie,Verblijfsobject in gebruik,0361100000102174
0361010000002241,1826HP,20,78,woonfunctie,Verblijfsobject in gebruik,0361100000037630
0361010000001174,1827DL,120,56,woonfunctie,Verblijfsobject in gebruik,0361100000041674
0361010000001585,1825LB,7,110,woonfunctie,Verblijfsobject in gebruik,0361100000040911
0361010000005113,1814JD,43,121,woonfunctie,Verblijfsobject in gebruik,0361100000003656
0361010000003083,1816HA,35,112,woonfunctie,Verblijfsobject in gebruik,0361100000019320
0361010000002673,1822BJ,32,292,kantoorfunctie,Verblijfsobject in gebruik,0361100000031228
0361010000003588,1821AH,37,114,woonfunctie,Verblijfsobject in gebruik,0361100000101216
0361010000002675,1822BJ,34,563,industriefunctie,Verblijfsobject in gebruik,0361100000031298
0361010000004132,1816TR,11,104,woonfunctie,Verblijfsobject in gebruik,0361100000015002
0361010000002242,1826HP,21,78,woonfunctie,Verblijfsobject in gebruik,0361100000037631
0361010000001175,1827DL,121,65,woonfunctie,Verblijfsobject in gebruik,0361100000041673
0361010000001586,1825LB,8,102,woonfunctie,Verblijfsobject in gebruik,0361100000040743
0361010000004657,1826BA,17,117,woonfunctie,Verblijfsobject in gebruik,0361100000033081
0361010000000718,1814ME,69,70,woonfunctie,Verblijfsobject in gebruik,0361100000001225
0361010000003589,1821AK,38,86,woonfunctie,Verblijfsobject in gebruik,0361100000011427
0361010000003084,1816HB,36,103,woonfunctie,Verblijfsobject in gebruik,0361100000019565
0361010000002243,1826HP,22,78,woonfunctie,Verblijfsobject in gebruik,0361100000037632
0361010000001176,1827DL,122,65,woonfunctie,Verblijfsobject in gebruik,0361100000041673
0361010000005114,1814JE,44,148,woonfunctie,Verblijfsobject in gebruik,0361100000003340
0361010000001587,1825LB,9,100,woonfunctie,Verblijfsobject in gebruik,0361100000040909
0361010000004133,1816TR,12,121,woonfunctie,Verblijfsobject in gebruik,0361100000014696
0361010000004658,1826BA,18,113,woonfunctie,Verblijfsobject in gebruik,0361100000033080
0361010000002679,1822BJ,40,2070,kantoorfunctie,Verblijfsobject in gebruik,0361100000032742
0361010000002244,1826HR,23,78,woonfunctie,Verblijfsobject in gebruik,0361100000037678
0361010000000719,1814ME,71,70,woonfunctie,Verblijfsobject in gebruik,0361100000001225
0361010000002680,1822BJ,40,1382,industriefunctie,Verblijfsobject in gebruik,0361100000032742
0361010000001588,1825LB,10,104,woonfunctie,Verblijfsobject in gebruik,0361100000040742
0361010000003591,1821AK,40,75,woonfunctie,Verblijfsobject in gebruik,0361100000011426
0361010000004134,1816TR,13,107,woonfunctie,Verblijfsobject in gebruik,0361100000015000
0361010000004659,1826BA,19,113,woonfunctie,Verblijfsobject in gebruik,0361100000033079
0361010000001177,1827DL,123,63,woonfunctie,Verblijfsobject in gebruik,0361100000041673
0361010000002681,1822BJ,42,380,industriefunctie,Verblijfsobject in gebruik,0361100000033086
0361010000002245,1826HR,24,78,woonfunctie,Verblijfsobject in gebruik,0361100000037675
0361010000003085,1816HA,37,105,woonfunctie,Verblijfsobject in gebruik,0361100000019319
0361010000002682,1822BJ,42,110,industriefunctie,Verblijfsobject in gebruik,0361100000033086
0361010000005115,1814JD,45,102,woonfunctie,Verblijfsobject in gebruik,0361100000003434
0361010000001589,1825LB,11,105,woonfunctie,Verblijfsobject in gebruik,0361100000040908
0361010000003593,1821AK,42,76,woonfunctie,Verblijfsobject in gebruik,0361100000011424
0361010000004660,1826BA,20,121,woonfunctie,Verblijfsobject in gebruik,0361100000033078
0361010000002683,1822BJ,42,265,industriefunctie,Verblijfsobject in gebruik,0361100000033086
0361010000000720,1814ME,73,70,woonfunctie,Verblijfsobject in gebruik,0361100000001225
0361010000002246,1826HR,25,78,woonfunctie,Verblijfsobject in gebruik,0361100000037674
0361010000003086,1816HB,38,102,woonfunctie,Verblijfsobject in gebruik,0361100000019560
0361010000002684,1822BJ,42,260,industriefunctie,Verblijfsobject in gebruik,0361100000033086
0361010000004135,1816TR,14,105,woonfunctie,Verblijfsobject in gebruik,0361100000014693
0361010000001178,1827DL,124,63,woonfunctie,Verblijfsobject in gebruik,0361100000041673
0361010000002685,1822BJ,42,226,industriefunctie,Verblijfsobject in gebruik,0361100000033086
0361010000002686,1822BJ,42,332,industriefunctie,Verblijfsobject in gebruik,0361100000033086
0361010000002247,1826HR,26,78,woonfunctie,Verblijfsobject in gebruik,0361100000037673
0361010000004136,1816TR,15,114,woonfunctie,Verblijfsobject in gebruik,0361100000014999
0361010000002687,1822BJ,42,465,industriefunctie,Verblijfsobject in gebruik,0361100000033086
0361010000000721,1814ME,75,70,woonfunctie,Verblijfsobject in gebruik,0361100000001225
0361010000005116,1814JD,47,97,woonfunctie,Verblijfsobject in gebruik,0361100000003433
0361010000003597,1821AK,46,81,woonfunctie,Verblijfsobject in gebruik,0361100000011422
0361010000001590,1825LB,12,104,woonfunctie,Verblijfsobject in gebruik,0361100000040741
0361010000003087,1816HA,39,103,woonfunctie,Verblijfsobject in gebruik,0361100000019318
0361010000002688,1822BJ,42,113,industriefunctie,Verblijfsobject in gebruik,0361100000033086
0361010000001179,1827DL,125,56,woonfunctie,Verblijfsobject in gebruik,0361100000041673
0361010000002248,1826HR,27,111,woonfunctie,Verblijfsobject in gebruik,0361100000037642
0361010000002689,1822BJ,42,215,industriefunctie,Verblijfsobject in gebruik,0361100000033086
0361010000001591,1825LB,13,107,woonfunctie,Verblijfsobject in gebruik,0361100000040791
0361010000002690,1822BJ,42,220,industriefunctie,Verblijfsobject in gebruik,0361100000033086
0361010000005117,1814JD,49,91,woonfunctie,Verblijfsobject in gebruik,0361100000003432
0361010000002249,1826HR,28,113,woonfunctie,Verblijfsobject in gebruik,0361100000037641
0361010000002691,1822BJ,42,195,industriefunctie,Verblijfsobject in gebruik,0361100000033086
0361010000000722,1814MG,77,70,woonfunctie,Verblijfsobject in gebruik,0361100000001225
0361010000004663,1826BB,24,107,woonfunctie,Verblijfsobject in gebruik,0361100000033133
0361010000003088,1816HB,40,103,woonfunctie,Verblijfsobject in gebruik,0361100000102079
0361010000002693,1822BJ,48,7752,industriefunctie,Verblijfsobject in gebruik,0361100000034137
0361010000001592,1825LB,15,93,woonfunctie,Verblijfsobject in gebruik,0361100000040790
0361010000001180,1827DL,126,56,woonfunctie,Verblijfsobject in gebruik,0361100000041673
0361010000004137,1816TR,16,119,woonfunctie,Verblijfsobject in gebruik,0361100000014692
0361010000002694,1822BN,49,115,kantoorfunctie,Verblijfsobject in gebruik,0361100000033770
0361010000004664,1826BB,25,107,woonfunctie,Verblijfsobject in gebruik,0361100000033134
0361010000004138,1816TR,17,15,overige gebruiksfunctie,Verblijfsobject in gebruik,0361100000102131
0361010000002250,1826HR,29,75,woonfunctie,Verblijfsobject in gebruik,0361100000037640
0361010000002698,1822BN,51,10,overige gebruiksfunctie,Verblijfsobject in gebruik,0361100000034807
0361010000003089,1816HA,41,122,woonfunctie,Verblijfsobject in gebruik,0361100000019317
0361010000001593,1825LB,17,112,woonfunctie,Verblijfsobject in gebruik,0361100000040789
0361010000005118,1814JD,51,92,woonfunctie,Verblijfsobject in gebruik,0361100000003431
0361010000000723,1814MG,79,70,woonfunctie,Verblijfsobject in gebruik,0361100000001225
0361010000004665,1826BB,26,112,woonfunctie,Verblijfsobject in gebruik,0361100000033135
0361010000002251,1826HR,30,83,woonfunctie,Verblijfsobject in gebruik,0361100000037640
0361010000002700,1822BZ,60,1023,"industriefunctie,winkelfunctie",Verblijfsobject in gebruik,0361100000035901
0361010000001594,1825LB,19,102,woonfunctie,Verblijfsobject in gebruik,0361100000040788
0361010000002701,1822BN,65,634,industriefunctie,Verblijfsobject in gebruik,0361100000035331
0361010000004139,1816TR,18,105,woonfunctie,Verblijfsobject in gebruik,0361100000014690
0361010000002702,1822BN,67,1845,industriefunctie,Verblijfsobject in gebruik,0361100000035472
0361010000004666,1826BB,27,120,woonfunctie,Verblijfsobject in gebruik,0361100000033137
0361010000000724,1814MG,81,70,woonfunctie,Verblijfsobject in gebruik,0361100000001225
0361010000002252,1826HR,31,75,woonfunctie,Verblijfsobject in gebruik,0361100000037640
0361010000004140,1816TR,19,15,overige gebruiksfunctie,Verblijfsobject in gebruik,0361100000102130
0361010000001595,1811DC,1,123,woonfunctie,Verblijfsobject in gebruik,0361100000104192
0361010000003090,1816HB,42,130,woonfunctie,Verblijfsobject in gebruik,0361100000019559
0361010000001596,1811DC,2,170,kantoorfunctie,Verblijfsobject in gebruik,0361100000104226
0361010000002703,1822BN,69,384,industriefunctie,Verblijfsobject in gebruik,0361100000035581
0361010000004667,1826BB,28,120,woonfunctie,Verblijfsobject in gebruik,0361100000033139
0361010000002253,1826HR,32,81,woonfunctie,Verblijfsobject in gebruik,0361100000037640
0361010000005119,1814JD,53,102,woonfunctie,Verblijfsobject in gebruik,0361100000003430
0361010000003091,1811NJ,2,112,woonfunctie,Verblijfsobject in gebruik,0361100000107047
0361010000001597,1811DC,3,174,woonfunctie,Verblijfsobject in gebruik,0361100000104160
0361010000000725,1814MG,83,70,woonfunctie,Verblijfsobject in gebruik,0361100000001225
0361010000004141,1816TR,20,107,woonfunctie,Verblijfsobject in gebruik,0361100000014687
0361010000004668,1826BB,29,107,woonfunctie,Verblijfsobject in gebruik,0361100000033258
0361010000004142,1816TR,21,18,overige gebruiksfunctie,Verblijfsobject in gebruik,0361100000102129
0361010000001187,1813KM,17,113,woonfunctie,Verblijfsobject in gebruik,0361100000000603
0361010000002704,1822BN,69,150,woonfunctie,Verblijfsobject in gebruik,0361100000035581
0361010000001598,1811DC,4,119,woonfunctie,Verblijfsobject in gebruik,0361100000104241
0361010000005120,1814JD,55,96,woonfunctie,Verblijfsobject in gebruik,0361100000003429
0361010000004669,1826BB,30,107,woonfunctie,Verblijfsobject in gebruik,0361100000033259
0361010000002705,1822BN,77,2500,kantoorfunctie,Verblijfsobject in gebruik,0361100000035964
0361010000000726,1814MG,85,70,woonfunctie,Verblijfsobject in gebruik,0361100000001225
0361010000003092,1811NJ,3,102,woonfunctie,Verblijfsobject in gebruik,0361100000104747
0361010000004670,1826BB,31,107,woonfunctie,Verblijfsobject in gebruik,0361100000103149
0361010000004143,1816TR,22,107,woonfunctie,Verblijfsobject in gebruik,0361100000102175
0361010000005121,1814JD,57,101,woonfunctie,Verblijfsobject in gebruik,0361100000003428
0361010000002706,1815DA,1,6370,onderwijsfunctie,Verblijfsobject in gebruik,0361100000100444
0361010000000727,1814MG,87,70,woonfunctie,Verblijfsobject in gebruik,0361100000001225
0361010000005122,1824DW,2,398,overige gebruiksfunctie,Verblijfsobject in gebruik,0361100000028723
0361010000002254,1816HC,1,135,woonfunctie,Verblijfsobject in gebruik,0361100000019756
0361010000002707,1815AC,1,11195,onderwijsfunctie,Verblijfsobject in gebruik,0361100000100730
0361010000004671,1826BB,32,93,woonfunctie,Verblijfsobject in gebruik,0361100000033261
0361010000001600,1811DC,6,95,woonfunctie,Verblijfsobject in gebruik,0361100000104242
0361010000003626,1827EH,2,112,woonfunctie,Verblijfsobject in gebruik,0361100000040624
0361010000005123,1824DW,4,100,overige gebruiksfunctie,Verblijfsobject in gebruik,0361100000028723
0361010000004144,1816TR,24,107,woonfunctie,Verblijfsobject in gebruik,0361100000014685
0361010000004672,1826BB,33,93,woonfunctie,Verblijfsobject in gebruik,0361100000033262
0361010000002708,1815AD,2,98,woonfunctie,Verblijfsobject in gebruik,0361100000021532
0361010000000728,1814MG,89,70,woonfunctie,Verblijfsobject in gebruik,0361100000001225
0361010000002709,1815AD,2,65,kantoorfunctie,Verblijfsobject in gebruik,0361100000021532
0361010000003093,1811NJ,5,96,woonfunctie,Verblijfsobject in gebruik,0361100000104749
0361010000004673,1826BB,34,100,woonfunctie,Verblijfsobject in gebruik,0361100000033549
0361010000005125,1825JM,1,113,woonfunctie,Verblijfsobject in gebruik,0361100000037988
0361010000004145,1816TR,26,119,woonfunctie,Verblijfsobject in gebruik,0361100000014683
0361010000003628,1827EH,4,110,woonfunctie,Verblijfsobject in gebruik,0361100000040625
0361010000001189,1813KM,21,111,woonfunctie,Verblijfsobject in gebruik,0361100000000598
0361010000004146,1816TR,28,27,overige gebruiksfunctie,Verblijfsobject in gebruik,0361100000102176
0361010000004674,1826BB,35,101,woonfunctie,Verblijfsobject in gebruik,0361100000033550
0361010000000729,1814MG,91,70,woonfunctie,Verblijfsobject in gebruik,0361100000001225
0361010000004147,1816TR,30,15,overige gebruiksfunctie,Verblijfsobject in gebruik,0361100000102177
0361010000005126,1825JM,2,102,woonfunctie,Verblijfsobject in gebruik,0361100000037987
0361010000004148,1816TR,32,15,overige gebruiksfunctie,Verblijfsobject in gebruik,0361100000102178
0361010000001604,1811DC,8,170,woonfunctie,Verblijfsobject in gebruik,0361100000104243
0361010000004675,1826BB,36,103,woonfunctie,Verblijfsobject in gebruik,0361100000033551
0361010000002255,1816HD,2,143,woonfunctie,Verblijfsobject in gebruik,0361100000020017
0361010000004149,1816TR,34,15,overige gebruiksfunctie,Verblijfsobject in gebruik,0361100000102179
0361010000002710,1815AC,3,117,woonfunctie,Verblijfsobject in gebruik,0361100000100684
0361010000001190,1813KM,23,115,woonfunctie,Verblijfsobject in gebruik,0361100000000597
0361010000000730,1814MG,93,70,woonfunctie,Verblijfsobject in gebruik,0361100000001225
0361010000005127,1825JM,3,101,woonfunctie,Verblijfsobject in gebruik,0361100000037985
0361010000003630,1827EH,6,107,woonfunctie,Verblijfsobject in gebruik,0361100000040627
0361010000004150,1816TR,36,15,overige gebruiksfunctie,Verblijfsobject in gebruik,0361100000102180
0361010000003094,1811NJ,6,81,woonfunctie,Verblijfsobject in gebruik,0361100000104748
0361010000002256,1816HC,3,107,woonfunctie,Verblijfsobject in gebruik,0361100000019751
0361010000002711,1815AD,4,87,woonfunctie,Verblijfsobject in gebruik,0361100000105888
0361010000004676,1811CS,3,90,woonfunctie,Verblijfsobject in gebruik,0361100000105277
0361010000005128,1825JM,4,106,woonfunctie,Verblijfsobject in gebruik,0361100000037984
0361010000004677,1811CS,5,56,winkelfunctie,Verblijfsobject in gebruik,0361100000105274
0361010000000731,1814MG,95,70,woonfunctie,Verblijfsobject in gebruik,0361100000001225
0361010000004678,1811CS,7,90,winkelfunctie,Verblijfsobject in gebruik,0361100000105274
0361010000003632,1827EH,8,107,woonfunctie,Verblijfsobject in gebruik,0361100000040628
0361010000000732,1814MG,97,70,woonfunctie,Verblijfsobject in gebruik,0361100000001225
0361010000003095,1811NJ,7,95,kantoorfunctie,Verblijfsobject in gebruik,0361100000104863
0361010000002712,1815AC,5,83,woonfunctie,Verblijfsobject in gebruik,0361100000100683
0361010000005129,1825JM,5,102,woonfunctie,Verblijfsobject in gebruik,0361100000037983
0361010000004681,1824ES,2,134,woonfunctie,Verblijfsobject in gebruik,0361100000026000
0361010000002713,1815AD,6,145,"winkelfunctie,woonfunctie",Verblijfsobject in gebruik,0361100000021533
0361010000003634,1827EH,10,111,woonfunctie,Verblijfsobject in gebruik,0361100000040630
0361010000000733,1814MG,99,70,woonfunctie,Verblijfsobject in gebruik,0361100000001225
0361010000003096,1811NJ,8,52,woonfunctie,Verblijfsobject in gebruik,0361100000104864
0361010000001609,1811DR,17,30,woonfunctie,Verblijfsobject in gebruik,0361100000104159
0361010000002257,1816HD,4,122,woonfunctie,Verblijfsobject in gebruik,0361100000020015
0361010000005130,1825JM,6,118,woonfunctie,Verblijfsobject in gebruik,0361100000037982
0361010000004683,1824ES,4,134,woonfunctie,Verblijfsobject in gebruik,0361100000025999
0361010000004152,1825JS,2,109,woonfunctie,Verblijfsobject in gebruik,0361100000038686
0361010000002258,1816HC,5,111,woonfunctie,Verblijfsobject in gebruik,0361100000019749
0361010000005131,1825JM,7,103,woonfunctie,Verblijfsobject in gebruik,0361100000037981
0361010000000734,1814MG,101,70,woonfunctie,Verblijfsobject in gebruik,0361100000001225
0361010000003097,1811NJ,8,52,woonfunctie,Verblijfsobject in gebruik,0361100000104864
0361010000003636,1827EH,12,113,woonfunctie,Verblijfsobject in gebruik,0361100000040631
0361010000004153,1825JS,3,78,woonfunctie,Verblijfsobject in gebruik,0361100000038819
0361010000001610,1811DR,19,30,woonfunctie,Verblijfsobject in gebruik,0361100000104159
0361010000002715,1815AC,7,108,woonfunctie,Verblijfsobject in gebruik,0361100000100683
0361010000003098,1811NJ,9,102,winkelfunctie,Verblijfsobject in gebruik,0361100000104865
0361010000005132,1825JM,8,101,woonfunctie,Verblijfsobject in gebruik,0361100000037979
0361010000003099,1811NJ,10,475,bijeenkomstfunctie,Verblijfsobject in gebruik,0361100000104865
0361010000004154,1825JS,4,96,woonfunctie,Verblijfsobject in gebruik,0361100000038681
0361010000000735,1814MG,103,70,woonfunctie,Verblijfsobject in gebruik,0361100000001225
0361010000002716,1815AD,8,130,woonfunctie,Verblijfsobject in gebruik,0361100000021537
0361010000002260,1816HC,7,120,woonfunctie,Verblijfsobject in gebruik,0361100000019747
0361010000001611,1811DR,21,30,woonfunctie,Verblijfsobject in gebruik,0361100000104159
0361010000003100,1811NJ,11,297,"kantoorfunctie,woonfunctie",Verblijfsobject in gebruik,0361100000104866
0361010000002717,1815AC,9,63,woonfunctie,Verblijfsobject in gebruik,0361100000021748
0361010000002261,1816HD,8,109,woonfunctie,Verblijfsobject in gebruik,0361100000020007
0361010000004155,1825JS,5,79,woonfunctie,Verblijfsobject in gebruik,0361100000038818
0361010000004685,1824ES,6,135,woonfunctie,Verblijfsobject in gebruik,0361100000025997
0361010000001197,1813KN,40,998,woonfunctie,Verblijfsobject in gebruik,0361100000101714
0361010000001612,1811DR,23,30,woonfunctie,Verblijfsobject in gebruik,0361100000104159
0361010000003101,1811NJ,12,175,woonfunctie,Verblijfsobject in gebruik,0361100000104867
0361010000000736,1814MG,105,70,woonfunctie,Verblijfsobject in gebruik,0361100000001225
0361010000005133,1825JM,9,104,woonfunctie,Verblijfsobject in gebruik,0361100000037978
0361010000004156,1825JS,6,109,woonfunctie,Verblijfsobject in gebruik,0361100000038680
0361010000003102,1811NJ,13,170,woonfunctie,Verblijfsobject in gebruik,0361100000104867
0361010000002719,1815AC,11,108,woonfunctie,Verblijfsobject in gebruik,0361100000021748
0361010000005134,1825JM,10,101,woonfunctie,Verblijfsobject in gebruik,0361100000037977
0361010000004157,1825JS,7,78,woonfunctie,Verblijfsobject in gebruik,0361100000038817
0361010000001613,1811DR,25,30,woonfunctie,Verblijfsobject in gebruik,0361100000104159
0361010000004687,1824ES,8,142,woonfunctie,Verblijfsobject in gebruik,0361100000025996
0361010000002720,1815AD,12,144,winkelfunctie,Verblijfsobject in gebruik,0361100000021539
0361010000003104,1811NJ,14,155,bijeenkomstfunctie,Verblijfsobject in gebruik,0361100000104868
0361010000000737,1814MG,107,70,woonfunctie,Verblijfsobject in gebruik,0361100000001225
0361010000002262,1816HC,9,121,woonfunctie,Verblijfsobject in gebruik,0361100000019744
0361010000003105,1811NJ,15,70,woonfunctie,Verblijfsobject in gebruik,0361100000104855
0361010000001614,1811DR,27,30,woonfunctie,Verblijfsobject in gebruik,0361100000104159
0361010000002721,1815AD,12,121,woonfunctie,Verblijfsobject in gebruik,0361100000021539
0361010000002263,1816HD,10,88,woonfunctie,Verblijfsobject in gebruik,0361100000020005
0361010000005136,1816CC,2,92,woonfunctie,Verblijfsobject in gebruik,0361100000021682
0361010000001200,1813KN,50,92,woonfunctie,Verblijfsobject in gebruik,0361100000101752
0361010000000738,1814MG,109,70,woonfunctie,Verblijfsobject in gebruik,0361100000001225
0361010000004689,1824ES,10,133,woonfunctie,Verblijfsobject in gebruik,0361100000025995
0361010000001201,1813KN,250,433,bijeenkomstfunctie,Verblijfsobject in gebruik,0361100000000195
0361010000003640,1827EH,16,111,woonfunctie,Verblijfsobject in gebruik,0361100000040633
0361010000003106,1811NJ,16,263,woonfunctie,Verblijfsobject in gebruik,0361100000104854
0361010000004158,1825JS,8,132,woonfunctie,Verblijfsobject in gebruik,0361100000038678
0361010000002264,1816HC,11,123,woonfunctie,Verblijfsobject in gebruik,0361100000019743
0361010000005137,1816CC,4,88,woonfunctie,Verblijfsobject in gebruik,0361100000021676
0361010000002722,1815AC,13,108,woonfunctie,Verblijfsobject in gebruik,0361100000021749
0361010000001615,1811DR,29,30,woonfunctie,Verblijfsobject in gebruik,0361100000104159
0361010000004159,1825JS,10,96,woonfunctie,Verblijfsobject in gebruik,0361100000038677
0361010000000739,1814MG,111,70,woonfunctie,Verblijfsobject in gebruik,0361100000001225
0361010000003641,1827EH,18,122,woonfunctie,Verblijfsobject in gebruik,0361100000040748
0361010000002265,1816HD,12,141,woonfunctie,Verblijfsobject in gebruik,0361100000020004
0361010000005138,1816CC,6,92,woonfunctie,Verblijfsobject in gebruik,0361100000021675
0361010000004691,1824ES,12,133,woonfunctie,Verblijfsobject in gebruik,0361100000025993
0361010000004160,1826GM,1,88,woonfunctie,Verblijfsobject in gebruik,0361100000038509
0361010000001616,1811DR,31,30,woonfunctie,Verblijfsobject in gebruik,0361100000104159
0361010000005139,1816CC,8,78,woonfunctie,Verblijfsobject in gebruik,0361100000021672
0361010000002266,1816HC,17,139,woonfunctie,Verblijfsobject in gebruik,0361100000019737
0361010000000740,1814MG,113,70,woonfunctie,Verblijfsobject in gebruik,0361100000001225
0361010000002267,1816HD,18,125,woonfunctie,Verblijfsobject in gebruik,0361100000020000
0361010000004161,1826GM,2,88,woonfunctie,Verblijfsobject in gebruik,0361100000038510
0361010000002723,1815AD,14,103,woonfunctie,Verblijfsobject in gebruik,0361100000021545
0361010000003642,1827EH,20,111,woonfunctie,Verblijfsobject in gebruik,0361100000040749
0361010000005140,1816CC,10,78,woonfunctie,Verblijfsobject in gebruik,0361100000021671
0361010000001617,1811DR,33,30,woonfunctie,Verblijfsobject in gebruik,0361100000104159
0361010000004693,1824ES,14,133,woonfunctie,Verblijfsobject in gebruik,0361100000025992
0361010000000741,1814MG,115,70,woonfunctie,Verblijfsobject in gebruik,0361100000001225
0361010000002724,1815AC,15,63,woonfunctie,Verblijfsobject in gebruik,0361100000021749
0361010000003643,1827EH,22,111,woonfunctie,Verblijfsobject in gebruik,0361100000040750
0361010000002268,1816HC,19,103,woonfunctie,Verblijfsobject in gebruik,0361100000019736
0361010000004162,1826GM,3,110,woonfunctie,Verblijfsobject in gebruik,0361100000038511
0361010000003108,1811NJ,18,41,woonfunctie,Verblijfsobject in gebruik,0361100000104852
0361010000005141,1816CC,12,78,woonfunctie,Verblijfsobject in gebruik,0361100000021670
0361010000001618,1811DR,35,30,woonfunctie,Verblijfsobject in gebruik,0361100000104159
0361010000003644,1827EH,24,111,woonfunctie,Verblijfsobject in gebruik,0361100000040752
0361010000002269,1816HD,20,107,woonfunctie,Verblijfsobject in gebruik,0361100000019999
0361010000004163,1826GM,4,117,woonfunctie,Verblijfsobject in gebruik,0361100000038513
0361010000004695,1824ES,16,133,woonfunctie,Verblijfsobject in gebruik,0361100000025991
0361010000003109,1811NJ,18,69,woonfunctie,Verblijfsobject in gebruik,0361100000104852
0361010000000742,1814MG,117,70,woonfunctie,Verblijfsobject in gebruik,0361100000001225
0361010000002270,1816HC,21,112,woonfunctie,Verblijfsobject in gebruik,0361100000019731
0361010000003645,1827EH,26,105,woonfunctie,Verblijfsobject in gebruik,0361100000040753
0361010000002725,1815AD,16,39,woonfunctie,Verblijfsobject in gebruik,0361100000021545
0361010000005142,1816CC,14,85,woonfunctie,Verblijfsobject in gebruik,0361100000021668
0361010000004164,1826GM,5,111,woonfunctie,Verblijfsobject in gebruik,0361100000038514
0361010000003110,1811NJ,18,49,woonfunctie,Verblijfsobject in gebruik,0361100000104852
0361010000001619,1811DR,37,30,woonfunctie,Verblijfsobject in gebruik,0361100000104159
0361010000005143,1816CC,16,84,woonfunctie,Verblijfsobject in gebruik,0361100000021667
0361010000002271,1816HD,22,99,woonfunctie,Verblijfsobject in gebruik,0361100000019998
0361010000003646,1827EH,28,105,woonfunctie,Verblijfsobject in gebruik,0361100000040754
0361010000000743,1814MG,119,70,woonfunctie,Verblijfsobject in gebruik,0361100000001225
0361010000003111,1811NJ,19,66,woonfunctie,Verblijfsobject in gebruik,0361100000104852
0361010000004697,1824ES,18,134,woonfunctie,Verblijfsobject in gebruik,0361100000025990
0361010000002272,1816HC,23,108,woonfunctie,Verblijfsobject in gebruik,0361100000102075
0361010000001620,1811DR,39,30,woonfunctie,Verblijfsobject in gebruik,0361100000104159
0361010000003112,1811NJ,19,66,woonfunctie,Verblijfsobject in gebruik,0361100000104852
0361010000004165,1826GM,6,113,woonfunctie,Verblijfsobject in gebruik,0361100000038515
0361010000005144,1816CC,18,85,woonfunctie,Verblijfsobject in gebruik,0361100000021666
0361010000002726,1815AD,16,40,woonfunctie,Verblijfsobject in gebruik,0361100000021545
0361010000002273,1816HD,24,76,woonfunctie,Verblijfsobject in gebruik,0361100000102077
0361010000000744,1814MG,121,70,woonfunctie,Verblijfsobject in gebruik,0361100000001225
0361010000002727,1815AC,17,105,woonfunctie,Verblijfsobject in gebruik,0361100000100682
0361010000004699,1824ES,20,134,woonfunctie,Verblijfsobject in gebruik,0361100000025555
0361010000004166,1826GM,7,110,woonfunctie,Verblijfsobject in gebruik,0361100000038516
0361010000005145,1816CC,20,85,woonfunctie,Verblijfsobject in gebruik,0361100000021665
0361010000003114,1811NJ,21,100,woonfunctie,Verblijfsobject in gebruik,0361100000104850
0361010000001621,1811DR,41,30,woonfunctie,Verblijfsobject in gebruik,0361100000104159
0361010000003115,1811NJ,21,100,"industriefunctie,winkelfunctie",Verblijfsobject in gebruik,0361100000104850
0361010000003647,1827EH,30,115,woonfunctie,Verblijfsobject in gebruik,0361100000040758
0361010000005146,1816CC,22,95,woonfunctie,Verblijfsobject in gebruik,0361100000021663
0361010000002728,1815AD,18,120,woonfunctie,Verblijfsobject in gebruik,0361100000021546
0361010000000745,1814MG,123,70,woonfunctie,Verblijfsobject in gebruik,0361100000001225
0361010000004167,1826GM,8,110,woonfunctie,Verblijfsobject in gebruik,0361100000038517
0361010000003116,1811NJ,22,246,woonfunctie,Verblijfsobject in gebruik,0361100000104849
0361010000004168,1826GM,8,30,overige gebruiksfunctie,Verblijfsobject in gebruik,0361100000107070
0361010000002274,1816HC,25,150,woonfunctie,Verblijfsobject in gebruik,0361100000019729
0361010000001622,1811DR,43,30,woonfunctie,Verblijfsobject in gebruik,0361100000104159
0361010000005147,1816CC,24,52,woonfunctie,Verblijfsobject in gebruik,0361100000020754
0361010000000747,1825NT,2,52,woonfunctie,Verblijfsobject in gebruik,0361100000107050
0361010000004701,1824ES,22,134,woonfunctie,Verblijfsobject in gebruik,0361100000025553
0361010000002729,1815AC,19,63,woonfunctie,Verblijfsobject in gebruik,0361100000100682
0361010000003648,1827EH,32,109,woonfunctie,Verblijfsobject in gebruik,0361100000040759
0361010000004169,1826GM,9,145,woonfunctie,Verblijfsobject in gebruik,0361100000038647
0361010000002275,1816HD,26,98,woonfunctie,Verblijfsobject in gebruik,0361100000019997
0361010000005148,1816CC,26,52,woonfunctie,Verblijfsobject in gebruik,0361100000020751
0361010000000749,1825NT,4,52,woonfunctie,Verblijfsobject in gebruik,0361100000107050
0361010000001623,1811DR,45,30,woonfunctie,Verblijfsobject in gebruik,0361100000104159
0361010000004170,1826GM,10,122,woonfunctie,Verblijfsobject in gebruik,0361100000038646
0361010000005149,1816CC,28,52,woonfunctie,Verblijfsobject in gebruik,0361100000020750
0361010000003118,1811BE,2,96,woonfunctie,Verblijfsobject in gebruik,0361100000104847
0361010000000750,1825NN,5,93,woonfunctie,Verblijfsobject in gebruik,0361100000121352
0361010000002276,1816HC,27,141,woonfunctie,Verblijfsobject in gebruik,0361100000019089
0361010000004703,1824ES,24,134,woonfunctie,Verblijfsobject in gebruik,0361100000025552
0361010000002731,1815AD,22,126,woonfunctie,Verblijfsobject in gebruik,0361100000021554
0361010000004171,1826GM,11,130,woonfunctie,Verblijfsobject in gebruik,0361100000038645
0361010000005150,1816CC,30,52,woonfunctie,Verblijfsobject in gebruik,0361100000020749
0361010000003122,1827PA,1,96,woonfunctie,Verblijfsobject in gebruik,0361100000046582
0361010000002277,1816HD,28,151,woonfunctie,Verblijfsobject in gebruik,0361100000019200
0361010000001624,1811DR,47,30,woonfunctie,Verblijfsobject in gebruik,0361100000104159
0361010000000751,1825NT,6,52,woonfunctie,Verblijfsobject in gebruik,0361100000107050
0361010000004172,1826GM,12,129,woonfunctie,Verblijfsobject in gebruik,0361100000038644
0361010000005151,1816CC,32,52,woonfunctie,Verblijfsobject in gebruik,0361100000020748
0361010000003123,1827PA,2,1303,onderwijsfunctie,Verblijfsobject in gebruik,0361100000103724
0361010000002278,1816HC,29,110,woonfunctie,Verblijfsobject in gebruik,0361100000019086
0361010000000752,1825NN,7,116,woonfunctie,Verblijfsobject in gebruik,0361100000121351
0361010000004705,1824ES,26,133,woonfunctie,Verblijfsobject in gebruik,0361100000025550
0361010000003650,1827EJ,36,107,woonfunctie,Verblijfsobject in gebruik,0361100000040834
0361010000005152,1816CC,34,52,woonfunctie,Verblijfsobject in gebruik,0361100000020747
0361010000002733,1815AD,24,143,woonfunctie,Verblijfsobject in gebruik,0361100000021556
0361010000003124,1827PA,3,96,woonfunctie,Verblijfsobject in gebruik,0361100000046579
0361010000001625,1811DR,49,30,woonfunctie,Verblijfsobject in gebruik,0361100000104159
0361010000002279,1816HD,30,101,woonfunctie,Verblijfsobject in gebruik,0361100000019197
0361010000000753,1825NT,8,52,woonfunctie,Verblijfsobject in gebruik,0361100000107050
0361010000005153,1816CC,36,52,woonfunctie,Verblijfsobject in gebruik,0361100000020746
0361010000004174,1826GM,14,115,woonfunctie,Verblijfsobject in gebruik,0361100000038641
0361010000003651,1827EJ,38,112,woonfunctie,Verblijfsobject in gebruik,0361100000040835
0361010000003125,1827PA,5,96,woonfunctie,Verblijfsobject in gebruik,0361100000046578
0361010000002735,1815AD,26,130,woonfunctie,Verblijfsobject in gebruik,0361100000021559
0361010000005154,1816CC,38,52,woonfunctie,Verblijfsobject in gebruik,0361100000020745
0361010000000754,1825NN,9,94,woonfunctie,Verblijfsobject in gebruik,0361100000038080
0361010000004707,1824ES,28,133,woonfunctie,Verblijfsobject in gebruik,0361100000025549
0361010000001626,1811DR,51,30,woonfunctie,Verblijfsobject in gebruik,0361100000104159
0361010000003652,1827EJ,40,111,woonfunctie,Verblijfsobject in gebruik,0361100000040836
0361010000004175,1827JS,10,56,woonfunctie,Verblijfsobject in gebruik,0361100000123683
0361010000002280,1816HC,31,110,woonfunctie,Verblijfsobject in gebruik,0361100000102076
0361010000005155,1816CC,40,52,woonfunctie,Verblijfsobject in gebruik,0361100000020744
0361010000003127,1827PA,7,96,woonfunctie,Verblijfsobject in gebruik,0361100000046577
0361010000000755,1825NT,10,62,woonfunctie,Verblijfsobject in gebruik,0361100000107050
0361010000003653,1827EJ,42,113,woonfunctie,Verblijfsobject in gebruik,0361100000040837
0361010000005156,1816CC,42,52,woonfunctie,Verblijfsobject in gebruik,0361100000020743
0361010000002737,1816BN,29,139,woonfunctie,Verblijfsobject in gebruik,0361100000023913
0361010000001627,1811DR,53,30,woonfunctie,Verblijfsobject in gebruik,0361100000104159
0361010000004176,1827JS,11,56,woonfunctie,Verblijfsobject in gebruik,0361100000123682
0361010000000756,1825NN,11,94,woonfunctie,Verblijfsobject in gebruik,0361100000038078
0361010000004709,1824ES,30,134,woonfunctie,Verblijfsobject in gebruik,0361100000025548
0361010000003654,1827EJ,44,114,woonfunctie,Verblijfsobject in gebruik,0361100000040838
0361010000005157,1816CD,44,95,woonfunctie,Verblijfsobject in gebruik,0361100000020526
0361010000003129,1827PA,9,96,woonfunctie,Verblijfsobject in gebruik,0361100000046522
0361010000002281,1816HD,32,110,woonfunctie,Verblijfsobject in gebruik,0361100000019196
0361010000000757,1825NT,12,62,woonfunctie,Verblijfsobject in gebruik,0361100000107050
0361010000001628,1811DR,55,30,woonfunctie,Verblijfsobject in gebruik,0361100000104159
0361010000003655,1827EJ,46,115,woonfunctie,Verblijfsobject in gebruik,0361100000040839
0361010000002738,1815AD,30,45,woonfunctie,Verblijfsobject in gebruik,0361100000105887
0361010000004177,1827JS,12,56,woonfunctie,Verblijfsobject in gebruik,0361100000123682
0361010000005158,1816CD,46,78,woonfunctie,Verblijfsobject in gebruik,0361100000020528
0361010000004711,1824ES,32,133,woonfunctie,Verblijfsobject in gebruik,0361100000025547
0361010000000758,1825NN,13,94,woonfunctie,Verblijfsobject in gebruik,0361100000038077
0361010000003656,1827EJ,48,117,woonfunctie,Verblijfsobject in gebruik,0361100000040840
0361010000002739,1816BN,31,144,woonfunctie,Verblijfsobject in gebruik,0361100000023914
0361010000004178,1827JS,13,56,woonfunctie,Verblijfsobject in gebruik,0361100000123682
0361010000001629,1811DR,57,30,woonfunctie,Verblijfsobject in gebruik,0361100000104159
0361010000002282,1816HC,33,123,woonfunctie,Verblijfsobject in gebruik,0361100000019084
0361010000003131,1827PA,11,96,woonfunctie,Verblijfsobject in gebruik,0361100000046523
0361010000000759,1825NT,14,62,woonfunctie,Verblijfsobject in gebruik,0361100000107050
0361010000005159,1816CD,48,78,woonfunctie,Verblijfsobject in gebruik,0361100000020531
0361010000003657,1827EJ,50,113,woonfunctie,Verblijfsobject in gebruik,0361100000040841
0361010000002740,1815AD,32,45,woonfunctie,Verblijfsobject in gebruik,0361100000105887
0361010000004713,1824ES,34,133,woonfunctie,Verblijfsobject in gebruik,0361100000025546
0361010000002283,1816HD,34,101,woonfunctie,Verblijfsobject in gebruik,0361100000019194
0361010000000760,1825NN,15,110,woonfunctie,Verblijfsobject in gebruik,0361100000038073
0361010000001630,1811DR,59,30,woonfunctie,Verblijfsobject in gebruik,0361100000104159
0361010000004179,1827JS,14,56,woonfunctie,Verblijfsobject in gebruik,0361100000123682
0361010000002741,1816BN,33,159,woonfunctie,Verblijfsobject in gebruik,0361100000023915
0361010000002284,1816HC,35,122,woonfunctie,Verblijfsobject in gebruik,0361100000019083
0361010000003133,1827PA,13,96,woonfunctie,Verblijfsobject in gebruik,0361100000046525
0361010000000761,1825NT,16,62,woonfunctie,Verblijfsobject in gebruik,0361100000107050
0361010000003659,1827EJ,54,134,woonfunctie,Verblijfsobject in gebruik,0361100000040896
0361010000004715,1824ES,36,134,woonfunctie,Verblijfsobject in gebruik,0361100000025545
0361010000001631,1811DR,61,30,woonfunctie,Verblijfsobject in gebruik,0361100000104159
0361010000002285,1816HD,36,101,woonfunctie,Verblijfsobject in gebruik,0361100000019192
0361010000004180,1827JS,15,56,woonfunctie,Verblijfsobject in gebruik,0361100000123682
0361010000005161,1816CD,52,91,woonfunctie,Verblijfsobject in gebruik,0361100000102439
0361010000000762,1825NN,17,94,woonfunctie,Verblijfsobject in gebruik,0361100000038072
0361010000002286,1816HC,37,108,woonfunctie,Verblijfsobject in gebruik,0361100000019081
0361010000002742,1815AD,34,45,woonfunctie,Verblijfsobject in gebruik,0361100000105887
0361010000001632,1811DR,63,30,woonfunctie,Verblijfsobject in gebruik,0361100000104159
0361010000003135,1827PA,15,96,woonfunctie,Verblijfsobject in gebruik,0361100000046526
0361010000000763,1825NT,18,62,woonfunctie,Verblijfsobject in gebruik,0361100000107050
0361010000004181,1827JS,16,56,woonfunctie,Verblijfsobject in gebruik,0361100000123682
0361010000005162,1816CD,54,78,woonfunctie,Verblijfsobject in gebruik,0361100000020536
0361010000004717,1824ES,38,134,woonfunctie,Verbouwing verblijfsobject,0361100000025544
0361010000000764,1825NN,19,94,woonfunctie,Verblijfsobject in gebruik,0361100000103801
0361010000005163,1816CD,56,82,woonfunctie,Verblijfsobject in gebruik,0361100000020540
0361010000002743,1816BN,35,163,woonfunctie,Verblijfsobject in gebruik,0361100000023937
0361010000002287,1816HD,38,122,woonfunctie,Verblijfsobject in gebruik,0361100000019191
0361010000001633,1811DR,65,30,woonfunctie,Verblijfsobject in gebruik,0361100000104159
0361010000003137,1827PA,17,96,woonfunctie,Verblijfsobject in gebruik,0361100000046350
0361010000003661,1827EJ,58,105,woonfunctie,Verblijfsobject in gebruik,0361100000040898
0361010000004182,1827JS,17,56,woonfunctie,Verblijfsobject in gebruik,0361100000123677
0361010000000765,1825NT,20,62,woonfunctie,Verblijfsobject in gebruik,0361100000107050
0361010000005164,1816CD,58,78,woonfunctie,Verblijfsobject in gebruik,0361100000020543
0361010000002744,1815AD,36,45,woonfunctie,Verblijfsobject in gebruik,0361100000105887
0361010000001229,1827AM,30,106,woonfunctie,Verblijfsobject in gebruik,0361100000042928
0361010000003662,1827EJ,60,107,woonfunctie,Verblijfsobject in gebruik,0361100000040900
0361010000002288,1816HC,39,103,woonfunctie,Verblijfsobject in gebruik,0361100000019080
0361010000000766,1825NN,21,94,woonfunctie,Verblijfsobject in gebruik,0361100000038068
0361010000001634,1811DR,67,30,woonfunctie,Verblijfsobject in gebruik,0361100000104159
0361010000004183,1827JS,18,56,woonfunctie,Verblijfsobject in gebruik,0361100000123677
0361010000004719,1824ES,40,134,woonfunctie,Verblijfsobject in gebruik,0361100000025543
0361010000003139,1827PA,19,96,woonfunctie,Verblijfsobject in gebruik,0361100000046348
0361010000002289,1816HD,40,114,woonfunctie,Verblijfsobject in gebruik,0361100000019190
0361010000002745,1816BN,37,128,woonfunctie,Verblijfsobject in gebruik,0361100000102438
0361010000003663,1827EJ,62,107,woonfunctie,Verblijfsobject in gebruik,0361100000040901
0361010000000767,1825NT,22,62,woonfunctie,Verblijfsobject in gebruik,0361100000107050
0361010000005165,1816CD,60,78,woonfunctie,Verblijfsobject in gebruik,0361100000020546
0361010000001635,1811DR,69,30,woonfunctie,Verblijfsobject in gebruik,0361100000104159
0361010000001231,1827AM,32,117,woonfunctie,Verblijfsobject in gebruik,0361100000042927
0361010000005166,1816CD,62,95,woonfunctie,Verblijfsobject in gebruik,0361100000020548
0361010000000768,1825NN,23,94,woonfunctie,Verblijfsobject in gebruik,0361100000038066
0361010000003664,1827EJ,64,108,woonfunctie,Verblijfsobject in gebruik,0361100000040902
0361010000004184,1827JS,19,56,woonfunctie,Verblijfsobject in gebruik,0361100000123677
0361010000003141,1827PA,21,96,woonfunctie,Verblijfsobject in gebruik,0361100000046347
0361010000005167,1816CD,64,95,woonfunctie,Verblijfsobject in gebruik,0361100000020550
0361010000000769,1825NT,24,62,woonfunctie,Verblijfsobject in gebruik,0361100000107050
0361010000001636,1811DR,71,30,woonfunctie,Verblijfsobject in gebruik,0361100000104159
0361010000003665,1827EJ,66,107,woonfunctie,Verblijfsobject in gebruik,0361100000040903
0361010000002746,1815AD,38,45,woonfunctie,Verblijfsobject in gebruik,0361100000105887
0361010000005168,1816GJ,2,225,gezondheidszorgfunctie,Verblijfsobject in gebruik,0361100000017364
0361010000004721,1824ES,42,140,woonfunctie,Verblijfsobject in gebruik,0361100000025542
0361010000005170,1816GJ,7,15,overige gebruiksfunctie,Verblijfsobject in gebruik,0361100000102052
0361010000001233,1827AM,34,108,woonfunctie,Verblijfsobject in gebruik,0361100000042926
0361010000004185,1827JS,20,56,woonfunctie,Verblijfsobject in gebruik,0361100000123677
0361010000000770,1825NN,25,95,woonfunctie,Verblijfsobject in gebruik,0361100000038065
0361010000003143,1827PA,23,96,woonfunctie,Verblijfsobject in gebruik,0361100000046345
0361010000005171,1816GJ,9,104,woonfunctie,Verblijfsobject in gebruik,0361100000016545
0361010000001637,1811DR,73,30,woonfunctie,Verblijfsobject in gebruik,0361100000104159
0361010000000771,1825NT,26,52,woonfunctie,Verblijfsobject in gebruik,0361100000107050
0361010000004186,1827JS,21,56,woonfunctie,Verblijfsobject in gebruik,0361100000123677
0361010000002291,1816HD,42,102,woonfunctie,Verblijfsobject in gebruik,0361100000019189
0361010000001235,1827AM,36,104,woonfunctie,Verblijfsobject in gebruik,0361100000042925
0361010000001638,1811DR,75,156,woonfunctie,Verblijfsobject in gebruik,0361100000104158
0361010000004723,1824ES,44,133,woonfunctie,Verblijfsobject in gebruik,0361100000025541
0361010000005172,1816GJ,11,97,woonfunctie,Verblijfsobject in gebruik,0361100000016547
0361010000000772,1825NT,28,52,woonfunctie,Verblijfsobject in gebruik,0361100000107050
0361010000004187,1827JS,22,56,woonfunctie,Verblijfsobject in gebruik,0361100000123677
0361010000003667,1816CV,2,105,woonfunctie,Verblijfsobject in gebruik,0361100000024194
0361010000002292,1815JN,1,177,woonfunctie,Verblijfsobject in gebruik,0361100000005071
0361010000002748,1815AD,40,45,woonfunctie,Verblijfsobject in gebruik,0361100000105887
0361010000000773,1825NV,32,52,woonfunctie,Verblijfsobject in gebruik,0361100000107050
0361010000005173,1816GJ,13,97,woonfunctie,Verblijfsobject in gebruik,0361100000102051
0361010000001237,1827AM,38,104,woonfunctie,Verblijfsobject in gebruik,0361100000042924
0361010000002749,1816BN,41,156,woonfunctie,Verblijfsobject in gebruik,0361100000024029
0361010000000774,1825NV,34,55,woonfunctie,Verblijfsobject in gebruik,0361100000107050
0361010000004725,1824ES,46,134,woonfunctie,Verblijfsobject in gebruik,0361100000025540
0361010000005174,1816GJ,15,97,woonfunctie,Verblijfsobject in gebruik,0361100000016548
0361010000003669,1816CV,4,102,woonfunctie,Verblijfsobject in gebruik,0361100000102404
0361010000001239,1827AM,40,120,woonfunctie,Verblijfsobject in gebruik,0361100000042923
0361010000000775,1825NV,36,62,woonfunctie,Verblijfsobject in gebruik,0361100000107050
0361010000001650,1813TA,18,106,woonfunctie,Verblijfsobject in gebruik,0361100000101519
0361010000005175,1816GJ,17,98,woonfunctie,Verblijfsobject in gebruik,0361100000016552
0361010000004189,1827JS,24,50,woonfunctie,Verblijfsobject in gebruik,0361100000123679
0361010000002750,1815AD,42,45,woonfunctie,Verblijfsobject in gebruik,0361100000105887
0361010000000776,1825NV,38,62,woonfunctie,Verblijfsobject in gebruik,0361100000107050
0361010000003670,1816CV,6,111,woonfunctie,Verblijfsobject in gebruik,0361100000024193
0361010000002751,1816BN,43,58,woonfunctie,Verblijfsobject in gebruik,0361100000024031
0361010000001651,1813TA,20,77,woonfunctie,Verblijfsobject in gebruik,0361100000101520
0361010000005176,1816GJ,19,97,woonfunctie,Verblijfsobject in gebruik,0361100000016555
0361010000001241,1827AM,42,104,woonfunctie,Verblijfsobject in gebruik,0361100000042920
0361010000004190,1827JT,25,56,woonfunctie,Verblijfsobject in gebruik,0361100000047050
0361010000004727,1824ET,48,137,woonfunctie,Verblijfsobject in gebruik,0361100000025264
0361010000000777,1825NV,40,62,woonfunctie,Verblijfsobject in gebruik,0361100000107050
0361010000003671,1816CV,8,107,woonfunctie,Verblijfsobject in gebruik,0361100000024190
0361010000003148,1813KZ,4,228,woonfunctie,Verblijfsobject in gebruik,0361100000000307
0361010000002752,1816BN,43,80,woonfunctie,Verblijfsobject in gebruik,0361100000024031
0361010000000778,1825NV,42,62,woonfunctie,Verblijfsobject in gebruik,0361100000107050
0361010000001652,1813TA,22,83,woonfunctie,Verblijfsobject in gebruik,0361100000101521
0361010000003672,1816CV,10,114,woonfunctie,Verblijfsobject in gebruik,0361100000024185
0361010000004191,1827JT,26,56,woonfunctie,Verblijfsobject in gebruik,0361100000047050
0361010000001243,1827AM,44,104,woonfunctie,Verblijfsobject in gebruik,0361100000042919
0361010000004729,1824ET,50,137,woonfunctie,Verblijfsobject in gebruik,0361100000025263
0361010000005177,1816GJ,21,128,woonfunctie,Verblijfsobject in gebruik,0361100000016557
0361010000000779,1825NV,44,62,woonfunctie,Verblijfsobject in gebruik,0361100000107050
0361010000002753,1815AD,44,45,woonfunctie,Verblijfsobject in gebruik,0361100000105887
0361010000003673,1816CV,12,96,woonfunctie,Verblijfsobject in gebruik,0361100000102405
0361010000003150,1813KZ,6,194,woonfunctie,Verblijfsobject in gebruik,0361100000000255
0361010000004192,1827JT,27,56,woonfunctie,Verblijfsobject in gebruik,0361100000047050
0361010000000780,1825NV,46,62,woonfunctie,Verblijfsobject in gebruik,0361100000107050
0361010000002754,1816BN,45,137,woonfunctie,Verblijfsobject in gebruik,0361100000024032
0361010000001245,1827AM,46,144,woonfunctie,Verblijfsobject in gebruik,0361100000042918
0361010000002755,1816BN,45,76,woonfunctie,Verblijfsobject in gebruik,0361100000024032
0361010000003674,1816CV,14,105,woonfunctie,Verblijfsobject in gebruik,0361100000024173
0361010000000781,1825NV,48,62,woonfunctie,Verblijfsobject in gebruik,0361100000107050
0361010000004193,1827JT,28,56,woonfunctie,Verblijfsobject in gebruik,0361100000047050
0361010000005178,1816GJ,23,128,woonfunctie,Verblijfsobject in gebruik,0361100000016559
0361010000003152,1813KZ,8,203,woonfunctie,Verblijfsobject in gebruik,0361100000000254
0361010000005179,1816GJ,25,16,overige gebruiksfunctie,Verblijfsobject in gebruik,0361100000107236
0361010000004194,1827JT,29,56,woonfunctie,Verblijfsobject in gebruik,0361100000047050
0361010000004731,1824ET,52,137,woonfunctie,Verblijfsobject in gebruik,0361100000025260
0361010000005180,1813VR,1,74,woonfunctie,Verblijfsobject in gebruik,0361100000006165
0361010000000782,1825NV,50,62,woonfunctie,Verblijfsobject in gebruik,0361100000107050
0361010000002756,1815AD,46,45,woonfunctie,Verblijfsobject in gebruik,0361100000105887
0361010000002299,1815JN,4,185,woonfunctie,Verblijfsobject in gebruik,0361100000006354
0361010000003675,1816CV,16,96,woonfunctie,Verblijfsobject in gebruik,0361100000024171
0361010000004195,1827JT,30,56,woonfunctie,Verblijfsobject in gebruik,0361100000047050
0361010000002300,1815JN,5,298,woonfunctie,Verblijfsobject in gebruik,0361100000005501
0361010000000783,1825NV,52,52,woonfunctie,Verblijfsobject in gebruik,0361100000107050
0361010000002757,1816BN,47,58,woonfunctie,Verblijfsobject in gebruik,0361100000024034
0361010000004733,1824ET,54,137,woonfunctie,Verblijfsobject in gebruik,0361100000025258
0361010000003154,1813KZ,10,193,woonfunctie,Verblijfsobject in gebruik,0361100000000194
0361010000005181,1813VS,2,108,woonfunctie,Verblijfsobject in gebruik,0361100000007056
0361010000002301,1815JN,6,138,woonfunctie,Verblijfsobject in gebruik,0361100000006486
0361010000004196,1827JT,31,56,woonfunctie,Verblijfsobject in gebruik,0361100000047048
0361010000003676,1816CV,18,96,woonfunctie,Verblijfsobject in gebruik,0361100000024170
0361010000000784,1825NV,54,52,woonfunctie,Verblijfsobject in gebruik,0361100000107050
0361010000001656,1813TA,30,61,woonfunctie,Verblijfsobject in gebruik,0361100000101525
0361010000005182,1813VR,3,74,woonfunctie,Verblijfsobject in gebruik,0361100000006164
0361010000002302,1815JN,7,265,woonfunctie,Verblijfsobject in gebruik,0361100000005553
0361010000002758,1816BN,47,76,woonfunctie,Verblijfsobject in gebruik,0361100000024034
0361010000001657,1813TA,32,61,woonfunctie,Verblijfsobject in gebruik,0361100000101526
0361010000000785,1825NV,56,52,woonfunctie,Verblijfsobject in gebruik,0361100000107050
0361010000004735,1824ET,56,137,woonfunctie,Verblijfsobject in gebruik,0361100000025257
0361010000005183,1813VS,4,93,woonfunctie,Verblijfsobject in gebruik,0361100000006269
0361010000002303,1815JN,8,138,woonfunctie,Verblijfsobject in gebruik,0361100000006487
0361010000003156,1813KZ,12,223,woonfunctie,Verblijfsobject in gebruik,0361100000000180
0361010000004197,1827JT,32,56,woonfunctie,Verblijfsobject in gebruik,0361100000047048
0361010000000786,1825NV,58,52,woonfunctie,Verblijfsobject in gebruik,0361100000107050
0361010000001666,1814ZH,1,137,woonfunctie,Verblijfsobject in gebruik,0361100000008968
0361010000002759,1815AD,48,45,woonfunctie,Verblijfsobject in gebruik,0361100000105887
0361010000005184,1813VR,5,74,woonfunctie,Verblijfsobject in gebruik,0361100000006163
0361010000002304,1815JN,9,159,woonfunctie,Verblijfsobject in gebruik,0361100000006058
0361010000000787,1825NW,60,63,woonfunctie,Verblijfsobject in gebruik,0361100000107050
0361010000001667,1814ZH,2,88,woonfunctie,Verblijfsobject in gebruik,0361100000008970
0361010000004737,1824ET,58,137,woonfunctie,Verblijfsobject in gebruik,0361100000025256
0361010000002760,1816BN,49,135,woonfunctie,Verblijfsobject in gebruik,0361100000024036
0361010000005185,1813VS,6,91,woonfunctie,Verblijfsobject in gebruik,0361100000006267
0361010000002305,1815JN,10,219,woonfunctie,Verblijfsobject in gebruik,0361100000006666
0361010000003677,1816CV,20,119,woonfunctie,Verblijfsobject in gebruik,0361100000024168
0361010000004198,1827JT,33,56,woonfunctie,Verblijfsobject in gebruik,0361100000047048
0361010000000788,1825NW,62,63,woonfunctie,Verblijfsobject in gebruik,0361100000107050
0361010000005186,1813VR,7,74,woonfunctie,Verblijfsobject in gebruik,0361100000006158
0361010000002761,1815AD,50,45,woonfunctie,Verblijfsobject in gebruik,0361100000105887
0361010000001769,1813ZD,105,33,woonfunctie,Verblijfsobject in gebruik,0361100000007314
0361010000000789,1825NW,64,63,woonfunctie,Verblijfsobject in gebruik,0361100000107050
0361010000005187,1813VS,8,82,woonfunctie,Verblijfsobject in gebruik,0361100000006265
0361010000003158,1813KZ,14,198,woonfunctie,Verblijfsobject in gebruik,0361100000000153
0361010000003678,1816CV,22,104,woonfunctie,Verblijfsobject in gebruik,0361100000024117
0361010000002306,1815JN,12,154,woonfunctie,Verblijfsobject in gebruik,0361100000006667
0361010000004199,1827JT,34,56,woonfunctie,Verblijfsobject in gebruik,0361100000047048
0361010000002762,1816BN,51,129,woonfunctie,Verblijfsobject in gebruik,0361100000024133
0361010000005188,1813VR,9,74,woonfunctie,Verblijfsobject in gebruik,0361100000006157
0361010000001770,1813ZD,106,33,woonfunctie,Verblijfsobject in gebruik,0361100000007314
0361010000000790,1825NW,66,63,woonfunctie,Verblijfsobject in gebruik,0361100000107050
0361010000004739,1824ET,60,137,woonfunctie,Verblijfsobject in gebruik,0361100000025254
0361010000002307,1815JN,14,193,woonfunctie,Verblijfsobject in gebruik,0361100000006806
0361010000005189,1813VS,10,82,woonfunctie,Verblijfsobject in gebruik,0361100000006263
0361010000003679,1816CV,24,96,woonfunctie,Verblijfsobject in gebruik,0361100000024115
0361010000001771,1813ZD,107,33,woonfunctie,Verblijfsobject in gebruik,0361100000007314
0361010000004200,1827JT,35,56,woonfunctie,Verblijfsobject in gebruik,0361100000047048
0361010000000791,1825NW,68,63,woonfunctie,Verblijfsobject in gebruik,0361100000107050
0361010000002308,1815JN,16,157,woonfunctie,Verblijfsobject in gebruik,0361100000006807
0361010000005190,1813VR,11,74,woonfunctie,Verblijfsobject in gebruik,0361100000006156
0361010000001772,1813ZD,108,33,woonfunctie,Verblijfsobject in gebruik,0361100000007314
0361010000001257,1826JA,1,116,woonfunctie,Verblijfsobject in gebruik,0361100000037880
0361010000000792,1825NW,70,63,woonfunctie,Verblijfsobject in gebruik,0361100000107050
0361010000002763,1815AD,52,45,woonfunctie,Verblijfsobject in gebruik,0361100000105887
0361010000004741,1824ET,62,137,woonfunctie,Verblijfsobject in gebruik,0361100000025253
0361010000004201,1827JT,36,56,woonfunctie,Verblijfsobject in gebruik,0361100000047048
0361010000003160,1813KZ,16,196,woonfunctie,Verblijfsobject in gebruik,0361100000000150
0361010000005191,1813VS,12,82,woonfunctie,Verblijfsobject in gebruik,0361100000006261
0361010000001773,1813ZD,109,33,woonfunctie,Verblijfsobject in gebruik,0361100000007314
0361010000003680,1816CV,26,100,woonfunctie,Verblijfsobject in gebruik,0361100000024114
0361010000002764,1816BN,53,58,woonfunctie,Verblijfsobject in gebruik,0361100000024134
0361010000000793,1825NR,71,90,woonfunctie,Verblijfsobject in gebruik,0361100000121385
0361010000002309,1817HK,2,137,woonfunctie,Verblijfsobject in gebruik,0361100000025839
0361010000005192,1813VR,13,74,woonfunctie,Verblijfsobject in gebruik,0361100000006155
0361010000001258,1826JC,2,155,woonfunctie,Verblijfsobject in gebruik,0361100000037614
0361010000001774,1813ZD,110,33,woonfunctie,Verblijfsobject in gebruik,0361100000007314
0361010000004202,1827JT,37,50,woonfunctie,Verblijfsobject in gebruik,0361100000123675
0361010000003681,1816CV,28,122,woonfunctie,Verblijfsobject in gebruik,0361100000024111
0361010000004743,1824ET,64,137,woonfunctie,Verblijfsobject in gebruik,0361100000025249
0361010000005193,1813VS,14,82,woonfunctie,Verblijfsobject in gebruik,0361100000101418
0361010000001259,1826JA,3,116,woonfunctie,Verblijfsobject in gebruik,0361100000037878
0361010000001775,1813ZD,111,33,woonfunctie,Verblijfsobject in gebruik,0361100000007314
0361010000005194,1813VR,15,74,woonfunctie,Verblijfsobject in gebruik,0361100000101421
0361010000002765,1816BN,53,81,woonfunctie,Verblijfsobject in gebruik,0361100000024134
0361010000001260,1826JC,4,139,woonfunctie,Verblijfsobject in gebruik,0361100000037613
0361010000002312,1817HK,4,131,woonfunctie,Verblijfsobject in gebruik,0361100000025840
0361010000003682,1816CV,30,95,woonfunctie,Verblijfsobject in gebruik,0361100000024110
0361010000005195,1813VS,16,82,woonfunctie,Verblijfsobject in gebruik,0361100000101417
0361010000004745,1824ET,66,137,woonfunctie,Verblijfsobject in gebruik,0361100000102744
0361010000001261,1826JA,5,116,woonfunctie,Verblijfsobject in gebruik,0361100000037877
0361010000002766,1815AD,54,45,woonfunctie,Verblijfsobject in gebruik,0361100000105887
0361010000002314,1817HJ,7,884,onderwijsfunctie,Verblijfsobject in gebruik,0361100000025830
0361010000004204,1827JT,39,56,woonfunctie,Verblijfsobject in gebruik,0361100000123672
0361010000005196,1813VR,17,74,woonfunctie,Verblijfsobject in gebruik,0361100000006152
0361010000001262,1826JC,6,142,woonfunctie,Verblijfsobject in gebruik,0361100000037612
0361010000002767,1816BN,55,53,woonfunctie,Verblijfsobject in gebruik,0361100000024135
0361010000001776,1813ZD,112,33,woonfunctie,Verblijfsobject in gebruik,0361100000007314
0361010000005197,1813VS,18,82,woonfunctie,Verblijfsobject in gebruik,0361100000006258
0361010000004747,1824ET,68,137,woonfunctie,Verblijfsobject in gebruik,0361100000025248
0361010000001263,1826JA,7,116,woonfunctie,Verblijfsobject in gebruik,0361100000037876
0361010000004205,1827JT,40,56,woonfunctie,Verblijfsobject in gebruik,0361100000123672
0361010000001777,1813ZD,113,33,woonfunctie,Verblijfsobject in gebruik,0361100000007314
0361010000005198,1813VR,19,74,woonfunctie,Verblijfsobject in gebruik,0361100000006149
0361010000002768,1816BN,55,78,woonfunctie,Verblijfsobject in gebruik,0361100000024135
0361010000001264,1826JC,8,139,woonfunctie,Verblijfsobject in gebruik,0361100000037611
0361010000001778,1813ZD,114,33,woonfunctie,Verblijfsobject in gebruik,0361100000007314
0361010000005199,1813VS,20,82,woonfunctie,Verblijfsobject in gebruik,0361100000006257
0361010000004206,1827JT,41,56,woonfunctie,Verblijfsobject in gebruik,0361100000123672
0361010000002317,1817HJ,11,1641,sportfunctie,Verblijfsobject in gebruik,0361100000026107
0361010000004749,1824ET,70,137,woonfunctie,Verblijfsobject in gebruik,0361100000025245
0361010000002769,1815AD,56,45,woonfunctie,Verblijfsobject in gebruik,0361100000105887
0361010000005200,1813VR,21,79,woonfunctie,Verblijfsobject in gebruik,0361100000006146
0361010000001779,1813ZD,115,33,woonfunctie,Verblijfsobject in gebruik,0361100000007314
0361010000001265,1826JA,9,74,woonfunctie,Verblijfsobject in gebruik,0361100000037875
0361010000004207,1827JT,42,56,woonfunctie,Verblijfsobject in gebruik,0361100000123672
0361010000005201,1813VS,22,82,woonfunctie,Verblijfsobject in gebruik,0361100000006254
0361010000002770,1816BN,57,141,woonfunctie,Verblijfsobject in gebruik,0361100000024138
0361010000001780,1813ZD,116,33,woonfunctie,Verblijfsobject in gebruik,0361100000007314
0361010000001266,1826JC,10,139,woonfunctie,Verblijfsobject in gebruik,0361100000037610
0361010000002319,1817HK,14,131,woonfunctie,Verblijfsobject in gebruik,0361100000026001
0361010000004751,1824ET,72,137,woonfunctie,Verblijfsobject in gebruik,0361100000025242
0361010000005202,1813VR,23,74,woonfunctie,Verblijfsobject in gebruik,0361100000006145
0361010000001781,1813ZD,117,33,woonfunctie,Verblijfsobject in gebruik,0361100000007314
0361010000002772,1816BN,59,58,woonfunctie,Verblijfsobject in gebruik,0361100000024139
0361010000001267,1826JA,11,70,woonfunctie,Verblijfsobject in gebruik,0361100000037875
0361010000002320,1817HK,16,131,woonfunctie,Verblijfsobject in gebruik,0361100000026002
0361010000004208,1827JT,43,56,woonfunctie,Verblijfsobject in gebruik,0361100000123672
0361010000005203,1813VS,24,82,woonfunctie,Verblijfsobject in gebruik,0361100000006253
0361010000001782,1813ZD,118,33,woonfunctie,Verblijfsobject in gebruik,0361100000007314
0361010000002773,1816BN,59,78,woonfunctie,Verblijfsobject in gebruik,0361100000024139
0361010000005204,1813VR,25,74,woonfunctie,Verblijfsobject in gebruik,0361100000006142
0361010000004753,1824ET,74,137,woonfunctie,Verblijfsobject in gebruik,0361100000025241
0361010000001783,1813ZD,119,33,woonfunctie,Verblijfsobject in gebruik,0361100000007314
0361010000003168,1831BN,1,131,woonfunctie,Verblijfsobject in gebruik,0361100000047610
0361010000004209,1827JT,44,56,woonfunctie,Verblijfsobject in gebruik,0361100000123672
0361010000002774,1816BN,61,155,woonfunctie,Verblijfsobject in gebruik,0361100000024140
0361010000003689,1825PX,2,68,woonfunctie,Verblijfsobject in gebruik,0361100000103802
0361010000005205,1813VS,26,82,woonfunctie,Verblijfsobject in gebruik,0361100000006248
0361010000003169,1831BN,2,133,woonfunctie,Verblijfsobject in gebruik,0361100000047558
0361010000001784,1813ZD,120,33,woonfunctie,Verblijfsobject in gebruik,0361100000007314
0361010000005206,1813VR,27,74,woonfunctie,Verblijfsobject in gebruik,0361100000006139
0361010000004210,1827JT,45,56,woonfunctie,Verblijfsobject in gebruik,0361100000123673
0361010000003170,1831BN,3,131,woonfunctie,Verblijfsobject in gebruik,0361100000047609
0361010000003690,1825PX,3,68,woonfunctie,Verblijfsobject in gebruik,0361100000103802
0361010000001785,1813ZE,121,95,woonfunctie,Verblijfsobject in gebruik,0361100000007314
0361010000005207,1813VS,28,82,woonfunctie,Verblijfsobject in gebruik,0361100000006247
0361010000004755,1824ET,76,137,woonfunctie,Verblijfsobject in gebruik,0361100000025240
0361010000001271,1826JA,13,74,woonfunctie,Verblijfsobject in gebruik,0361100000037875
0361010000002776,1816BP,63,137,woonfunctie,Verblijfsobject in gebruik,0361100000024259
0361010000003171,1831BN,4,132,woonfunctie,Verblijfsobject in gebruik,0361100000047557
0361010000004211,1827JT,46,56,woonfunctie,Verblijfsobject in gebruik,0361100000123673
0361010000001786,1813ZE,122,95,woonfunctie,Verblijfsobject in gebruik,0361100000007314
0361010000005208,1813VR,29,74,woonfunctie,Verblijfsobject in gebruik,0361100000006137
0361010000003172,1831BN,5,131,woonfunctie,Verblijfsobject in gebruik,0361100000047606
0361010000003691,1825PX,4,68,woonfunctie,Verblijfsobject in gebruik,0361100000103802
0361010000005209,1813VS,30,82,woonfunctie,Verblijfsobject in gebruik,0361100000006246
0361010000001787,1813ZE,123,95,woonfunctie,Verblijfsobject in gebruik,0361100000007314
0361010000004757,1824EV,78,137,woonfunctie,Verblijfsobject in gebruik,0361100000025429
0361010000004212,1827JT,47,56,woonfunctie,Verblijfsobject in gebruik,0361100000123673
0361010000003173,1831BN,6,131,woonfunctie,Verblijfsobject in gebruik,0361100000047555
0361010000001788,1813ZE,124,95,woonfunctie,Verblijfsobject in gebruik,0361100000007314
0361010000005210,1813VR,31,70,woonfunctie,Verblijfsobject in gebruik,0361100000005844
0361010000003692,1825PX,5,68,woonfunctie,Verblijfsobject in gebruik,0361100000103802
0361010000003174,1831BN,7,131,woonfunctie,Verblijfsobject in gebruik,0361100000047604
0361010000002322,1817HK,18,137,woonfunctie,Verblijfsobject in gebruik,0361100000026003
0361010000004213,1827JT,48,56,woonfunctie,Verblijfsobject in gebruik,0361100000123673
0361010000002778,1816BP,65,138,woonfunctie,Verblijfsobject in gebruik,0361100000024260
0361010000001789,1813ZE,125,95,woonfunctie,Verblijfsobject in gebruik,0361100000007314
0361010000005211,1815GD,1,161,woonfunctie,Verblijfsobject in gebruik,0361100000016511
0361010000004759,1824EV,80,137,woonfunctie,Verblijfsobject in gebruik,0361100000025431
0361010000003175,1831BN,8,132,woonfunctie,Verblijfsobject in gebruik,0361100000047554
0361010000001275,1826JA,15,72,woonfunctie,Verblijfsobject in gebruik,0361100000037875
0361010000002779,1816BP,67,140,woonfunctie,Verblijfsobject in gebruik,0361100000024261
0361010000001790,1813ZE,126,85,woonfunctie,Verblijfsobject in gebruik,0361100000007314
0361010000003693,1825PX,6,68,woonfunctie,Verblijfsobject in gebruik,0361100000103802
0361010000005212,1815GD,2,135,woonfunctie,Verblijfsobject in gebruik,0361100000016804
0361010000004214,1827JT,49,56,woonfunctie,Verblijfsobject in gebruik,0361100000123673
0361010000003176,1831BN,9,131,woonfunctie,Verblijfsobject in gebruik,0361100000047603
0361010000001276,1826JC,16,139,woonfunctie,Verblijfsobject in gebruik,0361100000037605
0361010000002323,1817HK,20,132,woonfunctie,Verblijfsobject in gebruik,0361100000102547
0361010000002780,1817BK,68,173,woonfunctie,Verblijfsobject in gebruik,0361100000102463
0361010000001791,1813ZE,127,95,woonfunctie,Verblijfsobject in gebruik,0361100000007314
0361010000004761,1824EV,82,148,woonfunctie,Verblijfsobject in gebruik,0361100000025432
0361010000003694,1825PX,7,68,woonfunctie,Verblijfsobject in gebruik,0361100000103802
0361010000001792,1813ZE,128,95,woonfunctie,Verblijfsobject in gebruik,0361100000007314
0361010000003177,1831BN,10,131,woonfunctie,Verblijfsobject in gebruik,0361100000047552
0361010000001277,1826JA,17,116,woonfunctie,Verblijfsobject in gebruik,0361100000037636
0361010000001793,1813ZE,129,95,woonfunctie,Verblijfsobject in gebruik,0361100000007314
0361010000002324,1817HK,24,131,woonfunctie,Verblijfsobject in gebruik,0361100000026319
0361010000002781,1816BP,69,142,woonfunctie,Verblijfsobject in gebruik,0361100000024265
0361010000003695,1825PX,8,68,woonfunctie,Verblijfsobject in gebruik,0361100000103802
0361010000005214,1815GD,4,155,woonfunctie,Verblijfsobject in gebruik,0361100000016801
0361010000004763,1824EV,84,137,woonfunctie,Verblijfsobject in gebruik,0361100000025435
0361010000004215,1827JT,50,56,woonfunctie,Verblijfsobject in gebruik,0361100000123673
0361010000003178,1831BN,11,133,woonfunctie,Verblijfsobject in gebruik,0361100000047601
0361010000001794,1813ZE,130,95,woonfunctie,Verblijfsobject in gebruik,0361100000007314
0361010000001278,1826JC,18,139,woonfunctie,Verblijfsobject in gebruik,0361100000037604
0361010000005215,1815GD,5,150,woonfunctie,Verblijfsobject in gebruik,0361100000016509
0361010000002782,1817BK,70,161,woonfunctie,Verblijfsobject in gebruik,0361100000024076
0361010000003179,1831BN,12,132,woonfunctie,Verblijfsobject in gebruik,0361100000047549
0361010000001795,1813ZE,131,95,woonfunctie,Verblijfsobject in gebruik,0361100000007314
0361010000004216,1827JT,51,56,woonfunctie,Verblijfsobject in gebruik,0361100000123674
0361010000001279,1826JA,19,114,woonfunctie,Verblijfsobject in gebruik,0361100000037635
0361010000003696,1825PX,9,68,woonfunctie,Verblijfsobject in gebruik,0361100000103802
0361010000002783,1816BP,71,134,woonfunctie,Verblijfsobject in gebruik,0361100000102437
0361010000004765,1824EV,86,137,woonfunctie,Verblijfsobject in gebruik,0361100000025437
0361010000003180,1831BN,13,133,woonfunctie,Verblijfsobject in gebruik,0361100000047599
0361010000001796,1813ZE,132,95,woonfunctie,Verblijfsobject in gebruik,0361100000007314
0361010000004217,1827JV,52,108,woonfunctie,Verblijfsobject in gebruik,0361100000046742
0361010000001280,1826JC,20,139,woonfunctie,Verblijfsobject in gebruik,0361100000037603
0361010000002784,1817BK,72,175,woonfunctie,Verblijfsobject in gebruik,0361100000024080
0361010000005217,1815GD,7,143,woonfunctie,Verblijfsobject in gebruik,0361100000016508
0361010000003181,1831BN,14,134,woonfunctie,Verblijfsobject in gebruik,0361100000047548
0361010000001797,1813ZE,133,85,woonfunctie,Verblijfsobject in gebruik,0361100000007314
0361010000004218,1827JV,53,108,woonfunctie,Verblijfsobject in gebruik,0361100000046738
0361010000003697,1825PX,10,68,woonfunctie,Verblijfsobject in gebruik,0361100000103802
0361010000001281,1826JA,21,117,woonfunctie,Verblijfsobject in gebruik,0361100000037634
0361010000005218,1815GD,8,147,woonfunctie,Verblijfsobject in gebruik,0361100000016797
0361010000003182,1831BN,15,133,woonfunctie,Verblijfsobject in gebruik,0361100000047597
0361010000004767,1824EV,88,137,woonfunctie,Verblijfsobject in gebruik,0361100000025440
0361010000004219,1827JV,54,108,woonfunctie,Verblijfsobject in gebruik,0361100000046732
0361010000001798,1813ZE,134,95,woonfunctie,Verblijfsobject in gebruik,0361100000007314
0361010000001282,1826JC,22,139,woonfunctie,Verblijfsobject in gebruik,0361100000037602
0361010000005219,1815GD,9,158,woonfunctie,Verblijfsobject in gebruik,0361100000016507
0361010000003183,1831BN,16,132,woonfunctie,Verblijfsobject in gebruik,0361100000047547
0361010000003698,1825PX,11,68,woonfunctie,Verblijfsobject in gebruik,0361100000103802
0361010000004220,1827JV,55,108,woonfunctie,Verblijfsobject in gebruik,0361100000046731
0361010000001799,1813ZE,135,95,woonfunctie,Verblijfsobject in gebruik,0361100000007314
0361010000001283,1826JA,23,116,woonfunctie,Verblijfsobject in gebruik,0361100000037434
0361010000005220,1815GD,10,152,woonfunctie,Verblijfsobject in gebruik,0361100000016796
0361010000004769,1824EV,90,137,woonfunctie,Verblijfsobject in gebruik,0361100000025441
0361010000001800,1813ZE,136,95,woonfunctie,Verblijfsobject in gebruik,0361100000007314
0361010000002785,1816BP,73,177,woonfunctie,Verblijfsobject in gebruik,0361100000024267
0361010000004221,1827JV,56,124,woonfunctie,Verblijfsobject in gebruik,0361100000046730
0361010000001284,1826JC,24,139,woonfunctie,Verblijfsobject in gebruik,0361100000037601
0361010000005222,1815GD,12,211,woonfunctie,Verblijfsobject in gebruik,0361100000016584
0361010000003699,1825PX,12,68,woonfunctie,Verblijfsobject in gebruik,0361100000103802
0361010000002331,1817HK,38,138,woonfunctie,Verblijfsobject in gebruik,0361100000026333
0361010000003185,1831BN,18,127,woonfunctie,Verblijfsobject in gebruik,0361100000047546
0361010000001801,1813ZE,137,95,woonfunctie,Verblijfsobject in gebruik,0361100000007314
0361010000004222,1827JV,57,139,woonfunctie,Verblijfsobject in gebruik,0361100000046604
0361010000005225,1827DC,1,75,woonfunctie,Verblijfsobject in gebruik,0361100000041771
0361010000002786,1817BK,74,130,woonfunctie,Verblijfsobject in gebruik,0361100000024143
0361010000001285,1826JA,25,116,woonfunctie,Verblijfsobject in gebruik,0361100000037433
0361010000003186,1831AB,2,150,"kantoorfunctie,woonfunctie",Verblijfsobject in gebruik,0361100000047857
0361010000004771,1824EV,92,137,woonfunctie,Verblijfsobject in gebruik,0361100000025442
0361010000001802,1813ZE,138,95,woonfunctie,Verblijfsobject in gebruik,0361100000007314
0361010000005226,1827DD,2,75,woonfunctie,Verblijfsobject in gebruik,0361100000041932
0361010000004223,1827JV,58,117,woonfunctie,Verblijfsobject in gebruik,0361100000046601
0361010000003700,1825PX,13,68,woonfunctie,Verblijfsobject in gebruik,0361100000103802
0361010000001286,1826JC,26,120,woonfunctie,Verblijfsobject in gebruik,0361100000037595
0361010000002332,1817HK,40,136,woonfunctie,Verblijfsobject in gebruik,0361100000026583
0361010000003187,1831AB,4,119,woonfunctie,Verblijfsobject in gebruik,0361100000103605
0361010000005671,1829XE,23,125,woonfunctie,Verblijfsobject in gebruik,0361100000011892
0361010000002787,1816BP,75,198,woonfunctie,Verblijfsobject in gebruik,0361100000024370
0361010000005227,1827DC,3,75,woonfunctie,Verblijfsobject in gebruik,0361100000041767
0361010000001287,1826JA,27,116,woonfunctie,Verblijfsobject in gebruik,0361100000037432
0361010000005672,1829XG,24,145,woonfunctie,Verblijfsobject in gebruik,0361100000010413
0361010000003701,1825PX,14,68,woonfunctie,Verblijfsobject in gebruik,0361100000103802
0361010000005228,1827DD,4,75,woonfunctie,Verblijfsobject in gebruik,0361100000041931
0361010000002333,1817HK,42,139,woonfunctie,Verblijfsobject in gebruik,0361100000026584
0361010000004773,1824EV,94,137,woonfunctie,Verblijfsobject in gebruik,0361100000025444
0361010000002788,1817BK,76,112,woonfunctie,Verblijfsobject in gebruik,0361100000102462
0361010000001288,1826JC,28,110,woonfunctie,Verblijfsobject in gebruik,0361100000037597
0361010000004225,1827JV,60,118,woonfunctie,Verblijfsobject in gebruik,0361100000046594
0361010000005229,1827DC,5,90,woonfunctie,Verblijfsobject in gebruik,0361100000041764
0361010000005673,1829XE,25,125,woonfunctie,Verblijfsobject in gebruik,0361100000011898
0361010000002334,1817HK,44,131,woonfunctie,Verblijfsobject in gebruik,0361100000026585
0361010000001289,1826JA,29,116,woonfunctie,Verblijfsobject in gebruik,0361100000037431
0361010000002789,1816BP,77,132,woonfunctie,Verblijfsobject in gebruik,0361100000024371
0361010000003189,1831AB,6,100,woonfunctie,Verblijfsobject in gebruik,0361100000047858
0361010000004226,1827JV,61,118,woonfunctie,Verblijfsobject in gebruik,0361100000046591
0361010000003702,1825PX,15,68,woonfunctie,Verblijfsobject in gebruik,0361100000103802
0361010000005230,1827DD,6,75,woonfunctie,Verblijfsobject in gebruik,0361100000103429
0361010000002335,1817HK,46,131,woonfunctie,Verblijfsobject in gebruik,0361100000026588
0361010000005674,1829XG,26,140,woonfunctie,Verblijfsobject in gebruik,0361100000010416
0361010000001290,1826JC,30,110,woonfunctie,Verblijfsobject in gebruik,0361100000037598
0361010000004775,1824EV,96,137,woonfunctie,Verblijfsobject in gebruik,0361100000025445
0361010000002790,1817BK,78,158,woonfunctie,Verblijfsobject in gebruik,0361100000024195
0361010000001811,1811DL,3,149,woonfunctie,Verblijfsobject in gebruik,0361100000105116
0361010000004227,1827JV,62,118,woonfunctie,Verblijfsobject in gebruik,0361100000046585
0361010000005231,1827DC,7,75,woonfunctie,Verblijfsobject in gebruik,0361100000041763
0361010000001291,1826JA,31,116,woonfunctie,Verblijfsobject in gebruik,0361100000037430
0361010000005675,1829XE,27,125,woonfunctie,Verblijfsobject in gebruik,0361100000011899
0361010000003703,1825PX,16,68,woonfunctie,Verblijfsobject in gebruik,0361100000103802
0361010000002791,1816BP,79,140,woonfunctie,Verblijfsobject in gebruik,0361100000024372
0361010000005232,1827DD,8,75,woonfunctie,Verblijfsobject in gebruik,0361100000041927
0361010000003190,1831AC,7,105,woonfunctie,Verblijfsobject in gebruik,0361100000047997
0361010000004228,1827JV,63,115,woonfunctie,Verblijfsobject in gebruik,0361100000046586
0361010000001292,1826JC,32,120,woonfunctie,Verblijfsobject in gebruik,0361100000037600
0361010000002336,1817HK,48,134,woonfunctie,Verblijfsobject in gebruik,0361100000026589
0361010000005676,1829XG,28,133,woonfunctie,Verblijfsobject in gebruik,0361100000010418
0361010000001813,1811DL,5,86,woonfunctie,Verblijfsobject in gebruik,0361100000105117
0361010000002792,1817BK,80,368,woonfunctie,Verblijfsobject in gebruik,0361100000024230
0361010000005233,1827DC,9,75,woonfunctie,Verblijfsobject in gebruik,0361100000041795
0361010000003191,1831AB,8,103,woonfunctie,Verblijfsobject in gebruik,0361100000047860
0361010000004229,1827JV,64,111,woonfunctie,Verblijfsobject in gebruik,0361100000046588
0361010000001293,1826JA,33,116,woonfunctie,Verblijfsobject in gebruik,0361100000037429
0361010000003704,1825PX,17,68,woonfunctie,Verblijfsobject in gebruik,0361100000103802
0361010000005677,1829XE,29,138,woonfunctie,Verblijfsobject in gebruik,0361100000011900
0361010000001814,1811DL,6,50,woonfunctie,Verblijfsobject in gebruik,0361100000105112
0361010000003192,1831AC,9,100,woonfunctie,Verblijfsobject in gebruik,0361100000047996
0361010000005234,1827DD,10,75,woonfunctie,Verblijfsobject in gebruik,0361100000041923
0361010000004230,1827JV,65,111,woonfunctie,Verblijfsobject in gebruik,0361100000046590
0361010000001294,1826JD,34,132,woonfunctie,Verblijfsobject in gebruik,0361100000038019
0361010000002337,1817HK,50,138,woonfunctie,Verblijfsobject in gebruik,0361100000026592
0361010000005678,1829XG,30,124,woonfunctie,Verblijfsobject in gebruik,0361100000010420
0361010000002793,1817BK,80,200,gezondheidszorgfunctie,Verbouwing verblijfsobject,0361100000024232
0361010000005235,1827DC,11,75,woonfunctie,Verblijfsobject in gebruik,0361100000041796
0361010000003193,1831AB,10,103,woonfunctie,Verblijfsobject in gebruik,0361100000047861
0361010000004777,1824EV,98,160,woonfunctie,Verblijfsobject in gebruik,0361100000025450
0361010000004231,1827JV,66,112,woonfunctie,Verblijfsobject in gebruik,0361100000046592
0361010000003705,1825PX,18,68,woonfunctie,Verblijfsobject in gebruik,0361100000103802
0361010000001295,1826JA,35,116,woonfunctie,Verblijfsobject in gebruik,0361100000037427
0361010000002338,1817HL,54,131,woonfunctie,Verblijfsobject in gebruik,0361100000027211
0361010000001815,1811DL,7,86,woonfunctie,Verblijfsobject in gebruik,0361100000105118
0361010000005679,1829XE,31,125,woonfunctie,Verblijfsobject in gebruik,0361100000011901
0361010000002794,1816BP,81,133,woonfunctie,Verblijfsobject in gebruik,0361100000024441
0361010000005236,1827DD,12,75,woonfunctie,Verblijfsobject in gebruik,0361100000041922
0361010000003194,1831AC,11,100,woonfunctie,Verblijfsobject in gebruik,0361100000047995
0361010000004232,1827JV,67,127,woonfunctie,Verblijfsobject in gebruik,0361100000046596
0361010000001296,1826JD,36,115,woonfunctie,Verblijfsobject in gebruik,0361100000038020
0361010000005680,1829XG,32,124,woonfunctie,Verblijfsobject in gebruik,0361100000010422
0361010000004779,1824EV,100,137,woonfunctie,Verblijfsobject in gebruik,0361100000102756
0361010000005237,1827DC,13,75,woonfunctie,Verblijfsobject in gebruik,0361100000041798
0361010000003195,1831AB,12,100,woonfunctie,Verblijfsobject in gebruik,0361100000047863
0361010000003706,1825PX,19,68,woonfunctie,Verblijfsobject in gebruik,0361100000103802
0361010000001816,1811DL,8,41,woonfunctie,Verbouwing verblijfsobject,0361100000105112
0361010000004233,1827JV,68,108,woonfunctie,Verblijfsobject in gebruik,0361100000046600
0361010000002340,1817HL,58,131,woonfunctie,Verblijfsobject in gebruik,0361100000027214
0361010000005681,1829XE,33,151,woonfunctie,Verblijfsobject in gebruik,0361100000012689
0361010000004780,1824EV,102,137,woonfunctie,Verblijfsobject in gebruik,0361100000025455
0361010000005238,1827DD,14,80,woonfunctie,Verblijfsobject in gebruik,0361100000042172
0361010000003196,1831AC,13,103,woonfunctie,Verblijfsobject in gebruik,0361100000047977
0361010000002796,1816BP,83,145,woonfunctie,Verblijfsobject in gebruik,0361100000024442
0361010000005682,1829XG,34,17,overige gebruiksfunctie,Verblijfsobject in gebruik,0361100000106736
0361010000004234,1827JV,69,132,woonfunctie,Verblijfsobject in gebruik,0361100000046987
0361010000002341,1817HL,60,131,woonfunctie,Verblijfsobject in gebruik,0361100000027218
0361010000001817,1811DL,9,123,woonfunctie,Verblijfsobject in gebruik,0361100000105119
0361010000004781,1824EV,104,137,woonfunctie,Verblijfsobject in gebruik,0361100000025457
0361010000003707,1825PX,20,68,woonfunctie,Verblijfsobject in gebruik,0361100000103802
0361010000005683,1829XE,35,139,woonfunctie,Verblijfsobject in gebruik,0361100000012690
0361010000005684,1829XG,36,17,overige gebruiksfunctie,Verblijfsobject in gebruik,0361100000106735
0361010000004782,1824EV,106,137,woonfunctie,Verblijfsobject in gebruik,0361100000025460
0361010000002342,1817HL,62,131,woonfunctie,Verblijfsobject in gebruik,0361100000027219
0361010000005240,1827DD,16,80,woonfunctie,Verblijfsobject in gebruik,0361100000042173
0361010000003197,1831AB,14,106,woonfunctie,Verblijfsobject in gebruik,0361100000047864
0361010000005685,1829XE,37,138,woonfunctie,Verblijfsobject in gebruik,0361100000012694
0361010000002343,1817HL,64,131,woonfunctie,Verblijfsobject in gebruik,0361100000027221
0361010000001818,1811DL,10,35,woonfunctie,Verblijfsobject in gebruik,0361100000105098
0361010000003708,1825PX,21,68,woonfunctie,Verblijfsobject in gebruik,0361100000103802
0361010000004783,1824EV,108,137,woonfunctie,Verblijfsobject in gebruik,0361100000102757
0361010000004235,1827JV,70,136,woonfunctie,Verblijfsobject in gebruik,0361100000046988
0361010000005686,1829XG,38,17,overige gebruiksfunctie,Verblijfsobject in gebruik,0361100000106734
0361010000005241,1827DC,17,77,woonfunctie,Verblijfsobject in gebruik,0361100000041802
0361010000003198,1831AC,15,100,woonfunctie,Verblijfsobject in gebruik,0361100000047978
0361010000002344,1817HL,66,131,woonfunctie,Verblijfsobject in gebruik,0361100000027223
0361010000004784,1824EV,110,137,woonfunctie,Verblijfsobject in gebruik,0361100000025462
0361010000005687,1829XE,39,126,woonfunctie,Verblijfsobject in gebruik,0361100000012696
0361010000003199,1831AB,16,106,woonfunctie,Verblijfsobject in gebruik,0361100000047865
0361010000005242,1827DD,18,80,woonfunctie,Verblijfsobject in gebruik,0361100000042175
0361010000003709,1825PX,22,68,woonfunctie,Verblijfsobject in gebruik,0361100000103802
0361010000005688,1829XG,40,17,overige gebruiksfunctie,Verblijfsobject in gebruik,0361100000106733
0361010000002798,1816BP,85,140,woonfunctie,Verblijfsobject in gebruik,0361100000024443
0361010000002345,1817HL,68,131,woonfunctie,Verblijfsobject in gebruik,0361100000027225
0361010000005689,1829XG,44,17,overige gebruiksfunctie,Verblijfsobject in gebruik,0361100000106732
0361010000004785,1824EV,112,137,woonfunctie,Verblijfsobject in gebruik,0361100000025463
0361010000005690,1829XG,46,17,overige gebruiksfunctie,Verblijfsobject in gebruik,0361100000106731
0361010000005243,1827DC,19,75,woonfunctie,Verblijfsobject in gebruik,0361100000041803
0361010000003200,1831AC,17,100,woonfunctie,Verblijfsobject in gebruik,0361100000047979
0361010000002346,1817HL,70,131,woonfunctie,Verblijfsobject in gebruik,0361100000027730
0361010000004786,1824EV,114,137,woonfunctie,Verblijfsobject in gebruik,0361100000025465
0361010000001819,1811DL,11,121,woonfunctie,Verblijfsobject in gebruik,0361100000105120
0361010000003710,1825PX,23,68,woonfunctie,Verblijfsobject in gebruik,0361100000103802
0361010000002799,1816BP,87,147,woonfunctie,Verblijfsobject in gebruik,0361100000024501
0361010000005691,1829XG,48,142,woonfunctie,Verblijfsobject in gebruik,0361100000010693
0361010000003201,1831AB,18,103,woonfunctie,Verblijfsobject in gebruik,0361100000047866
0361010000004236,1827JV,71,112,woonfunctie,Verblijfsobject in gebruik,0361100000046989
0361010000005244,1827DD,20,80,woonfunctie,Verblijfsobject in gebruik,0361100000042177
0361010000002347,1817HL,72,131,woonfunctie,Verblijfsobject in gebruik,0361100000027732
0361010000004787,1824EW,116,137,woonfunctie,Verblijfsobject in gebruik,0361100000026041
0361010000005692,1829XH,50,125,woonfunctie,Verblijfsobject in gebruik,0361100000010692
0361010000002800,1816BP,89,117,woonfunctie,Verblijfsobject in gebruik,0361100000024502
0361010000001820,1811DL,12,61,woonfunctie,Verblijfsobject in gebruik,0361100000105111
0361010000003711,1825PX,24,68,woonfunctie,Verblijfsobject in gebruik,0361100000103802
0361010000005245,1827DC,21,75,woonfunctie,Verblijfsobject in gebruik,0361100000041805
0361010000003202,1831AC,19,103,woonfunctie,Verblijfsobject in gebruik,0361100000047980
0361010000004237,1827JV,72,108,woonfunctie,Verblijfsobject in gebruik,0361100000046990
0361010000004788,1824EW,118,137,woonfunctie,Verblijfsobject in gebruik,0361100000102758
0361010000002348,1817HL,74,131,woonfunctie,Verblijfsobject in gebruik,0361100000102641
0361010000005693,1829XH,52,124,woonfunctie,Verblijfsobject in gebruik,0361100000010689
0361010000005246,1827DD,22,80,woonfunctie,Verblijfsobject in gebruik,0361100000042182
0361010000001821,1811DL,13,157,woonfunctie,Verblijfsobject in gebruik,0361100000105121
0361010000003203,1831AB,20,121,woonfunctie,Verblijfsobject in gebruik,0361100000047872
0361010000002349,1817HL,76,131,woonfunctie,Verblijfsobject in gebruik,0361100000027736
0361010000004789,1824EW,120,137,woonfunctie,Verblijfsobject in gebruik,0361100000102759
0361010000003712,1825PX,25,68,woonfunctie,Verblijfsobject in gebruik,0361100000103802
0361010000005694,1829XH,54,149,woonfunctie,Verblijfsobject in gebruik,0361100000010687
0361010000002802,1816BP,93,93,woonfunctie,Verblijfsobject in gebruik,0361100000024503
0361010000003204,1831AB,22,121,woonfunctie,Verblijfsobject in gebruik,0361100000047871
0361010000005247,1827DC,23,75,woonfunctie,Verblijfsobject in gebruik,0361100000041808
0361010000004239,1827JV,74,108,woonfunctie,Verblijfsobject in gebruik,0361100000046881
0361010000002350,1817HL,78,131,woonfunctie,Verblijfsobject in gebruik,0361100000102642
0361010000004790,1824EW,122,137,woonfunctie,Verblijfsobject in gebruik,0361100000026045
0361010000005695,1829XH,56,124,woonfunctie,Verblijfsobject in gebruik,0361100000010684
0361010000003205,1831AB,24,148,woonfunctie,Verblijfsobject in gebruik,0361100000047870
0361010000005248,1827DD,24,80,woonfunctie,Verblijfsobject in gebruik,0361100000042183
0361010000004240,1827JV,75,108,woonfunctie,Verblijfsobject in gebruik,0361100000046875
0361010000003713,1825PX,26,68,woonfunctie,Verblijfsobject in gebruik,0361100000103802
0361010000004791,1824EW,124,137,woonfunctie,Verblijfsobject in gebruik,0361100000102760
0361010000002351,1817HL,80,131,woonfunctie,Verblijfsobject in gebruik,0361100000027739
0361010000002803,1817MN,94,238,woonfunctie,Verblijfsobject in gebruik,0361100000031462
0361010000005696,1829XH,58,125,woonfunctie,Verblijfsobject in gebruik,0361100000010683
0361010000005249,1827DC,25,75,woonfunctie,Verblijfsobject in gebruik,0361100000041809
0361010000003206,1831AB,26,125,woonfunctie,Verblijfsobject in gebruik,0361100000047869
0361010000004241,1827JV,76,108,woonfunctie,Verblijfsobject in gebruik,0361100000046874
0361010000001822,1811DL,16,71,woonfunctie,Verblijfsobject in gebruik,0361100000105110
0361010000004792,1824EW,126,137,woonfunctie,Verblijfsobject in gebruik,0361100000102761
0361010000002352,1817HL,84,131,woonfunctie,Verblijfsobject in gebruik,0361100000028650
0361010000005250,1827DC,27,78,woonfunctie,Verblijfsobject in gebruik,0361100000041812
0361010000003714,1825PX,27,68,woonfunctie,Verblijfsobject in gebruik,0361100000103802
0361010000001823,1811DL,18,82,"industriefunctie,winkelfunctie",Verblijfsobject in gebruik,0361100000105110
0361010000004793,1824EW,128,137,woonfunctie,Verblijfsobject in gebruik,0361100000026049
0361010000004242,1827JV,77,108,woonfunctie,Verblijfsobject in gebruik,0361100000046872
0361010000002353,1817HL,86,133,woonfunctie,Verblijfsobject in gebruik,0361100000028652
0361010000005251,1827DC,29,78,woonfunctie,Verblijfsobject in gebruik,0361100000041814
0361010000004794,1824EW,130,137,woonfunctie,Verblijfsobject in gebruik,0361100000026051
0361010000004243,1827JV,78,108,woonfunctie,Verblijfsobject in gebruik,0361100000046871
0361010000003715,1825PX,28,68,woonfunctie,Verblijfsobject in gebruik,0361100000103802
0361010000002807,1817MN,102,91,woonfunctie,Verblijfsobject in gebruik,0361100000028412
0361010000002354,1817HL,88,131,woonfunctie,Verblijfsobject in gebruik,0361100000102599
0361010000005252,1827DC,31,75,woonfunctie,Verblijfsobject in gebruik,0361100000041815
0361010000004795,1824EW,132,137,woonfunctie,Verblijfsobject in gebruik,0361100000026056
0361010000004244,1827JV,79,108,woonfunctie,Verblijfsobject in gebruik,0361100000046867
0361010000003207,1831AB,28,124,woonfunctie,Verblijfsobject in gebruik,0361100000047868
0361010000002355,1817HL,90,131,woonfunctie,Verblijfsobject in gebruik,0361100000028657
0361010000005698,1829XH,62,160,woonfunctie,Verblijfsobject in gebruik,0361100000011084
0361010000001824,1811DL,20,74,woonfunctie,Verblijfsobject in gebruik,0361100000105110
0361010000003716,1825PX,29,68,woonfunctie,Verblijfsobject in gebruik,0361100000103802
0361010000004796,1824EW,134,137,woonfunctie,Verblijfsobject in gebruik,0361100000026059
0361010000004245,1827JV,80,108,woonfunctie,Verblijfsobject in gebruik,0361100000046866
0361010000002809,1817MN,108,42,woonfunctie,Verblijfsobject in gebruik,0361100000028262
0361010000003208,1831AB,30,134,woonfunctie,Verblijfsobject in gebruik,0361100000047867
0361010000005253,1813CD,1,98,woonfunctie,Verblijfsobject in gebruik,0361100000003038
0361010000005699,1829XH,64,126,woonfunctie,Verblijfsobject in gebruik,0361100000100961
0361010000004797,1824EW,136,137,woonfunctie,Verblijfsobject in gebruik,0361100000026336
0361010000004246,1827JV,81,124,woonfunctie,Verblijfsobject in gebruik,0361100000046865
0361010000003717,1825PX,30,68,woonfunctie,Verblijfsobject in gebruik,0361100000103802
0361010000005254,1813CD,2,97,woonfunctie,Verblijfsobject in gebruik,0361100000003039
0361010000003209,1831AB,32,100,woonfunctie,Verblijfsobject in gebruik,0361100000047794
0361010000005700,1829XH,66,124,woonfunctie,Verblijfsobject in gebruik,0361100000011086
0361010000002356,1817HL,92,138,woonfunctie,Verblijfsobject in gebruik,0361100000028738
0361010000004798,1824EW,138,148,woonfunctie,Verblijfsobject in gebruik,0361100000026337
0361010000004247,1827JW,82,108,woonfunctie,Verblijfsobject in gebruik,0361100000046655
0361010000001825,1811DL,22,126,woonfunctie,Verblijfsobject in gebruik,0361100000105102
0361010000005701,1829XH,68,124,woonfunctie,Verblijfsobject in gebruik,0361100000100960
0361010000005255,1813CD,3,97,woonfunctie,Verblijfsobject in gebruik,0361100000003040
0361010000003210,1831AB,34,104,woonfunctie,Verblijfsobject in gebruik,0361100000047792
0361010000002357,1817HL,94,138,woonfunctie,Verblijfsobject in gebruik,0361100000028739
0361010000004799,1824EW,140,137,woonfunctie,Verblijfsobject in gebruik,0361100000026338
0361010000003718,1825PX,31,68,woonfunctie,Verblijfsobject in gebruik,0361100000103802
0361010000004248,1827JW,83,108,woonfunctie,Verblijfsobject in gebruik,0361100000046654
0361010000005702,1829XH,70,124,woonfunctie,Verblijfsobject in gebruik,0361100000011087
0361010000001826,1811DL,30,109,woonfunctie,Verblijfsobject in gebruik,0361100000105107
0361010000005256,1813CD,4,97,woonfunctie,Verblijfsobject in gebruik,0361100000003041
0361010000003211,1831AB,36,100,woonfunctie,Verblijfsobject in gebruik,0361100000047791
0361010000002358,1817HL,96,131,woonfunctie,Verblijfsobject in gebruik,0361100000028740
0361010000004800,1824EW,142,137,woonfunctie,Verblijfsobject in gebruik,0361100000026340
0361010000005703,1829XH,72,134,woonfunctie,Verblijfsobject in gebruik,0361100000011090
0361010000004249,1827JW,84,135,woonfunctie,Verblijfsobject in gebruik,0361100000046653
0361010000005257,1813CD,5,97,woonfunctie,Verblijfsobject in gebruik,0361100000003044
0361010000002812,1817BK,126,125,woonfunctie,Verblijfsobject in gebruik,0361100000024727
0361010000002359,1817HL,98,135,woonfunctie,Verblijfsobject in gebruik,0361100000028741
0361010000004801,1824EW,144,137,woonfunctie,Verblijfsobject in gebruik,0361100000026342
0361010000003719,1825PX,32,68,woonfunctie,Verblijfsobject in gebruik,0361100000103802
0361010000003212,1831AB,38,115,woonfunctie,Verblijfsobject in gebruik,0361100000047789
0361010000005704,1829XH,74,124,woonfunctie,Verblijfsobject in gebruik,0361100000011091
0361010000005258,1813CD,6,97,woonfunctie,Verblijfsobject in gebruik,0361100000003045
0361010000004250,1827JW,85,137,woonfunctie,Verblijfsobject in gebruik,0361100000046629
0361010000002813,1817BK,130,127,woonfunctie,Verblijfsobject in gebruik,0361100000024729
0361010000004802,1824EW,146,137,woonfunctie,Verblijfsobject in gebruik,0361100000026344
0361010000001828,1811DL,36,79,woonfunctie,Verblijfsobject in gebruik,0361100000105140
0361010000003213,1831AB,40,108,woonfunctie,Verblijfsobject in gebruik,0361100000047795
0361010000005705,1829XH,76,124,woonfunctie,Verblijfsobject in gebruik,0361100000011093
0361010000005259,1813CD,7,89,woonfunctie,Verblijfsobject in gebruik,0361100000101566
0361010000002360,1817HM,106,110,woonfunctie,Verblijfsobject in gebruik,0361100000028139
0361010000004251,1827JW,86,136,woonfunctie,Verblijfsobject in gebruik,0361100000046630
0361010000003720,1825PX,33,68,woonfunctie,Verblijfsobject in gebruik,0361100000103802
0361010000005706,1829XJ,80,17,overige gebruiksfunctie,Verblijfsobject in gebruik,0361100000100978
0361010000005260,1813AA,39,1380,sportfunctie,Verblijfsobject in gebruik,0361100000003019
0361010000004803,1824EW,148,137,woonfunctie,Verblijfsobject in gebruik,0361100000026346
0361010000005707,1829XJ,82,17,overige gebruiksfunctie,Verblijfsobject in gebruik,0361100000100977
0361010000003214,1831AB,42,108,woonfunctie,Verblijfsobject in gebruik,0361100000047796
0361010000002814,1817ML,143,364,woonfunctie,Verblijfsobject in gebruik,0361100000033084
0361010000004252,1827JW,87,137,woonfunctie,Verblijfsobject in gebruik,0361100000046631
0361010000005708,1829XJ,84,17,overige gebruiksfunctie,Verblijfsobject in gebruik,0361100000100976
0361010000002815,1817ML,145,2878,"industriefunctie,woonfunctie",Verblijfsobject in gebruik,0361100000033110
0361010000004804,1824EW,150,137,woonfunctie,Verblijfsobject in gebruik,0361100000026349
0361010000005709,1829XJ,86,17,overige gebruiksfunctie,Verblijfsobject in gebruik,0361100000100975
0361010000002361,1817HM,108,110,woonfunctie,Verblijfsobject in gebruik,0361100000028134
0361010000003215,1831AB,44,108,woonfunctie,Verblijfsobject in gebruik,0361100000047797
0361010000003721,1825PX,34,68,woonfunctie,Verblijfsobject in gebruik,0361100000103802
0361010000005710,1829XJ,88,17,overige gebruiksfunctie,Verblijfsobject in gebruik,0361100000100974
0361010000004253,1827JW,88,140,woonfunctie,Verblijfsobject in gebruik,0361100000046632
0361010000002816,1817ML,147,133,woonfunctie,Verblijfsobject in gebruik,0361100000032947
0361010000005711,1829XJ,90,17,overige gebruiksfunctie,Verblijfsobject in gebruik,0361100000100973
0361010000004805,1824EW,152,137,woonfunctie,Verblijfsobject in gebruik,0361100000026350
0361010000003216,1831AB,46,105,woonfunctie,Verblijfsobject in gebruik,0361100000047798
0361010000004254,1827JW,89,140,woonfunctie,Verblijfsobject in gebruik,0361100000046634
0361010000005261,1813AA,37,425,sportfunctie,Verblijfsobject in gebruik,0361100000003076
0361010000002362,1817HM,110,110,woonfunctie,Verblijfsobject in gebruik,0361100000028132
0361010000005712,1829XJ,92,146,woonfunctie,Verblijfsobject in gebruik,0361100000011452
0361010000004806,1824EW,154,137,woonfunctie,Verblijfsobject in gebruik,0361100000026353
0361010000003722,1825PX,35,68,woonfunctie,Verblijfsobject in gebruik,0361100000103802
0361010000003217,1831AB,48,103,woonfunctie,Verblijfsobject in gebruik,0361100000047799
0361010000004255,1827JW,90,136,woonfunctie,Verblijfsobject in gebruik,0361100000046635
0361010000005263,1813CD,8,97,woonfunctie,Verblijfsobject in gebruik,0361100000003009
0361010000001833,1817GG,5,131,woonfunctie,Verblijfsobject in gebruik,0361100000102558
0361010000004807,1824EW,156,137,woonfunctie,Verblijfsobject in gebruik,0361100000026354
0361010000002363,1817HM,112,110,woonfunctie,Verblijfsobject in gebruik,0361100000102537
0361010000003218,1831AB,50,108,woonfunctie,Verblijfsobject in gebruik,0361100000047801
0361010000004256,1827JW,91,141,woonfunctie,Verblijfsobject in gebruik,0361100000046636
0361010000003723,1825PX,36,68,woonfunctie,Verblijfsobject in gebruik,0361100000103802
0361010000005264,1813CD,9,97,woonfunctie,Verblijfsobject in gebruik,0361100000003010
0361010000004808,1824EW,158,137,woonfunctie,Verblijfsobject in gebruik,0361100000026355
0361010000005713,1829XJ,94,129,woonfunctie,Verblijfsobject in gebruik,0361100000011451
0361010000003219,1831AB,52,111,woonfunctie,Verblijfsobject in gebruik,0361100000047802
0361010000004257,1827JW,92,136,woonfunctie,Verblijfsobject in gebruik,0361100000046638
0361010000005265,1813CD,10,98,woonfunctie,Verblijfsobject in gebruik,0361100000003012
0361010000002364,1817HM,114,110,woonfunctie,Verblijfsobject in gebruik,0361100000102538
0361010000001835,1817GG,7,131,woonfunctie,Verblijfsobject in gebruik,0361100000025939
0361010000004809,1824EW,160,137,woonfunctie,Verblijfsobject in gebruik,0361100000026356
0361010000005714,1829XJ,96,124,woonfunctie,Verblijfsobject in gebruik,0361100000011450
0361010000003724,1825PX,37,68,woonfunctie,Verblijfsobject in gebruik,0361100000103802
0361010000002818,1817ML,149,493,industriefunctie,Verblijfsobject in gebruik,0361100000200149
0361010000003220,1831AB,54,111,woonfunctie,Verblijfsobject in gebruik,0361100000047803
0361010000004258,1827JW,93,138,woonfunctie,Verblijfsobject in gebruik,0361100000046640
0361010000005266,1813CD,11,97,woonfunctie,Verblijfsobject in gebruik,0361100000003015
0361010000004810,1824EW,162,126,woonfunctie,Verblijfsobject in gebruik,0361100000026357
0361010000004259,1827JW,94,136,woonfunctie,Verblijfsobject in gebruik,0361100000046765
0361010000005267,1813CD,12,97,woonfunctie,Verblijfsobject in gebruik,0361100000003016
0361010000003725,1825PX,38,68,woonfunctie,Verblijfsobject in gebruik,0361100000103802
0361010000004811,1824EW,164,137,woonfunctie,Verblijfsobject in gebruik,0361100000026358
0361010000001837,1817GG,9,136,woonfunctie,Verblijfsobject in gebruik,0361100000102550
0361010000005715,1829XJ,98,128,woonfunctie,Verblijfsobject in gebruik,0361100000011448
0361010000003222,1817EG,2,101,woonfunctie,Verblijfsobject in gebruik,0361100000024668
0361010000004260,1827JW,95,137,woonfunctie,Verblijfsobject in gebruik,0361100000046766
0361010000005268,1813CD,13,97,woonfunctie,Verblijfsobject in gebruik,0361100000003017
0361010000001838,1817GJ,10,131,woonfunctie,Verblijfsobject in gebruik,0361100000026086
0361010000003726,1825PX,39,68,woonfunctie,Verblijfsobject in gebruik,0361100000103802
0361010000003223,1817EE,3,94,woonfunctie,Verblijfsobject in gebruik,0361100000024399
0361010000002366,1817HM,118,110,woonfunctie,Verblijfsobject in gebruik,0361100000027771
0361010000004261,1827JW,96,137,woonfunctie,Verblijfsobject in gebruik,0361100000046767
0361010000001839,1817GG,11,131,woonfunctie,Verblijfsobject in gebruik,0361100000026065
0361010000005269,1813CD,14,115,woonfunctie,Verblijfsobject in gebruik,0361100000003018
0361010000005716,1829XJ,100,130,woonfunctie,Verblijfsobject in gebruik,0361100000011447
0361010000004812,1814GH,181,295,kantoorfunctie,Verblijfsobject in gebruik,0361100000004311
0361010000003224,1817EG,4,78,woonfunctie,Verblijfsobject in gebruik,0361100000024669
0361010000005717,1829XJ,102,126,woonfunctie,Verblijfsobject in gebruik,0361100000011444
0361010000005270,1813CD,15,98,woonfunctie,Verblijfsobject in gebruik,0361100000002886
0361010000004262,1827JW,97,134,woonfunctie,Verblijfsobject in gebruik,0361100000103623
0361010000004813,1814HZ,2,132,woonfunctie,Verblijfsobject in gebruik,0361100000004239
0361010000002367,1817HM,120,110,woonfunctie,Verblijfsobject in gebruik,0361100000027770
0361010000003728,1815XM,2,106,woonfunctie,Verblijfsobject in gebruik,0361100000016754
0361010000003225,1817EE,5,94,woonfunctie,Verblijfsobject in gebruik,0361100000024400
0361010000001841,1817GG,13,131,woonfunctie,Verblijfsobject in gebruik,0361100000026068
0361010000005271,1813CE,16,98,woonfunctie,Verblijfsobject in gebruik,0361100000002887
0361010000004263,1827JW,98,137,woonfunctie,Verblijfsobject in gebruik,0361100000046769
0361010000004814,1814HX,3,121,woonfunctie,Verblijfsobject in gebruik,0361100000004247
0361010000003226,1817EG,6,78,woonfunctie,Verblijfsobject in gebruik,0361100000024670
0361010000005272,1813CE,17,97,woonfunctie,Verblijfsobject in gebruik,0361100000002891
0361010000004815,1814HZ,4,141,woonfunctie,Verblijfsobject in gebruik,0361100000004153
0361010000004264,1827JW,99,138,woonfunctie,Verblijfsobject in gebruik,0361100000103622
0361010000002368,1817HM,122,110,woonfunctie,Verblijfsobject in gebruik,0361100000027766
0361010000001843,1817GG,15,146,woonfunctie,Verblijfsobject in gebruik,0361100000026069
0361010000003730,1815XM,4,114,woonfunctie,Verblijfsobject in gebruik,0361100000016755
0361010000003227,1817EE,7,107,woonfunctie,Verblijfsobject in gebruik,0361100000102467
0361010000005720,1829XJ,106,146,woonfunctie,Verblijfsobject in gebruik,0361100000011944
0361010000005273,1813CE,18,98,woonfunctie,Verblijfsobject in gebruik,0361100000002896
0361010000004265,1827JW,100,138,woonfunctie,Verblijfsobject in gebruik,0361100000046773
0361010000003228,1817EG,8,78,woonfunctie,Verblijfsobject in gebruik,0361100000102473
0361010000005274,1813CE,19,98,woonfunctie,Verblijfsobject in gebruik,0361100000002898
0361010000002369,1817HM,124,138,woonfunctie,Verblijfsobject in gebruik,0361100000102539
0361010000004266,1827JW,101,155,woonfunctie,Verblijfsobject in gebruik,0361100000046776
0361010000005721,1829XJ,108,124,woonfunctie,Verblijfsobject in gebruik,0361100000011945
0361010000005275,1813CE,20,90,woonfunctie,Verblijfsobject in gebruik,0361100000101564
0361010000004817,1814HZ,6,143,woonfunctie,Verblijfsobject in gebruik,0361100000004152
0361010000003229,1817EE,9,116,woonfunctie,Verblijfsobject in gebruik,0361100000024401
0361010000005722,1829XJ,110,128,woonfunctie,Verblijfsobject in gebruik,0361100000011946
0361010000005276,1813CE,21,89,woonfunctie,Verblijfsobject in gebruik,0361100000101565
0361010000003230,1817EG,10,85,woonfunctie,Verblijfsobject in gebruik,0361100000024671
0361010000003732,1815XM,6,122,woonfunctie,Verblijfsobject in gebruik,0361100000016759
0361010000006230,1814CB,20,128,woonfunctie,Verblijfsobject in gebruik,0361100000005021
0361010000005723,1829XJ,112,132,woonfunctie,Verblijfsobject in gebruik,0361100000011949
0361010000005277,1813CE,22,98,woonfunctie,Verblijfsobject in gebruik,0361100000002798
0361010000002371,1817HM,128,110,woonfunctie,Verblijfsobject in gebruik,0361100000102540
0361010000005724,1829XJ,114,129,woonfunctie,Verblijfsobject in gebruik,0361100000100964
0361010000005278,1813CE,23,98,woonfunctie,Verblijfsobject in gebruik,0361100000002799
0361010000004267,1827JW,102,136,woonfunctie,Verblijfsobject in gebruik,0361100000047243
0361010000003232,1817EG,12,119,"winkelfunctie,woonfunctie",Verblijfsobject in gebruik,0361100000024674
0361010000005725,1829XJ,116,125,woonfunctie,Verblijfsobject in gebruik,0361100000011952
0361010000001846,1817GJ,18,131,woonfunctie,Verblijfsobject in gebruik,0361100000026445
0361010000004819,1814HZ,8,138,woonfunctie,Verblijfsobject in gebruik,0361100000004151
0361010000005279,1813CE,24,97,woonfunctie,Verblijfsobject in gebruik,0361100000002800
0361010000002372,1817HM,130,110,woonfunctie,Verblijfsobject in gebruik,0361100000027761
0361010000002827,1817DA,16,155,woonfunctie,Verblijfsobject in gebruik,0361100000031510
0361010000004268,1827JW,103,137,woonfunctie,Verblijfsobject in gebruik,0361100000047245
0361010000003233,1817EE,13,107,woonfunctie,Verblijfsobject in gebruik,0361100000024404
0361010000003734,1815XM,8,124,woonfunctie,Verblijfsobject in gebruik,0361100000016760
0361010000005726,1829XJ,118,124,woonfunctie,Verblijfsobject in gebruik,0361100000011953
0361010000001847,1817GG,19,131,woonfunctie,Verblijfsobject in gebruik,0361100000026076
0361010000004820,1814HX,9,115,woonfunctie,Verblijfsobject in gebruik,0361100000004241
0361010000005280,1813CE,25,98,woonfunctie,Verblijfsobject in gebruik,0361100000002802
0361010000002828,1817ML,163,156,"industriefunctie,woonfunctie",Verblijfsobject in gebruik,0361100000031854
0361010000004269,1827JW,104,137,woonfunctie,Verblijfsobject in gebruik,0361100000047391
0361010000005727,1829XJ,120,125,woonfunctie,Verblijfsobject in gebruik,0361100000011954
0361010000001848,1817GJ,20,131,woonfunctie,Verblijfsobject in gebruik,0361100000026446
0361010000004821,1814HZ,10,149,woonfunctie,Verblijfsobject in gebruik,0361100000003855
0361010000003234,1817EG,14,104,woonfunctie,Verblijfsobject in gebruik,0361100000025093
0361010000001849,1817GG,21,134,woonfunctie,Verblijfsobject in gebruik,0361100000026370
0361010000005281,1813CE,26,112,woonfunctie,Verblijfsobject in gebruik,0361100000101562
0361010000006232,1814CB,22,124,woonfunctie,Verblijfsobject in gebruik,0361100000005016
0361010000005729,1829XK,124,17,overige gebruiksfunctie,Verblijfsobject in gebruik,0361100000100971
0361010000005730,1829XK,126,17,overige gebruiksfunctie,Verblijfsobject in gebruik,0361100000100970
0361010000001850,1817GJ,22,131,woonfunctie,Verblijfsobject in gebruik,0361100000026447
0361010000005731,1829XK,128,17,overige gebruiksfunctie,Verblijfsobject in gebruik,0361100000100969
0361010000004270,1827JW,105,136,woonfunctie,Verblijfsobject in gebruik,0361100000047393
0361010000005732,1829XK,132,17,overige gebruiksfunctie,Verblijfsobject in gebruik,0361100000100968
0361010000003235,1817EE,15,131,woonfunctie,Verblijfsobject in gebruik,0361100000024405
0361010000002830,1817ML,167,179,woonfunctie,Verblijfsobject in gebruik,0361100000031566
0361010000005282,1813CE,27,112,woonfunctie,Verblijfsobject in gebruik,0361100000101563
0361010000005733,1829XK,134,17,overige gebruiksfunctie,Verblijfsobject in gebruik,0361100000100967
0361010000004822,1814HX,11,130,woonfunctie,Verblijfsobject in gebruik,0361100000004240
0361010000003236,1817EG,16,78,woonfunctie,Verblijfsobject in gebruik,0361100000025094
0361010000001852,1817GJ,24,131,woonfunctie,Verblijfsobject in gebruik,0361100000026448
0361010000005283,1813CE,28,97,woonfunctie,Verblijfsobject in gebruik,0361100000002805
0361010000005734,1829XK,136,141,woonfunctie,Verblijfsobject in gebruik,0361100000012391
0361010000002374,1817HR,135,158,woonfunctie,Verblijfsobject in gebruik,0361100000026974
0361010000006233,1814CB,23,138,woonfunctie,Verblijfsobject in gebruik,0361100000005015
0361010000003237,1817EE,17,97,woonfunctie,Verblijfsobject in gebruik,0361100000102468
0361010000004823,1814HZ,12,129,woonfunctie,Verblijfsobject in gebruik,0361100000003735
0361010000002832,1817ML,171,102,woonfunctie,Verblijfsobject in gebruik,0361100000031181
0361010000005284,1813CE,29,96,woonfunctie,Verblijfsobject in gebruik,0361100000002522
0361010000002375,1817HN,136,110,woonfunctie,Verblijfsobject in gebruik,0361100000027092
0361010000001854,1817GJ,26,131,woonfunctie,Verblijfsobject in gebruik,0361100000026450
0361010000006234,1814CB,24,123,woonfunctie,Verblijfsobject in gebruik,0361100000004737
0361010000004824,1814HX,13,124,woonfunctie,Verblijfsobject in gebruik,0361100000003622
0361010000005285,1813CE,30,98,woonfunctie,Verblijfsobject in gebruik,0361100000002523
0361010000002833,1817ML,173,184,woonfunctie,Verblijfsobject in gebruik,0361100000030683
0361010000005735,1829XK,138,139,woonfunctie,Verblijfsobject in gebruik,0361100000012389
0361010000004825,1814HX,13,43,overige gebruiksfunctie,Verblijfsobject in gebruik,0361100000121929
0361010000004271,1827JW,106,138,woonfunctie,Verblijfsobject in gebruik,0361100000047394
0361010000003238,1817EG,18,97,woonfunctie,Verblijfsobject in gebruik,0361100000025095
0361010000005286,1813CE,31,98,woonfunctie,Verblijfsobject in gebruik,0361100000002524
0361010000004826,1814HZ,14,104,woonfunctie,Verblijfsobject in gebruik,0361100000003734
0361010000002376,1817HR,137,173,woonfunctie,Verblijfsobject in gebruik,0361100000026973
0361010000001856,1817GJ,28,131,woonfunctie,Verblijfsobject in gebruik,0361100000102674
0361010000005287,1813CE,32,97,woonfunctie,Verblijfsobject in gebruik,0361100000002526
0361010000003239,1817EE,19,98,woonfunctie,Verblijfsobject in gebruik,0361100000024411
0361010000002836,1817ML,177,260,woonfunctie,Verblijfsobject in gebruik,0361100000030139
0361010000004827,1814HX,15,118,woonfunctie,Verblijfsobject in gebruik,0361100000003619
0361010000002377,1817HN,138,110,woonfunctie,Verblijfsobject in gebruik,0361100000027089
0361010000005288,1813CE,33,97,woonfunctie,Verblijfsobject in gebruik,0361100000002529
0361010000004273,1827JW,108,155,woonfunctie,Verblijfsobject in gebruik,0361100000047398
0361010000006236,1814CB,26,89,woonfunctie,Verblijfsobject in gebruik,0361100000004735
0361010000005736,1829XK,140,136,woonfunctie,Verblijfsobject in gebruik,0361100000012388
0361010000003240,1817EG,20,78,woonfunctie,Verblijfsobject in gebruik,0361100000025098
0361010000004828,1814HZ,16,113,woonfunctie,Verblijfsobject in gebruik,0361100000003733
0361010000001858,1817GJ,30,131,woonfunctie,Verblijfsobject in gebruik,0361100000026452
0361010000004274,1827JW,109,108,woonfunctie,Verblijfsobject in gebruik,0361100000047280
0361010000005289,1813CE,34,99,woonfunctie,Verblijfsobject in gebruik,0361100000002531
0361010000005737,1829XK,142,126,woonfunctie,Verblijfsobject in gebruik,0361100000100965
0361010000006237,1814CB,27,119,woonfunctie,Verblijfsobject in gebruik,0361100000004734
0361010000004829,1814HX,17,133,woonfunctie,Verblijfsobject in gebruik,0361100000003618
0361010000005738,1829XK,144,125,woonfunctie,Verblijfsobject in gebruik,0361100000012384
0361010000004275,1827JW,110,108,woonfunctie,Verblijfsobject in gebruik,0361100000047277
0361010000005290,1813CE,35,98,woonfunctie,Verblijfsobject in gebruik,0361100000002533
0361010000002378,1817HR,139,158,woonfunctie,Verblijfsobject in gebruik,0361100000026599
0361010000003241,1817EE,21,99,woonfunctie,Verblijfsobject in gebruik,0361100000024414
0361010000005367,1811KE,1,3524,bijeenkomstfunctie,Verblijfsobject in gebruik,0361100000105561
0361010000001860,1817GJ,32,131,woonfunctie,Verblijfsobject in gebruik,0361100000026459
0361010000006238,1814CB,28,89,woonfunctie,Verblijfsobject in gebruik,0361100000004517
0361010000004830,1814HZ,18,102,woonfunctie,Verblijfsobject in gebruik,0361100000003530
0361010000005739,1829XK,146,126,woonfunctie,Verblijfsobject in gebruik,0361100000012381
0361010000004276,1827JW,111,108,woonfunctie,Verblijfsobject in gebruik,0361100000103626
0361010000003242,1817EG,22,101,woonfunctie,Verblijfsobject in gebruik,0361100000025100
0361010000001861,1817GG,33,134,woonfunctie,Verblijfsobject in gebruik,0361100000026484
0361010000004831,1814HX,19,133,woonfunctie,Verblijfsobject in gebruik,0361100000003617
0361010000006239,1814CB,29,104,woonfunctie,Verblijfsobject in gebruik,0361100000100313
0361010000002379,1817HN,140,110,woonfunctie,Verblijfsobject in gebruik,0361100000027088
0361010000004277,1827JW,112,108,woonfunctie,Verblijfsobject in gebruik,0361100000047275
0361010000004832,1814HZ,20,110,woonfunctie,Verblijfsobject in gebruik,0361100000003529
0361010000006240,1814CB,30,89,woonfunctie,Verblijfsobject in gebruik,0361100000004513
0361010000003243,1817EE,23,125,woonfunctie,Verblijfsobject in gebruik,0361100000024416
0361010000004278,1827JW,113,108,woonfunctie,Verblijfsobject in gebruik,0361100000047273
0361010000004833,1814HX,21,139,woonfunctie,Verblijfsobject in gebruik,0361100000003616
0361010000002380,1817HR,141,158,woonfunctie,Verblijfsobject in gebruik,0361100000026598
0361010000004279,1827JW,114,108,woonfunctie,Verblijfsobject in gebruik,0361100000047272
0361010000005740,1829XK,148,183,woonfunctie,Verblijfsobject in gebruik,0361100000012380
0361010000006241,1814CB,31,115,woonfunctie,Verblijfsobject in gebruik,0361100000004511
0361010000003244,1817EE,25,122,woonfunctie,Verblijfsobject in gebruik,0361100000024417
0361010000005369,1811KE,2,14778,bijeenkomstfunctie,Verblijfsobject in gebruik,0361100000017799
0361010000005371,1811KE,3,1519,bijeenkomstfunctie,Verblijfsobject in gebruik,0361100000105561
0361010000002840,1817ML,201,208,woonfunctie,Verblijfsobject in gebruik,0361100000106018
0361010000005741,1829XK,150,142,woonfunctie,Verblijfsobject in gebruik,0361100000013022
0361010000006242,1814CB,33,122,woonfunctie,Verblijfsobject in gebruik,0361100000003845
0361010000005372,1811KE,7,40,winkelfunctie,Verblijfsobject in gebruik,0361100000103852
0361010000001865,1817GH,37,131,woonfunctie,Verblijfsobject in gebruik,0361100000026612
0361010000006243,1814CB,34,96,overige gebruiksfunctie,Verblijfsobject in gebruik,0361100000003738
0361010000005373,1811KE,8,81,winkelfunctie,Verblijfsobject in gebruik,0361100000016690
0361010000003245,1817EE,27,119,woonfunctie,Verblijfsobject in gebruik,0361100000024418
0361010000005374,1811KE,10,32,winkelfunctie,Verblijfsobject in gebruik,0361100000016690
0361010000005742,1829XK,152,142,woonfunctie,Verblijfsobject in gebruik,0361100000013023
0361010000004834,1814HZ,22,116,woonfunctie,Verblijfsobject in gebruik,0361100000003524
0361010000005375,1811KE,12,38,winkelfunctie,Verblijfsobject in gebruik,0361100000016690
0361010000004313,1813XL,36,166,woonfunctie,Verblijfsobject in gebruik,0361100000006930
0361010000003246,1817EE,29,116,woonfunctie,Verblijfsobject in gebruik,0361100000024420
0361010000005743,1829XK,154,142,woonfunctie,Verblijfsobject in gebruik,0361100000013024
0361010000001867,1817GH,39,131,woonfunctie,Verblijfsobject in gebruik,0361100000026613
0361010000006244,1814DG,1,166,woonfunctie,Verblijfsobject in gebruik,0361100000007517
0361010000004835,1814HX,23,131,woonfunctie,Verblijfsobject in gebruik,0361100000003488
0361010000002382,1817HR,143,158,woonfunctie,Verblijfsobject in gebruik,0361100000026259
0361010000003247,1817EE,31,103,woonfunctie,Verblijfsobject in gebruik,0361100000024421
0361010000005744,1829XK,156,142,woonfunctie,Verblijfsobject in gebruik,0361100000013028
0361010000002843,1829HR,2,84,woonfunctie,Verblijfsobject in gebruik,0361100000023182
0361010000004836,1814HZ,24,114,woonfunctie,Verblijfsobject in gebruik,0361100000003521
0361010000004314,1811HE,1,105,woonfunctie,Verblijfsobject in gebruik,0361100000105251
0361010000006245,1814DH,2,143,woonfunctie,Verblijfsobject in gebruik,0361100000007894
0361010000005745,1829XK,158,142,woonfunctie,Verblijfsobject in gebruik,0361100000013030
0361010000003248,1817EE,33,141,woonfunctie,Verblijfsobject in gebruik,0361100000024422
0361010000001869,1817GH,41,131,woonfunctie,Verblijfsobject in gebruik,0361100000026614
0361010000004315,1811HG,4,113,winkelfunctie,Verblijfsobject in gebruik,0361100000105384
