postcode,p6_kwh_2023,p6_kwh_productie_2023,p6_gasm3_2023,p6_gas_aansluitingen_2023,p6_grondbeslag_m2,pc6_gemiddelde_woz_waarde_woning,pc6_eigendomssituatie_perc_koop,pc6_eigendomssituatie_perc_huur,pc6_eigendomssituatie_aantal_woningen_corporaties,buurtcode,wijkcode,gemeentecode,oppervlakte,woningequivalent,gas_ean_count,heat_demand_label_based,residential_share,address_count,p6_gasm3_2023_raw,climate_normalized,gas_input_kwh_annual,heat_gas_delivered,heat_nongas_estimated,heat_gross_annual,current_electrification_share,weight_res,weight_nonres,weight_E1,weight_E2,weight_G1,weight_G2
1483AA,7098.0,1112.0,2010.1999999999998,67,4630,658,0,0,0,BU03611003,WK036110,GM0361,3448.0,9,7,765647.5,1.0,9,1748.0,True,7659.4650599999995,7046.7078552,11021.7738248,18068.48168,0.61,1.0,0.0,1.0,0.0,1.0,0.0
1483AB,5743.0,149.0,2010.1999999999998,67,4630,0,0,0,0,BU03611003,WK036110,GM0361,1329.0,9,8,386872.5,0.875,8,1748.0,True,7659.4650599999995,7046.7078552,11021.7738248,18068.48168,0.61,0.875,0.125,0.875,0.125,0.875,0.125
1483AC,5743.0,149.0,2010.1999999999998,67,4630,410,80,0,0,BU03611003,WK036110,GM0361,2814.0,22,19,674262.5,0.9,20,1748.0,True,7659.4650599999995,7046.7078552,11021.7738248,18068.48168,0.61,0.9,0.09999999999999998,0.9,0.09999999999999998,0.9,0.09999999999999998
1483AD,3125.0,7.0,1669.8,25,1215,374,100,0,0,BU03611003,WK036110,GM0361,1970.0,14,14,713937.5,1.0,14,1452.0,True,6362.43894,5853.443824800001,9155.386495199999,15008.83032,0.61,1.0,0.0,1.0,0.0,1.0,0.0
1483AE,3755.0,242.0,1877.9499999999998,24,2127,503,90,0,0,BU03611003,WK036110,GM0361,2576.0,18,12,804887.5,0.9166666666666666,12,1633.0,True,7155.552884999999,6583.108654199999,10296.657125799999,16879.765779999998,0.61,0.9166666666666666,0.08333333333333337,0.9166666666666666,0.08333333333333337,0.9166666666666666,0.08333333333333337
1483AG,3427.0,581.0,1984.8999999999999,26,1701,0,0,0,0,BU03611003,WK036110,GM0361,506.0,4,4,188080.0,1.0,4,1726.0,True,7563.064469999999,6958.0193124,10883.0558476,17841.07516,0.61,1.0,0.0,1.0,0.0,1.0,0.0
1483AH,3427.0,581.0,1984.8999999999999,26,1701,494,100,0,0,BU03611003,WK036110,GM0361,1676.0,12,9,538790.0,0.9090909090909091,11,1726.0,True,7563.064469999999,6958.0193124,10883.0558476,17841.07516,0.61,0.9090909090909091,0.09090909090909094,0.9090909090909091,0.09090909090909094,0.9090909090909091,0.09090909090909094
1483AJ,3401.0,1035.0,1595.05,42,2715,0,0,0,0,BU03611003,WK036110,GM0361,233.0,3,3,95530.0,1.0,3,1387.0,True,6077.619014999999,5591.4094938,8745.5379262,14336.94742,0.61,1.0,0.0,1.0,0.0,1.0,0.0
1483AK,3401.0,1035.0,1595.05,42,2715,404,0,0,0,BU03611003,WK036110,GM0361,821.0,7,6,209727.5,1.0,7,1387.0,True,6077.619014999999,5591.4094938,8745.5379262,14336.94742,0.61,1.0,0.0,1.0,0.0,1.0,0.0
1483AL,3401.0,1035.0,0.0,0,0,0,0,0,0,BU03611003,WK036110,GM0361,46.59,0,1,19101.9,0.0,1,0.0,True,0.0,0.0,19101.9,19101.9,1.0,0.0,1.0,0.0,1.0,0.0,1.0
1483AM,3401.0,1035.0,1595.05,42,2715,616,90,0,0,BU03611003,WK036110,GM0361,2600.0,15,15,750167.5,1.0,15,1387.0,True,6077.619014999999,5591.4094938,8745.5379262,14336.94742,0.61,1.0,0.0,1.0,0.0,1.0,0.0
1483AN,4494.0,84.0,2331.0499999999997,38,3582,0,0,0,0,BU03611003,WK036110,GM0361,414.0,4,4,136655.0,1.0,4,2027.0,True,8881.999815,8171.4398298,12780.969990199997,20952.409819999997,0.61,1.0,0.0,1.0,0.0,1.0,0.0
1483AP,4494.0,84.0,2331.0499999999997,38,3582,559,90,0,0,BU03611003,WK036110,GM0361,3578.0,21,16,1236567.5,0.8823529411764706,17,2027.0,True,8881.999815,8171.4398298,12780.969990199997,20952.409819999997,0.61,0.8823529411764706,0.11764705882352944,0.8823529411764706,0.11764705882352944,0.8823529411764706,0.11764705882352944
1483AR,0.0,0.0,1904.3999999999999,33,2003,508,80,0,0,BU03611003,WK036110,GM0361,2722.0,20,17,966945.0,0.8947368421052632,19,1656.0,True,7256.33532,6675.828494400001,10441.680465599999,17117.50896,0.61,0.8947368421052632,0.10526315789473684,0.8947368421052632,0.10526315789473684,0.8947368421052632,0.10526315789473684
1483AS,2107.0,123.0,939.55,74,2564,161,0,0,0,BU03611003,WK036110,GM0361,467.0,8,8,131105.0,1.0,8,817.0,True,3579.967365,3293.5699758,5151.481244199999,8445.05122,0.61,1.0,0.0,1.0,0.0,1.0,0.0
1483AV,2107.0,123.0,939.55,74,2564,0,0,0,0,BU03611003,WK036110,GM0361,1352.52,9,7,339698.2,0.42857142857142855,7,817.0,True,3579.967365,3293.5699758,5151.481244199999,8445.05122,0.61,0.42857142857142855,0.5714285714285714,0.42857142857142855,0.5714285714285714,0.42857142857142855,0.5714285714285714
1483AX,1443.0,0.0,939.55,74,2564,0,0,0,0,BU03611003,WK036110,GM0361,380.0,3,2,129992.5,0.5,2,817.0,True,3579.967365,3293.5699758,5151.481244199999,8445.05122,0.61,0.5,0.5,0.5,0.5,0.5,0.5
1483AZ,1443.0,0.0,939.55,74,2564,157,0,0,0,BU03611003,WK036110,GM0361,1347.0,23,23,296340.0,1.0,23,817.0,True,3579.967365,3293.5699758,5151.481244199999,8445.05122,0.61,1.0,0.0,1.0,0.0,1.0,0.0
1483BA,5348.0,0.0,1585.85,26,1155,317,80,0,0,BU03611003,WK036110,GM0361,1443.0,15,13,573325.0,0.9333333333333333,15,1379.0,True,6042.564254999998,5559.159114599999,8695.0950254,14254.25414,0.61,0.9333333333333333,0.06666666666666665,0.9333333333333333,0.06666666666666665,0.9333333333333333,0.06666666666666665
1483BB,3114.0,0.0,1897.4999999999998,28,1734,310,80,0,0,BU03611003,WK036110,GM0361,1857.0,19,16,626620.0,0.7619047619047619,21,1650.0,True,7230.044249999999,6651.64071,10403.848289999998,17055.488999999998,0.61,0.7619047619047619,0.23809523809523814,0.7619047619047619,0.23809523809523814,0.7619047619047619,0.23809523809523814
1483BC,3294.0,0.0,1779.05,26,1922,366,70,0,0,BU03611003,WK036110,GM0361,1667.0,15,15,669980.0,1.0,15,1547.0,True,6778.714214999998,6236.417077799999,9754.395942199999,15990.813019999998,0.61,1.0,0.0,1.0,0.0,1.0,0.0
1483BD,4746.0,371.0,1788.2499999999998,40,2224,431,80,0,0,BU03611003,WK036110,GM0361,3034.0,24,21,1143295.0,0.9166666666666666,24,1555.0,True,6813.768974999999,6268.667457,9804.838842999998,16073.506299999997,0.61,0.9166666666666666,0.08333333333333337,0.9166666666666666,0.08333333333333337,0.9166666666666666,0.08333333333333337
1483BE,9319.0,498.0,3027.95,37,4038,549,80,0,0,BU03611003,WK036110,GM0361,4624.0,27,22,1750020.0,0.9166666666666666,24,2633.0,True,11537.397885,10614.4060542,16602.019725799997,27216.425779999998,0.61,0.9166666666666666,0.08333333333333337,0.9166666666666666,0.08333333333333337,0.9166666666666666,0.08333333333333337
1483BG,3185.0,164.0,1876.8,32,3037,445,70,30,0,BU03611003,WK036110,GM0361,3421.0,21,18,1215732.5,0.95,20,1632.0,True,7151.17104,6579.0773568,10290.3517632,16869.42912,0.61,0.95,0.050000000000000044,0.95,0.050000000000000044,0.95,0.050000000000000044
1483BH,2757.0,840.0,2245.95,31,5208,506,90,0,0,BU03611003,WK036110,GM0361,3430.0,21,18,1246130.0,0.8947368421052632,19,1953.0,True,8557.743285,7873.123822200001,12314.373157799999,20187.49698,0.61,0.8947368421052632,0.10526315789473684,0.8947368421052632,0.10526315789473684,0.8947368421052632,0.10526315789473684
1483BJ,7963.0,107.0,3195.85,39,7862,0,0,0,0,BU03611003,WK036110,GM0361,561.0,5,3,230010.0,0.6666666666666666,3,2779.0,True,12177.147255,11202.9754746,17522.602665399998,28725.578139999998,0.61,0.6666666666666666,0.33333333333333337,0.6666666666666666,0.33333333333333337,0.6666666666666666,0.33333333333333337
1483BK,7963.0,107.0,3195.85,39,7862,0,0,0,0,BU03611003,WK036110,GM0361,2109.0,15,8,833750.0,0.5555555555555556,9,2779.0,True,12177.147255,11202.9754746,17522.602665399998,28725.578139999998,0.61,0.5555555555555556,0.4444444444444444,0.5555555555555556,0.4444444444444444,0.5555555555555556,0.4444444444444444
1483BL,7963.0,107.0,3195.85,39,7862,367,0,0,0,BU03611003,WK036110,GM0361,1882.0,14,12,722525.0,0.6428571428571429,14,2779.0,True,12177.147255,11202.9754746,17522.602665399998,28725.578139999998,0.61,0.6428571428571429,0.3571428571428571,0.6428571428571429,0.3571428571428571,0.6428571428571429,0.3571428571428571
1483BM,4026.0,91.0,1708.8999999999999,27,1829,547,100,0,0,BU03611003,WK036110,GM0361,2476.0,15,13,744165.0,0.9333333333333333,15,1486.0,True,6511.421669999999,5990.507936399999,9369.7688236,15360.276759999999,0.61,0.9333333333333333,0.06666666666666665,0.9333333333333333,0.06666666666666665,0.9333333333333333,0.06666666666666665
1483BN,3705.0,47.0,2205.7,36,1790,446,90,0,0,BU03611003,WK036110,GM0361,4045.0,33,20,896567.5,0.9696969696969697,33,1918.0,True,8404.378709999999,7732.0284132,12093.6854668,19825.71388,0.61,0.9696969696969697,0.030303030303030276,0.9696969696969697,0.030303030303030276,0.9696969696969697,0.030303030303030276
1483BP,1793.0,94.0,1381.1499999999999,22,882,0,0,0,0,BU03611003,WK036110,GM0361,315.0,3,2,129150.0,1.0,3,1201.0,True,5262.595844999999,4841.588177399999,7572.740482599998,12414.328659999997,0.61,1.0,0.0,1.0,0.0,1.0,0.0
1483BR,1793.0,94.0,1381.1499999999999,22,882,424,0,0,0,BU03611003,WK036110,GM0361,1079.0,9,7,304732.5,1.0,9,1201.0,True,5262.595844999999,4841.588177399999,7572.740482599998,12414.328659999997,0.61,1.0,0.0,1.0,0.0,1.0,0.0
1483BS,4729.0,495.0,1928.55,47,2936,438,0,0,0,BU03611003,WK036110,GM0361,1009.0,8,8,352865.0,1.0,8,1677.0,True,7348.354065,6760.4857398,10574.093080199998,17334.57882,0.61,1.0,0.0,1.0,0.0,1.0,0.0
1483BT,4729.0,495.0,1928.55,47,2936,0,0,0,0,BU03611003,WK036110,GM0361,462.0,2,1,103065.0,1.0,2,1677.0,True,7348.354065,6760.4857398,10574.093080199998,17334.57882,0.61,1.0,0.0,1.0,0.0,1.0,0.0
1483BV,4729.0,495.0,1928.55,47,2936,476,100,0,0,BU03611003,WK036110,GM0361,2467.0,17,17,803792.5,1.0,17,1677.0,True,7348.354065,6760.4857398,10574.093080199998,17334.57882,0.61,1.0,0.0,1.0,0.0,1.0,0.0
1483BW,2677.0,266.0,1608.85,36,2428,414,0,0,0,BU03611003,WK036110,GM0361,868.0,8,8,286780.0,1.0,8,1399.0,True,6130.201155,5639.7850626,8821.2022774,14460.98734,0.61,1.0,0.0,1.0,0.0,1.0,0.0
1483BX,2677.0,266.0,1608.85,36,2428,565,90,0,0,BU03611003,WK036110,GM0361,1958.0,12,12,581022.5,1.0,12,1399.0,True,6130.201155,5639.7850626,8821.2022774,14460.98734,0.61,1.0,0.0,1.0,0.0,1.0,0.0
1483BZ,3421.0,593.0,1808.9499999999998,43,3091,449,90,0,0,BU03611003,WK036110,GM0361,3829.0,26,23,1157140.0,0.9259259259259259,27,1573.0,True,6892.642184999999,6341.230810199999,9918.3353698,16259.566179999998,0.61,0.9259259259259259,0.07407407407407407,0.9259259259259259,0.07407407407407407,0.9259259259259259,0.07407407407407407
1483CA,3502.0,1054.0,1659.4499999999998,22,2367,0,0,0,0,BU03611003,WK036110,GM0361,1760.0,12,12,459002.5,1.0,12,1443.0,True,6323.002334999999,5817.162148199999,9098.6382318,14915.800379999999,0.61,1.0,0.0,1.0,0.0,1.0,0.0
1483CB,2989.0,467.0,1511.1,40,3666,320,100,0,0,BU03611003,WK036110,GM0361,3040.0,21,21,995027.5,1.0,21,1314.0,True,5757.74433,5297.1247836,8285.246456399998,13582.371239999999,0.61,1.0,0.0,1.0,0.0,1.0,0.0
1483CC,2709.0,810.0,1512.2499999999998,26,2430,310,100,0,0,BU03611003,WK036110,GM0361,2003.0,14,14,553690.0,1.0,14,1315.0,True,5762.1261749999985,5301.156080999999,8291.551818999998,13592.707899999998,0.61,1.0,0.0,1.0,0.0,1.0,0.0
1483CD,2737.0,462.0,1576.6499999999999,25,1797,310,100,0,0,BU03611003,WK036110,GM0361,1756.0,13,13,560285.0,1.0,13,1371.0,True,6007.509494999998,5526.9087353999985,8644.6521246,14171.560859999998,0.6100000000000001,1.0,0.0,1.0,0.0,1.0,0.0
1483CE,2454.0,506.0,1419.1,45,3328,282,80,0,0,BU03611003,WK036110,GM0361,2762.0,24,24,863402.5,1.0,24,1234.0,True,5407.19673,4974.6209916,7780.817448399998,12755.438439999998,0.61,1.0,0.0,1.0,0.0,1.0,0.0
1483CG,3594.0,642.0,1193.6999999999998,52,2346,287,80,20,0,BU03611003,WK036110,GM0361,2822.0,28,28,768607.5,1.0,28,1038.0,True,4548.3551099999995,4184.4867011999995,6544.966378799998,10729.453079999997,0.61,1.0,0.0,1.0,0.0,1.0,0.0
1483CH,2808.0,805.0,1683.6,37,2344,391,100,0,0,BU03611003,WK036110,GM0361,3089.0,20,20,881257.5,1.0,20,1464.0,True,6415.021079999999,5901.819393599999,9231.0508464,15132.870239999998,0.61,1.0,0.0,1.0,0.0,1.0,0.0
1483CJ,2029.0,985.0,1138.5,32,1581,286,0,80,15,BU03611003,WK036110,GM0361,2289.0,18,18,451520.0,1.0,18,990.0,True,4338.02655,3990.984426,6242.308973999999,10233.293399999999,0.61,1.0,0.0,1.0,0.0,1.0,0.0
1483CK,2617.0,1036.0,1362.75,30,2344,375,100,0,0,BU03611003,WK036110,GM0361,2554.0,17,17,699265.0,1.0,17,1185.0,True,5192.486325,4777.087419,7471.854681,12248.9421,0.61,1.0,0.0,1.0,0.0,1.0,0.0
1483CL,2615.0,954.0,1178.75,36,1923,307,50,50,10,BU03611003,WK036110,GM0361,2504.0,20,20,564625.0,1.0,20,1025.0,True,4491.391124999999,4132.079835,6462.996665,10595.0765,0.61,1.0,0.0,1.0,0.0,1.0,0.0
1483CP,2116.0,1242.0,1182.1999999999998,30,1843,335,50,50,5,BU03611003,WK036110,GM0361,1725.0,15,15,376447.5,1.0,15,1028.0,True,4504.536659999999,4144.173727199999,6481.912752799999,10626.086479999998,0.61,1.0,0.0,1.0,0.0,1.0,0.0
1483CR,1952.0,866.0,945.3,34,1604,227,0,0,0,BU03611003,WK036110,GM0361,1652.0,18,18,317155.0,1.0,18,822.0,True,3601.876589999999,3313.7264627999994,5183.008057199999,8496.734519999998,0.61,1.0,0.0,1.0,0.0,1.0,0.0
1483CS,2028.0,617.0,872.8499999999999,41,1941,228,20,80,15,BU03611003,WK036110,GM0361,1890.0,22,22,375532.5,1.0,22,759.0,True,3325.820355,3059.7547266,4785.770213399999,7845.524939999999,0.61,1.0,0.0,1.0,0.0,1.0,0.0
1483CT,2945.0,526.0,1049.9499999999998,37,2746,295,70,30,5,BU03611003,WK036110,GM0361,2120.0,19,19,468040.0,1.0,19,913.0,True,4000.624484999999,3680.574526199999,5756.796053799998,9437.370579999997,0.61,1.0,0.0,1.0,0.0,1.0,0.0
1483CV,2044.0,595.0,949.9,42,1960,226,30,70,15,BU03611003,WK036110,GM0361,1861.0,23,23,377360.0,1.0,23,826.0,True,3619.4039699999994,3329.8516523999997,5208.2295076,8538.08116,0.61,1.0,0.0,1.0,0.0,1.0,0.0
1483CW,2149.0,1221.0,1083.3,50,3461,307,50,50,15,BU03611003,WK036110,GM0361,2976.0,26,26,586967.5,1.0,26,942.0,True,4127.697990000001,3797.4821508000005,5939.651569199999,9737.13372,0.61,1.0,0.0,1.0,0.0,1.0,0.0
1483CX,3540.0,1304.0,1435.1999999999998,29,1402,0,0,0,0,BU03611003,WK036110,GM0361,212.0,2,3,36662.5,0.6666666666666666,3,1248.0,True,5468.542559999998,5031.059155199999,7869.0925247999985,12900.151679999997,0.61,0.6666666666666666,0.33333333333333337,0.6666666666666666,0.33333333333333337,0.6666666666666666,0.33333333333333337
1483EA,3540.0,1304.0,1435.1999999999998,29,1402,466,100,0,0,BU03611003,WK036110,GM0361,1919.0,14,11,730402.5,0.9333333333333333,15,1248.0,True,5468.542559999998,5031.059155199999,7869.0925247999985,12900.151679999997,0.61,0.9333333333333333,0.06666666666666665,0.9333333333333333,0.06666666666666665,0.9333333333333333,0.06666666666666665
1483EB,3218.0,736.0,1620.35,32,2447,463,100,0,0,BU03611003,WK036110,GM0361,2415.0,17,16,927875.0,1.0,17,1409.0,True,6174.019605,5680.0980366,8884.255903399999,14564.353939999999,0.61,1.0,0.0,1.0,0.0,1.0,0.0
1483GA,11232.0,1851.0,2608.2,68,38786,0,0,0,0,BU03611003,WK036110,GM0361,28211.0,216,39,4972707.5,0.061224489795918366,49,2268.0,True,9938.024459999999,9142.982503199999,3421526.071636059,3430669.054139259,0.9973349272812635,0.061224489795918366,0.9387755102040817,0.061224489795918366,0.9387755102040817,0.061224489795918366,0.9387755102040817
1483GB,5766.0,574.0,1316.75,32,2853,0,0,0,0,BU03611003,WK036110,GM0361,7656.0,61,16,1057490.0,0.0,20,1145.0,True,5017.212525,4615.835523,509960.7877179836,514576.6232409836,0.9910298382893342,0.0,1.0,0.0,1.0,0.0,1.0
1483GC,9992.0,970.0,1300.6499999999999,49,7654,0,0,0,0,BU03611003,WK036110,GM0361,2744.0,21,6,368537.5,0.0,7,1131.0,True,4955.866695,4559.3973594,7131.3651006,11690.76246,0.61,0.0,1.0,0.0,1.0,0.0,1.0
1483GD,9992.0,970.0,1300.6499999999999,49,7654,0,0,0,0,BU03611003,WK036110,GM0361,1194.0,11,7,149250.0,0.0,8,1131.0,True,4955.866695,4559.3973594,7131.3651006,11690.76246,0.61,0.0,1.0,0.0,1.0,0.0,1.0
1483GE,9992.0,970.0,1300.6499999999999,49,7654,0,0,0,0,BU03611003,WK036110,GM0361,5701.0,43,16,747397.5,0.0,18,1131.0,True,4955.866695,4559.3973594,7131.3651006,11690.76246,0.61,0.0,1.0,0.0,1.0,0.0,1.0
1483HA,7172.0,528.0,1674.3999999999999,35,2431,0,0,0,0,BU03611003,WK036110,GM0361,2405.0,21,4,249582.5,0.8823529411764706,17,1456.0,True,6379.9663199999995,5869.5690144,9180.607945599999,15050.176959999999,0.61,0.8823529411764706,0.11764705882352944,0.8823529411764706,0.11764705882352944,0.8823529411764706,0.11764705882352944
1483HB,4174.0,164.0,1674.3999999999999,35,2431,0,0,0,0,BU03611003,WK036110,GM0361,1901.0,15,15,307047.5,1.0,15,1456.0,True,6379.9663199999995,5869.5690144,9180.607945599999,15050.176959999999,0.61,1.0,0.0,1.0,0.0,1.0,0.0
1483MA,8474.0,1099.0,5842.0,49,16577,511,60,40,0,BU03611003,WK036110,GM0361,26015.0,192,29,5890410.0,0.7272727272727273,33,5080.0,True,22259.7726,20478.990792,4419159.523258,4439638.514049999,0.9953872391350804,0.7272727272727273,0.2727272727272727,0.7272727272727273,0.2727272727272727,0.7272727272727273,0.2727272727272727
1483SB,4633.0,1993.0,0.0,0,0,0,0,0,0,BU03611003,WK036110,GM0361,1995.0,14,0,264337.5,1.0,14,0.0,True,0.0,0.0,264337.5,264337.5,1.0,1.0,0.0,1.0,0.0,1.0,0.0
1483TA,3699.0,709.0,1128.1499999999999,53,2597,321,100,0,0,BU03611003,WK036110,GM0361,3088.0,26,26,984732.5,1.0,26,981.0,True,4298.589944999999,3954.7027493999994,6185.560710599999,10140.263459999998,0.61,1.0,0.0,1.0,0.0,1.0,0.0
1483TB,2723.0,754.0,1423.6999999999998,39,2276,339,100,0,0,BU03611003,WK036110,GM0361,2515.0,20,20,711077.5,1.0,20,1238.0,True,5424.724109999999,4990.746181199999,7806.038898799999,12796.785079999998,0.61,1.0,0.0,1.0,0.0,1.0,0.0
1483TC,3631.0,591.0,1385.75,40,2586,336,0,0,0,BU03611003,WK036110,GM0361,744.0,6,6,220705.0,1.0,6,1205.0,True,5280.123225,4857.713367,7597.9619330000005,12455.6753,0.61,1.0,0.0,1.0,0.0,1.0,0.0
1483TD,3631.0,591.0,1385.75,40,2586,366,100,0,0,BU03611003,WK036110,GM0361,1900.0,14,14,628625.0,1.0,14,1205.0,True,5280.123225,4857.713367,7597.9619330000005,12455.6753,0.61,1.0,0.0,1.0,0.0,1.0,0.0
1483TE,2585.0,476.0,1179.8999999999999,36,1377,313,100,0,0,BU03611003,WK036110,GM0361,2086.0,18,18,662092.5,1.0,18,1026.0,True,4495.772969999999,4136.111132399999,6469.302027599999,10605.413159999998,0.61,1.0,0.0,1.0,0.0,1.0,0.0
1483TG,4061.0,1249.0,1535.2499999999998,29,2656,500,100,0,0,BU03611003,WK036110,GM0361,2693.0,17,17,524495.0,1.0,17,1335.0,True,5849.763074999998,5381.782028999998,8417.659070999998,13799.441099999996,0.61,1.0,0.0,1.0,0.0,1.0,0.0
1483TH,3926.0,1642.0,1484.6499999999999,26,1311,307,80,20,5,BU03611003,WK036110,GM0361,2752.0,27,12,441770.0,1.0,27,1291.0,True,5656.9618949999995,5204.4049434,24502.074968451874,29706.479911851875,0.8248057340067538,1.0,0.0,1.0,0.0,1.0,0.0
1483TJ,2553.0,1103.0,940.6999999999999,26,969,268,40,60,10,BU03611003,WK036110,GM0361,1485.0,14,14,287987.5,1.0,14,818.0,True,3584.34921,3297.6012732,5157.7866068,8455.38788,0.61,1.0,0.0,1.0,0.0,1.0,0.0
1483TK,2193.0,1059.0,878.5999999999999,37,1681,258,40,60,10,BU03611003,WK036110,GM0361,1949.0,19,19,389405.0,1.0,19,764.0,True,3347.7295799999993,3079.9112135999994,4817.2970264,7897.208239999999,0.61,1.0,0.0,1.0,0.0,1.0,0.0
1483TL,2567.0,476.0,1061.4499999999998,46,2517,297,90,0,0,BU03611003,WK036110,GM0361,2672.0,24,24,574922.5,1.0,24,923.0,True,4044.442934999999,3720.8875001999995,5819.849679799999,9540.737179999998,0.61,1.0,0.0,1.0,0.0,1.0,0.0
1483TM,3483.0,1098.0,1396.1,39,3022,445,100,0,0,BU03611003,WK036110,GM0361,3038.0,21,21,571982.5,1.0,21,1214.0,True,5319.559829999999,4893.9950436,7654.710196399999,12548.70524,0.61,1.0,0.0,1.0,0.0,1.0,0.0
1483TN,2713.0,625.0,1044.1999999999998,28,1343,265,40,60,10,BU03611003,WK036110,GM0361,1654.0,16,16,311772.5,1.0,16,908.0,True,3978.7152599999995,3660.4180392,5725.269240799998,9385.687279999998,0.61,1.0,0.0,1.0,0.0,1.0,0.0
1483TP,1928.0,0.0,523.25,26,670,0,0,0,0,BU03611003,WK036110,GM0361,241.0,2,1,39162.5,0.0,2,455.0,True,1993.739475,1834.2403170000002,2868.9399829999998,4703.1803,0.61,0.0,1.0,0.0,1.0,0.0,1.0
1483TR,1928.0,0.0,523.25,26,670,210,80,0,0,BU03611003,WK036110,GM0361,821.0,13,13,108782.5,1.0,13,455.0,True,1993.739475,1834.2403170000002,2868.9399829999998,4703.1803,0.61,1.0,0.0,1.0,0.0,1.0,0.0
1483TS,2294.0,667.0,847.55,28,1024,261,0,0,0,BU03611003,WK036110,GM0361,1544.0,16,15,277810.0,1.0,16,737.0,True,3229.4197649999996,2971.0661837999996,4647.052236199999,7618.118419999999,0.61,1.0,0.0,1.0,0.0,1.0,0.0
1483TT,2669.0,1231.0,1144.25,33,1313,320,90,0,0,BU03611003,WK036110,GM0361,1925.0,18,18,328927.5,1.0,18,995.0,True,4359.935775,4011.140913,6273.835787000001,10284.976700000001,0.61,1.0,0.0,1.0,0.0,1.0,0.0
1483TV,3358.0,1324.0,1621.4999999999998,27,1646,463,100,0,0,BU03611003,WK036110,GM0361,2263.0,15,15,389522.5,1.0,15,1410.0,True,6178.401449999999,5684.129333999999,8890.561265999999,14574.690599999998,0.61,1.0,0.0,1.0,0.0,1.0,0.0
1483TW,2154.0,970.0,1040.75,44,1863,285,50,50,10,BU03611003,WK036110,GM0361,2231.0,24,24,425945.0,1.0,24,905.0,True,3965.5697250000003,3648.3241470000003,5706.353152999999,9354.6773,0.61,1.0,0.0,1.0,0.0,1.0,0.0
1483TX,1672.0,0.0,939.55,31,572,171,0,0,0,BU03611003,WK036110,GM0361,1051.0,17,17,182787.5,0.9411764705882353,17,817.0,True,3579.967365,3293.5699758,5151.481244199999,8445.05122,0.61,0.9411764705882353,0.05882352941176472,0.9411764705882353,0.05882352941176472,0.9411764705882353,0.05882352941176472
1483TZ,2879.0,1259.0,1493.85,44,3565,488,0,0,0,BU03611003,WK036110,GM0361,961.0,6,6,156062.5,1.0,6,1299.0,True,5692.016655,5236.6553226000005,8190.6660174,13427.32134,0.61,1.0,0.0,1.0,0.0,1.0,0.0
1483VA,2879.0,1259.0,1493.85,44,3565,343,60,40,5,BU03611003,WK036110,GM0361,2150.0,17,17,644685.0,1.0,17,1299.0,True,5692.016655,5236.6553226000005,8190.6660174,13427.32134,0.61,1.0,0.0,1.0,0.0,1.0,0.0
1483VB,2508.0,936.0,1503.05,19,990,297,60,0,0,BU03611003,WK036110,GM0361,1232.0,10,10,390265.0,1.0,10,1307.0,True,5727.071415,5268.9057018,8241.1089182,13510.01462,0.61,1.0,0.0,1.0,0.0,1.0,0.0
1483VC,2610.0,83.0,1178.75,28,953,216,0,80,10,BU03611003,WK036110,GM0361,1265.0,16,16,461987.5,1.0,16,1025.0,True,4491.391124999999,4132.079835,6462.996665,10595.0765,0.61,1.0,0.0,1.0,0.0,1.0,0.0
1483VD,2427.0,848.0,1535.2499999999998,24,1161,301,80,0,0,BU03611003,WK036110,GM0361,1327.0,12,12,494000.0,1.0,12,1335.0,True,5849.763074999998,5381.782028999998,8417.659070999998,13799.441099999996,0.61,1.0,0.0,1.0,0.0,1.0,0.0
1483VE,3176.0,250.0,1451.3,42,8016,333,90,0,0,BU03611003,WK036110,GM0361,2906.0,24,24,817002.5,1.0,24,1262.0,True,5529.88839,5087.4973188,7957.3676012,13044.86492,0.61,1.0,0.0,1.0,0.0,1.0,0.0
1483VG,3527.0,574.0,1528.35,32,1217,263,30,70,15,BU03611003,WK036110,GM0361,2139.0,19,17,599772.5,1.0,19,1329.0,True,5823.472004999999,5357.594244599999,8379.8268954,13737.421139999999,0.61,1.0,0.0,1.0,0.0,1.0,0.0
1483VH,2491.0,257.0,1423.6999999999998,37,1285,268,50,50,10,BU03611003,WK036110,GM0361,2341.0,21,21,700677.5,1.0,21,1238.0,True,5424.724109999999,4990.746181199999,7806.038898799999,12796.785079999998,0.61,1.0,0.0,1.0,0.0,1.0,0.0
1483VJ,2139.0,616.0,1093.6499999999999,37,1538,278,80,0,0,BU03611003,WK036110,GM0361,2236.0,20,20,640937.5,1.0,20,951.0,True,4167.134594999999,3833.763827399999,5996.399832599999,9830.163659999998,0.61,1.0,0.0,1.0,0.0,1.0,0.0
1483VK,2809.0,292.0,1695.1,18,1521,348,100,0,0,BU03611003,WK036110,GM0361,1270.0,10,10,335035.0,1.0,10,1474.0,True,6458.839529999999,5942.132367599999,9294.104472399998,15236.236839999998,0.61,1.0,0.0,1.0,0.0,1.0,0.0
1483VL,1960.0,79.0,886.65,42,7430,289,90,0,0,BU03611003,WK036110,GM0361,2311.0,22,22,552170.0,1.0,22,771.0,True,3378.4024950000003,3108.1302954000003,4861.4345646,7969.56486,0.61,1.0,0.0,1.0,0.0,1.0,0.0
1483VM,2960.0,607.0,1667.4999999999998,31,2545,331,90,0,0,BU03611003,WK036110,GM0361,2206.0,16,16,680077.5,1.0,16,1450.0,True,6353.675249999998,5845.381229999999,9142.775769999998,14988.156999999997,0.61,1.0,0.0,1.0,0.0,1.0,0.0
1483VN,1880.0,302.0,963.6999999999999,20,644,0,80,0,0,BU03611003,WK036110,GM0361,1252.0,12,12,396917.5,1.0,12,838.0,True,3671.98611,3378.2272212,5283.893858799999,8662.121079999999,0.61,1.0,0.0,1.0,0.0,1.0,0.0
1483VP,2449.0,12.0,1120.1,37,1443,271,90,0,0,BU03611003,WK036110,GM0361,2064.0,19,19,679530.0,1.0,19,974.0,True,4267.9170300000005,3926.4836676000004,6141.423172399999,10067.90684,0.61,1.0,0.0,1.0,0.0,1.0,0.0
1483VR,8834.0,975.0,3130.2999999999997,33,8025,0,0,0,0,BU03611003,WK036110,GM0361,4842.0,39,3,1106630.0,0.0,8,2722.0,True,11927.38209,10973.1915228,187413.96622796924,198387.15775076923,0.9446879946907378,0.0,1.0,0.0,1.0,0.0,1.0
1483VS,8834.0,975.0,3130.2999999999997,33,8025,565,100,0,0,BU03611003,WK036110,GM0361,2860.0,16,16,587112.5,1.0,16,2722.0,True,11927.38209,10973.1915228,17163.196997199997,28136.388519999997,0.61,1.0,0.0,1.0,0.0,1.0,0.0
1483VT,2774.0,0.0,778.55,78,34934,379,70,30,15,BU03611003,WK036110,GM0361,4811.0,48,48,795642.5,1.0,48,677.0,True,2966.5090649999997,2729.1883398,4268.7304802,6997.91882,0.61,1.0,0.0,1.0,0.0,1.0,0.0
1483VV,4106.0,1041.0,1002.8,62,2307,438,100,0,0,BU03611003,WK036110,GM0361,4390.0,31,31,575980.0,1.0,31,872.0,True,3820.9688400000005,3515.2913328000004,5498.2761872,9013.56752,0.61,1.0,0.0,1.0,0.0,1.0,0.0
1483VW,3846.0,1623.0,813.05,65,2389,352,70,30,0,BU03611003,WK036110,GM0361,4018.0,36,3,461432.5,1.0,36,707.0,True,3097.964414999999,2850.1272617999994,4457.8913582,7308.018619999999,0.61,1.0,0.0,1.0,0.0,1.0,0.0
1483VX,3367.0,1072.0,813.05,65,2389,383,90,0,0,BU03611003,WK036110,GM0361,4001.0,32,32,530132.5,1.0,32,707.0,True,3097.964414999999,2850.1272617999994,4457.8913582,7308.018619999999,0.61,1.0,0.0,1.0,0.0,1.0,0.0
1483VZ,4176.0,2086.0,0.0,0,0,426,80,20,0,BU03611003,WK036110,GM0361,3876.0,29,0,450877.5,1.0,29,0.0,True,0.0,0.0,450877.5,450877.5,1.0,1.0,0.0,1.0,0.0,1.0,0.0
1483WB,16825.0,0.0,2251.7,68,11376,0,0,0,0,BU03611003,WK036110,GM0361,2741.0,22,4,357212.5,0.0,7,1958.0,True,8579.65251,7893.2803091999995,12345.899970799997,20239.180279999997,0.61,0.0,1.0,0.0,1.0,0.0,1.0
1483WC,7781.0,712.0,2251.7,68,11376,0,0,0,0,BU03611003,WK036110,GM0361,320.0,2,1,64800.0,0.0,1,1958.0,True,8579.65251,7893.2803091999995,12345.899970799997,20239.180279999997,0.61,0.0,1.0,0.0,1.0,0.0,1.0
1483WD,7781.0,712.0,2251.7,68,11376,198,0,0,0,BU03611003,WK036110,GM0361,632.0,8,8,110600.0,1.0,8,1958.0,True,8579.65251,7893.2803091999995,12345.899970799997,20239.180279999997,0.61,1.0,0.0,1.0,0.0,1.0,0.0
1483WE,7781.0,712.0,2251.7,68,11376,414,0,0,0,BU03611003,WK036110,GM0361,825.0,6,6,121085.0,1.0,6,1958.0,True,8579.65251,7893.2803091999995,12345.899970799997,20239.180279999997,0.61,1.0,0.0,1.0,0.0,1.0,0.0
1483WG,7781.0,712.0,2251.7,68,11376,0,0,0,0,BU03611003,WK036110,GM0361,939.0,7,1,117375.0,0.0,1,1958.0,True,8579.65251,7893.2803091999995,12345.899970799997,20239.180279999997,0.61,0.0,1.0,0.0,1.0,0.0,1.0
1483XA,2189.0,62.0,2251.7,68,11376,269,80,0,0,BU03611003,WK036110,GM0361,1480.0,13,13,448587.5,1.0,13,1958.0,True,8579.65251,7893.2803091999995,12345.899970799997,20239.180279999997,0.61,1.0,0.0,1.0,0.0,1.0,0.0
1483XB,3277.0,111.0,1155.75,31,1020,274,100,0,0,BU03611003,WK036110,GM0361,1664.0,16,16,477035.0,1.0,16,1005.0,True,4403.754225000001,4051.4538870000006,6336.889413,10388.3433,0.61,1.0,0.0,1.0,0.0,1.0,0.0
1483XC,2494.0,743.0,1557.1,49,2793,358,80,20,5,BU03611003,WK036110,GM0361,3605.0,27,27,1026267.5,1.0,27,1354.0,True,5933.0181299999995,5458.3766796,8537.4609604,13995.83764,0.61,1.0,0.0,1.0,0.0,1.0,0.0
1483XD,2406.0,482.0,1313.3,59,3109,383,0,0,0,BU03611003,WK036110,GM0361,914.0,6,6,272030.0,1.0,6,1142.0,True,5004.06699,4603.7416308,7200.7240892,11804.46572,0.61,1.0,0.0,1.0,0.0,1.0,0.0
1483XE,2406.0,482.0,1313.3,59,3109,275,100,0,0,BU03611003,WK036110,GM0361,2811.0,25,25,825212.5,1.0,25,1142.0,True,5004.06699,4603.7416308,7200.7240892,11804.46572,0.61,1.0,0.0,1.0,0.0,1.0,0.0
1483XG,2772.0,282.0,1530.6499999999999,45,1924,278,60,40,10,BU03611003,WK036110,GM0361,2916.0,24,24,830727.5,1.0,24,1331.0,True,5832.2356949999985,5365.656839399999,8392.4376206,13758.094459999998,0.6100000000000001,1.0,0.0,1.0,0.0,1.0,0.0
1483XH,2541.0,170.0,1405.3,32,945,261,30,70,10,BU03611003,WK036110,GM0361,1987.0,18,17,498737.5,1.0,18,1222.0,True,5354.614589999999,4926.2454228,7705.153097199999,12631.398519999999,0.61,1.0,0.0,1.0,0.0,1.0,0.0
1483XJ,2510.0,89.0,1182.1999999999998,43,1290,265,60,40,10,BU03611003,WK036110,GM0361,2600.0,23,23,709200.0,1.0,23,1028.0,True,4504.536659999999,4144.173727199999,6481.912752799999,10626.086479999998,0.61,1.0,0.0,1.0,0.0,1.0,0.0
1483XK,2795.0,407.0,1113.1999999999998,30,1709,310,80,0,0,BU03611003,WK036110,GM0361,1873.0,16,16,513215.0,1.0,16,968.0,True,4241.625959999999,3902.2958831999995,6103.590996799999,10005.886879999998,0.61,1.0,0.0,1.0,0.0,1.0,0.0
1483XL,3092.0,290.0,1334.0,33,1090,273,100,0,0,BU03611003,WK036110,GM0361,1803.0,17,17,578817.5,1.0,17,1160.0,True,5082.9402,4676.304984,7314.2206160000005,11990.5256,0.61,1.0,0.0,1.0,0.0,1.0,0.0
1483XM,2873.0,347.0,1313.3,38,1682,279,100,0,0,BU03611003,WK036110,GM0361,2405.0,22,22,743422.5,1.0,22,1142.0,True,5004.06699,4603.7416308,7200.7240892,11804.46572,0.61,1.0,0.0,1.0,0.0,1.0,0.0
1483XN,3267.0,1633.0,1815.85,30,2791,428,100,0,0,BU03611003,WK036110,GM0361,2458.0,16,16,768592.5,1.0,16,1579.0,True,6918.933254999999,6365.4185946,9956.1675454,16321.58614,0.61,1.0,0.0,1.0,0.0,1.0,0.0
1483XP,2768.0,1904.0,1423.6999999999998,29,1418,347,80,0,0,BU03611003,WK036110,GM0361,2201.0,16,16,566842.5,1.0,16,1238.0,True,5424.724109999999,4990.746181199999,7806.038898799999,12796.785079999998,0.61,1.0,0.0,1.0,0.0,1.0,0.0
1483XR,2046.0,394.0,965.9999999999999,32,1110,307,50,50,5,BU03611003,WK036110,GM0361,2009.0,17,17,534720.0,1.0,17,840.0,True,3680.749799999999,3386.2898159999995,5296.504583999999,8682.794399999999,0.61,1.0,0.0,1.0,0.0,1.0,0.0
1483XS,3399.0,389.0,1308.6999999999998,40,1248,308,60,40,10,BU03611003,WK036110,GM0361,2555.0,21,20,624232.5,1.0,21,1138.0,True,4986.53961,4587.6164412,7175.502638799999,11763.119079999999,0.61,1.0,0.0,1.0,0.0,1.0,0.0
1484EA,2688.0,1605.0,1069.5,28,2437,476,60,40,5,BU03611002,WK036110,GM0361,2649.0,16,16,350992.5,1.0,16,930.0,True,4075.11585,3749.1065820000003,5863.987218,9613.0938,0.61,1.0,0.0,1.0,0.0,1.0,0.0
1484EB,3003.0,965.0,1131.6,41,2986,375,100,0,0,BU03611002,WK036110,GM0361,3075.0,21,21,424437.5,1.0,21,984.0,True,4311.735479999999,3966.7966416,6204.476798399999,10171.273439999999,0.61,1.0,0.0,1.0,0.0,1.0,0.0
1484EC,3066.0,716.0,1492.6999999999998,27,2392,0,40,60,10,BU03611002,WK036110,GM0361,2413.0,16,15,705312.5,0.9333333333333333,15,1298.0,True,5687.63481,5232.6240252,8184.3606548,13416.98468,0.61,0.9333333333333333,0.06666666666666665,0.9333333333333333,0.06666666666666665,0.9333333333333333,0.06666666666666665
1484ED,5441.0,1253.0,1917.05,42,2409,417,100,0,0,BU03611002,WK036110,GM0361,3033.0,24,21,1002990.0,0.9583333333333334,24,1667.0,True,7304.535615,6720.1727658,10511.039454200001,17231.21222,0.61,0.9583333333333334,0.04166666666666663,0.9583333333333334,0.04166666666666663,0.9583333333333334,0.04166666666666663
1484EE,1346.0,0.0,1181.05,44,14773,322,0,0,0,BU03611002,WK036110,GM0361,3832.0,24,23,1175382.5,0.9583333333333334,24,1027.0,True,4500.154815,4140.1424298,6475.607390199999,10615.749819999999,0.61,0.9583333333333334,0.04166666666666663,0.9583333333333334,0.04166666666666663,0.9583333333333334,0.04166666666666663
1484EG,3103.0,714.0,1324.8,41,2769,388,100,0,0,BU03611002,WK036110,GM0361,3054.0,21,21,997187.5,1.0,21,1152.0,True,5047.885439999999,4644.0546048,7263.7777152,11907.83232,0.61,1.0,0.0,1.0,0.0,1.0,0.0
1484EH,3026.0,927.0,1077.55,37,2001,289,90,0,0,BU03611002,WK036110,GM0361,2500.0,21,21,761075.0,1.0,21,937.0,True,4105.788765,3777.3256638000003,5908.124756199999,9685.45042,0.61,1.0,0.0,1.0,0.0,1.0,0.0
1484EJ,3548.0,1842.0,1653.6999999999998,38,2169,486,90,0,0,BU03611002,WK036110,GM0361,3303.0,24,21,1092082.5,0.9545454545454546,22,1438.0,True,6301.093109999999,5797.005661199999,9067.1114188,14864.117079999998,0.61,0.9545454545454546,0.045454545454545414,0.9545454545454546,0.045454545454545414,0.9545454545454546,0.045454545454545414
1484EK,3702.0,1438.0,1277.6499999999999,34,2261,432,90,0,0,BU03611002,WK036110,GM0361,2518.0,18,18,838525.0,1.0,18,1111.0,True,4868.229794999999,4478.771411399999,7005.257848599998,11484.029259999998,0.61,1.0,0.0,1.0,0.0,1.0,0.0
1484EL,3567.0,1196.0,2132.1,29,2217,492,80,0,0,BU03611002,WK036110,GM0361,2689.0,16,14,992985.0,0.9411764705882353,17,1854.0,True,8123.940629999999,7474.0253796,11690.1422604,19164.16764,0.61,0.9411764705882353,0.05882352941176472,0.9411764705882353,0.05882352941176472,0.9411764705882353,0.05882352941176472
1484EM,4187.0,1087.0,1829.6499999999999,33,2296,598,90,0,0,BU03611002,WK036110,GM0361,2919.0,16,16,951147.5,1.0,16,1591.0,True,6971.515394999999,6413.7941634,10031.831896599999,16445.62606,0.61,1.0,0.0,1.0,0.0,1.0,0.0
1484EN,3776.0,1758.0,1826.1999999999998,27,2661,511,70,0,0,BU03611002,WK036110,GM0361,2836.0,18,17,1003422.5,0.85,20,1588.0,True,6958.369859999999,6401.700271199999,10012.9158088,16414.61608,0.61,0.85,0.15000000000000002,0.85,0.15000000000000002,0.85,0.15000000000000002
1484EP,2874.0,1209.0,1443.25,37,3604,430,80,0,0,BU03611002,WK036110,GM0361,2979.0,19,19,857790.0,1.0,19,1255.0,True,5499.215474999999,5059.2782369999995,7913.230063,12972.5083,0.61,1.0,0.0,1.0,0.0,1.0,0.0
1484ER,2837.0,1342.0,1436.35,29,1957,288,80,0,0,BU03611002,WK036110,GM0361,1944.0,16,15,733217.5,1.0,16,1249.0,True,5472.924405,5035.0904526,7875.3978873999995,12910.48834,0.61,1.0,0.0,1.0,0.0,1.0,0.0
1484ES,4943.0,3358.0,2117.1499999999996,19,1660,561,100,0,0,BU03611002,WK036110,GM0361,1687.0,11,10,432497.5,1.0,11,1841.0,True,8066.976644999999,7421.618513399999,11608.172546599997,19029.791059999996,0.61,1.0,0.0,1.0,0.0,1.0,0.0
1484ET,2895.0,589.0,822.2499999999999,20,633,270,90,0,0,BU03611002,WK036110,GM0361,1005.0,11,11,209175.0,1.0,11,715.0,True,3133.019175,2882.377641,4508.334258999999,7390.711899999999,0.61,1.0,0.0,1.0,0.0,1.0,0.0
1484EV,2766.0,1170.0,1216.6999999999998,28,2260,432,90,0,0,BU03611002,WK036110,GM0361,2036.0,15,15,352235.0,1.0,15,1058.0,True,4635.992009999999,4265.112649199999,6671.073630799999,10936.186279999998,0.61,1.0,0.0,1.0,0.0,1.0,0.0
1484EW,2102.0,526.0,775.0999999999999,20,772,231,0,80,10,BU03611002,WK036110,GM0361,971.0,12,12,159725.0,1.0,12,674.0,True,2953.363529999999,2717.0944475999995,4249.8143924,6966.908839999999,0.61,1.0,0.0,1.0,0.0,1.0,0.0
1484EX,3478.0,123.0,618.6999999999999,24,603,221,0,80,10,BU03611002,WK036110,GM0361,811.0,12,12,129005.0,1.0,12,538.0,True,2357.43261,2168.8380012,3392.2850787999996,5561.123079999999,0.61,1.0,0.0,1.0,0.0,1.0,0.0
1484EZ,3539.0,1747.0,1508.8,28,2949,470,100,0,0,BU03611002,WK036110,GM0361,2865.0,19,15,474600.0,1.0,19,1312.0,True,5748.980640000001,5289.0621888000005,8272.635731199998,13561.697919999999,0.6099999999999999,1.0,0.0,1.0,0.0,1.0,0.0
1484PA,0.0,0.0,2540.35,64,1996,0,0,0,0,BU03611002,WK036110,GM0361,1096.0,7,8,387230.0,1.0,7,2209.0,True,9679.495604999998,8905.1359566,13928.5459834,22833.68194,0.61,1.0,0.0,1.0,0.0,1.0,0.0
1484PB,7439.0,3041.0,2540.35,64,1996,686,0,0,0,BU03611002,WK036110,GM0361,3380.0,11,4,1155687.5,0.9090909090909091,11,2209.0,True,9679.495604999998,8905.1359566,13928.5459834,22833.68194,0.61,0.9090909090909091,0.09090909090909094,0.9090909090909091,0.09090909090909094,0.9090909090909091,0.09090909090909094
1484PC,5920.0,1436.0,2540.35,64,1996,773,0,0,0,BU03611002,WK036110,GM0361,1855.0,8,2,632147.5,0.8888888888888888,9,2209.0,True,9679.495604999998,8905.1359566,13928.5459834,22833.68194,0.61,0.8888888888888888,0.11111111111111116,0.8888888888888888,0.11111111111111116,0.8888888888888888,0.11111111111111116
1485ET,0.0,0.0,0.0,0,0,671,100,0,0,BU03611000,WK036110,GM0361,4413.0,24,21,1156337.5,0.9583333333333334,24,0.0,True,0.0,0.0,1156337.5,1156337.5,1.0,0.9583333333333334,0.04166666666666663,0.9583333333333334,0.04166666666666663,0.9583333333333334,0.04166666666666663
1485EV,5975.0,433.0,1752.6,28,2437,807,80,0,0,BU03611000,WK036110,GM0361,2523.0,15,14,653682.5,0.8666666666666667,15,1524.0,True,6677.931779999999,6143.697237599999,9609.372602399999,15753.069839999998,0.61,0.8666666666666667,0.1333333333333333,0.8666666666666667,0.1333333333333333,0.8666666666666667,0.1333333333333333
1486MC,2914.0,2136.0,1567.4499999999998,23,2517,0,0,0,0,BU03611001,WK036110,GM0361,173.0,1,1,46710.0,1.0,1,1363.0,True,5972.454734999999,5494.6583562,8594.209223799999,14088.867579999998,0.61,1.0,0.0,1.0,0.0,1.0,0.0
1486MD,2914.0,2136.0,1567.4499999999998,23,2517,0,100,0,0,BU03611001,WK036110,GM0361,2025.0,13,13,342432.5,1.0,13,1363.0,True,5972.454734999999,5494.6583562,8594.209223799999,14088.867579999998,0.61,1.0,0.0,1.0,0.0,1.0,0.0
1486MG,0.0,0.0,0.0,0,0,429,90,0,0,BU03611001,WK036110,GM0361,3842.0,31,21,1309730.0,0.8333333333333334,24,0.0,True,0.0,0.0,1309730.0,1309730.0,1.0,0.8333333333333334,0.16666666666666663,0.8333333333333334,0.16666666666666663,0.8333333333333334,0.16666666666666663
1486MH,2900.0,97.0,1363.8999999999999,44,2697,403,0,0,0,BU03611001,WK036110,GM0361,1364.28,11,8,534074.8,0.5833333333333334,12,1186.0,True,5196.86817,4781.1187164,7478.160043599999,12259.27876,0.61,0.5833333333333334,0.41666666666666663,0.5833333333333334,0.41666666666666663,0.5833333333333334,0.41666666666666663
1486MJ,3441.0,1256.0,1363.8999999999999,44,2697,433,90,0,0,BU03611001,WK036110,GM0361,2681.0,17,15,903505.0,1.0,17,1186.0,True,5196.86817,4781.1187164,7478.160043599999,12259.27876,0.61,1.0,0.0,1.0,0.0,1.0,0.0
1486MK,3338.0,1205.0,1151.1499999999999,55,4264,403,80,20,0,BU03611001,WK036110,GM0361,3338.0,30,29,810827.5,1.0,30,1001.0,True,4386.226844999999,4035.3286973999993,6311.6679626,10346.996659999999,0.61,1.0,0.0,1.0,0.0,1.0,0.0
1486ML,3624.0,1228.0,1649.1,28,3064,464,90,0,0,BU03611001,WK036110,GM0361,2559.0,17,17,859065.0,0.8235294117647058,17,1434.0,True,6283.565729999999,5780.8804715999995,9041.889968399999,14822.770439999998,0.61,0.8235294117647058,0.17647058823529416,0.8235294117647058,0.17647058823529416,0.8235294117647058,0.17647058823529416
1486MN,3647.0,717.0,1285.6999999999998,45,2326,323,0,0,0,BU03611001,WK036110,GM0361,655.0,8,7,241457.5,1.0,8,1118.0,True,4898.9027099999985,4506.990493199999,7049.395386799999,11556.385879999998,0.61,1.0,0.0,1.0,0.0,1.0,0.0
1486MP,3647.0,717.0,1285.6999999999998,45,2326,309,90,0,0,BU03611001,WK036110,GM0361,1701.0,16,16,555270.0,1.0,16,1118.0,True,4898.9027099999985,4506.990493199999,7049.395386799999,11556.385879999998,0.61,1.0,0.0,1.0,0.0,1.0,0.0
1486MR,2538.0,603.0,1392.6499999999999,24,1296,261,60,40,5,BU03611001,WK036110,GM0361,1737.0,14,14,529682.5,1.0,14,1211.0,True,5306.414295,4881.901151399999,7635.794108599999,12517.695259999999,0.61,1.0,0.0,1.0,0.0,1.0,0.0
1486MS,4167.0,1279.0,1676.6999999999998,45,4044,393,100,0,0,BU03611001,WK036110,GM0361,3663.0,26,24,950637.5,1.0,26,1458.0,True,6388.730009999999,5877.6316092,9193.218670799997,15070.850279999997,0.61,1.0,0.0,1.0,0.0,1.0,0.0
1486MT,2310.0,826.0,1079.85,64,2883,282,70,30,10,BU03611001,WK036110,GM0361,3850.0,36,35,801622.5,0.9459459459459459,37,939.0,True,4114.552455,3785.3882586,5920.735481399999,9706.123739999999,0.61,0.9459459459459459,0.05405405405405406,0.9459459459459459,0.05405405405405406,0.9459459459459459,0.05405405405405406
1486MV,2952.0,443.0,1429.4499999999998,21,1325,376,100,0,0,BU03611001,WK036110,GM0361,1723.3899999999999,13,10,581092.4,0.9166666666666666,12,1243.0,True,5446.6333349999995,5010.902668199999,7837.565711799999,12848.468379999998,0.61,0.9166666666666666,0.08333333333333337,0.9166666666666666,0.08333333333333337,0.9166666666666666,0.08333333333333337
1486MX,2460.0,1361.0,1300.6499999999999,18,876,0,0,0,0,BU03611001,WK036110,GM0361,1064.87,10,9,412278.55,0.5833333333333334,12,1131.0,True,4955.866695,4559.3973594,7131.3651006,11690.76246,0.61,0.5833333333333334,0.41666666666666663,0.5833333333333334,0.41666666666666663,0.5833333333333334,0.41666666666666663
1486MZ,3590.0,1314.0,1792.85,42,2113,542,100,0,0,BU03611001,WK036110,GM0361,4077.9,24,20,1034684.0,0.9166666666666666,24,1559.0,True,6831.296354999999,6284.792646599999,9830.0602934,16114.852939999999,0.61,0.9166666666666666,0.08333333333333337,0.9166666666666666,0.08333333333333337,0.9166666666666666,0.08333333333333337
1486ND,3069.0,2239.0,1563.9999999999998,31,3117,560,0,0,0,BU03611001,WK036110,GM0361,1087.0,6,6,172015.0,1.0,6,1360.0,True,5959.309199999999,5482.564463999999,8575.293135999998,14057.857599999998,0.61,1.0,0.0,1.0,0.0,1.0,0.0
1486NE,3069.0,2239.0,1563.9999999999998,31,3117,0,100,0,0,BU03611001,WK036110,GM0361,1589.0,11,11,278912.5,1.0,11,1360.0,True,5959.309199999999,5482.564463999999,8575.293135999998,14057.857599999998,0.61,1.0,0.0,1.0,0.0,1.0,0.0
1486NG,2682.0,1219.0,1239.6999999999998,47,4803,337,0,0,0,BU03611001,WK036110,GM0361,1094.0,9,9,185415.0,1.0,9,1078.0,True,4723.628909999999,4345.738597199999,6797.180882799998,11142.919479999997,0.61,1.0,0.0,1.0,0.0,1.0,0.0
1486NH,2682.0,1219.0,1239.6999999999998,47,4803,363,100,0,0,BU03611001,WK036110,GM0361,2400.0,17,17,426975.0,1.0,17,1078.0,True,4723.628909999999,4345.738597199999,6797.180882799998,11142.919479999997,0.61,1.0,0.0,1.0,0.0,1.0,0.0
1486PD,14413.0,3269.0,1531.8,61,4026,570,0,0,0,BU03611001,WK036110,GM0361,1468.0,8,7,360362.5,1.0,8,1332.0,True,5836.617540000001,5369.688136800001,8398.7429832,13768.431120000001,0.61,1.0,0.0,1.0,0.0,1.0,0.0
1487MA,2719.0,548.0,0.0,0,0,0,0,0,0,BU03611004,WK036110,GM0361,414.33,2,0,169875.3,0.5,2,0.0,True,0.0,0.0,169875.3,169875.3,1.0,0.5,0.5,0.5,0.5,0.5,0.5
1487MB,2719.0,548.0,1531.8,61,4026,360,90,0,0,BU03611004,WK036110,GM0361,3099.0,25,25,825200.0,0.96,25,1332.0,True,5836.617540000001,5369.688136800001,8398.7429832,13768.431120000001,0.61,0.96,0.040000000000000036,0.96,0.040000000000000036,0.96,0.040000000000000036
1487MC,3250.0,428.0,1584.6999999999998,39,1931,0,0,0,0,BU03611004,WK036110,GM0361,2917.0,21,20,909657.5,1.0,21,1378.0,True,6038.18241,5555.1278172,8688.7896628,14243.91748,0.61,1.0,0.0,1.0,0.0,1.0,0.0
1487MD,3269.0,790.0,2245.95,44,3352,451,100,0,0,BU03611004,WK036110,GM0361,3868.0,28,23,922502.5,0.9166666666666666,24,1953.0,True,8557.743285,7873.123822200001,12314.373157799999,20187.49698,0.61,0.9166666666666666,0.08333333333333337,0.9166666666666666,0.08333333333333337,0.9166666666666666,0.08333333333333337
1487ME,2687.0,3.0,3401.7,35,2746,135,100,0,0,BU03611004,WK036110,GM0361,35039.0,319,7,9206067.5,0.08801955990220049,409,2958.0,True,12961.497509999997,11924.577709199999,8214648.660689922,8226573.238399122,0.998550480575127,0.08801955990220049,0.9119804400977995,0.08801955990220049,0.9119804400977995,0.08801955990220049,0.9119804400977995
1488AB,4496.0,2200.0,1975.9415,14,3901,478,90,0,0,BU03611005,WK036110,GM0361,2162.0,15,13,716050.0,0.875,16,1718.21,True,7528.929897450001,6926.615505654001,58570.603739612656,65497.21924526666,0.8942456552282626,0.875,0.125,0.875,0.125,0.875,0.125
1488AC,13815.0,4776.0,3867.3694999999993,15,8303,0,0,0,0,BU03611005,WK036110,GM0361,2202.0,13,5,601867.5,0.8333333333333334,6,3362.93,True,14735.838005849999,13556.970965382,21204.493048417997,34761.464013799996,0.61,0.8333333333333334,0.16666666666666663,0.8333333333333334,0.16666666666666663,0.8333333333333334,0.16666666666666663
1488AE,13815.0,4776.0,3867.3694999999993,15,8303,0,0,0,0,BU03611005,WK036110,GM0361,955.0,3,3,147200.0,1.0,3,3362.93,True,14735.838005849999,13556.970965382,21204.493048417997,34761.464013799996,0.61,1.0,0.0,1.0,0.0,1.0,0.0
1488AG,13815.0,4776.0,3401.7,35,2746,570,80,0,0,BU03611005,WK036110,GM0361,3300.0,14,12,1136110.0,0.8666666666666667,15,2958.0,True,12961.497509999997,11924.577709199999,18651.262570799998,30575.840279999997,0.61,0.8666666666666667,0.1333333333333333,0.8666666666666667,0.1333333333333333,0.8666666666666667,0.1333333333333333
1488AH,14082.0,7175.0,2021.6999999999998,49,4747,0,0,0,0,BU03611005,WK036110,GM0361,1584.0,6,4,604712.5,0.6,5,1758.0,True,7703.283509999998,7087.020829199999,11084.8274508,18171.84828,0.61,0.6,0.4,0.6,0.4,0.6,0.4
1488AJ,14082.0,7175.0,3867.3694999999993,49,8303,436,0,0,0,BU03611005,WK036110,GM0361,1199.0,7,7,437950.0,1.0,7,3362.93,True,14735.838005849999,13556.970965382,21204.493048417997,34761.464013799996,0.61,1.0,0.0,1.0,0.0,1.0,0.0
1488AK,14082.0,7175.0,3867.3694999999993,15,8303,817,0,0,0,BU03611005,WK036110,GM0361,3334.0,21,6,1022647.5,0.7142857142857143,7,3362.93,True,14735.838005849999,13556.970965382,313389.493048418,326946.4640138,0.9585345845342748,0.7142857142857143,0.2857142857142857,0.7142857142857143,0.2857142857142857,0.7142857142857143,0.2857142857142857
1488AL,14082.0,7175.0,4045.5044999999996,49,11396,490,90,0,0,BU03611005,WK036110,GM0361,5198.0,22,20,1826595.0,1.0,22,3517.83,True,15414.585796349997,14181.418932641998,22181.193715157995,36362.61264779999,0.61,1.0,0.0,1.0,0.0,1.0,0.0
1488AN,4262.0,932.0,2657.3740000000003,21,3292,0,0,0,0,BU03611005,WK036110,GM0361,651.0,4,2,174390.0,0.6666666666666666,3,2310.76,True,10125.3921522,9315.360780024,14570.179681576,23885.5404616,0.61,0.6666666666666666,0.33333333333333337,0.6666666666666666,0.33333333333333337,0.6666666666666666,0.33333333333333337
1536AB,0.0,0.0,2201.4105,11,1896,468,0,0,0,BU03611006,WK036110,GM0361,1976.0,9,8,672600.0,1.0,9,1914.27,True,8388.03442815,7716.991673898001,12070.166464302,19787.1581382,0.61,1.0,0.0,1.0,0.0,1.0,0.0
1536AC,7201.0,802.0,2650.75,16,4023,0,0,0,0,BU03611006,WK036110,GM0361,3252.0,23,3,1134675.0,0.5,4,2305.0,True,10100.152725,9292.140507,359869.7303582174,369161.87086521735,0.974829089241471,0.5,0.5,0.5,0.5,0.5,0.5
1536AD,7201.0,802.0,2650.75,16,4023,401,100,0,0,BU03611006,WK036110,GM0361,1734.0,13,13,480052.5,1.0,13,2305.0,True,10100.152725,9292.140507,14533.860793,23826.0013,0.61,1.0,0.0,1.0,0.0,1.0,0.0
1536AE,4712.0,1005.0,2429.375,22,3624,520,90,0,0,BU03611006,WK036110,GM0361,4454.0,23,21,1413872.5,0.9565217391304348,23,2112.5,True,9256.647562499998,8516.1157575,74792.79588380431,83308.91164130431,0.8977766533049061,0.9565217391304348,0.04347826086956519,0.9565217391304348,0.04347826086956519,0.9565217391304348,0.04347826086956519
1536AG,2305.0,735.0,2053.417,19,2409,488,80,0,0,BU03611006,WK036110,GM0361,2941.0,19,19,1112142.5,1.0,19,1785.58,True,7824.134795100002,7198.204011492002,11258.729351308,18456.933362800002,0.61,1.0,0.0,1.0,0.0,1.0,0.0
1536AH,3377.0,336.0,2227.435,10,1529,384,70,0,0,BU03611006,WK036110,GM0361,1600.0,12,10,465907.5,0.9230769230769231,13,1936.9,True,8487.1955805,7808.21993406,89864.10681993999,97672.326754,0.9200569885703042,0.9230769230769231,0.07692307692307687,0.9230769230769231,0.07692307692307687,0.9230769230769231,0.07692307692307687
1536AJ,3951.0,1103.0,2386.1349999999998,10,1425,0,0,0,0,BU03611006,WK036110,GM0361,839.0,4,4,222352.5,1.0,4,2074.9,True,9091.8901905,8364.53897526,13082.996858739998,21447.535834,0.61,1.0,0.0,1.0,0.0,1.0,0.0
1536AK,3951.0,1103.0,2386.1349999999998,10,1425,0,0,0,0,BU03611006,WK036110,GM0361,1083.0,6,6,327410.0,1.0,6,2074.9,True,9091.8901905,8364.53897526,13082.996858739998,21447.535834,0.61,1.0,0.0,1.0,0.0,1.0,0.0
1536AL,3951.0,1103.0,1918.7404999999999,36,2865,546,90,0,0,BU03611006,WK036110,GM0361,2823.0,17,16,512972.5,0.9375,16,1668.47,True,7310.976927149999,6726.098772977999,10520.308337221999,17246.407110199998,0.61,0.9375,0.0625,0.9375,0.0625,0.9375,0.0625
1536AM,2622.0,1353.0,1323.2245,19,2142,289,0,0,0,BU03611006,WK036110,GM0361,787.0,7,7,149785.0,1.0,7,1150.63,True,5041.88231235,4638.531727362,7255.139368438,11893.6710958,0.61,1.0,0.0,1.0,0.0,1.0,0.0
1536AP,2622.0,1353.0,1323.2245,19,2142,373,80,0,0,BU03611006,WK036110,GM0361,1661.0,13,12,297125.0,1.0,13,1150.63,True,5041.88231235,4638.531727362,7255.139368438,11893.6710958,0.61,1.0,0.0,1.0,0.0,1.0,0.0
1536AR,3135.0,685.0,1150.9199999999998,10,526,306,80,0,0,BU03611006,WK036110,GM0361,1090.0,10,10,286627.5,1.0,10,1000.8,True,4385.350476,4034.52243792,6310.406890079998,10344.929327999998,0.61,1.0,0.0,1.0,0.0,1.0,0.0
1636VB,3056.0,1669.0,1700.85,31,1389,370,100,0,0,BU03610903,WK036109,GM0361,2582.0,19,14,852355.0,0.8947368421052632,19,1479.0,True,6480.748754999999,5962.2888545999995,9325.631285399999,15287.920139999998,0.61,0.8947368421052632,0.10526315789473684,0.8947368421052632,0.10526315789473684,0.8947368421052632,0.10526315789473684
1636VC,3610.0,944.0,1446.6999999999998,36,1855,376,90,0,0,BU03610903,WK036109,GM0361,2443.0,19,19,757297.5,1.0,19,1258.0,True,5512.361009999999,5071.372129199999,7932.146150799999,13003.518279999998,0.61,1.0,0.0,1.0,0.0,1.0,0.0
1636VD,2774.0,840.0,1655.9999999999998,38,3162,343,90,0,0,BU03610903,WK036109,GM0361,3490.0,21,20,1121492.5,0.8636363636363636,22,1440.0,True,6309.856799999999,5805.068255999999,9079.722144,14884.790399999998,0.61,0.8636363636363636,0.13636363636363635,0.8636363636363636,0.13636363636363635,0.8636363636363636,0.13636363636363635
1636VE,4231.0,925.0,1324.8,24,2503,375,90,0,0,BU03610903,WK036109,GM0361,2556.0,14,13,864025.0,0.9285714285714286,14,1152.0,True,5047.885439999999,4644.0546048,7263.7777152,11907.83232,0.61,0.9285714285714286,0.0714285714285714,0.9285714285714286,0.0714285714285714,0.9285714285714286,0.0714285714285714
1636VG,3361.0,1518.0,1520.3,37,2189,423,100,0,0,BU03610903,WK036109,GM0361,2934.0,20,16,830642.5,1.0,20,1322.0,True,5792.79909,5329.375162800001,8335.689357199999,13665.06452,0.6099999999999999,1.0,0.0,1.0,0.0,1.0,0.0
1636VH,3491.0,1801.0,1486.9499999999998,49,3435,399,100,0,0,BU03610903,WK036109,GM0361,3617.0,26,26,1128417.5,0.9615384615384616,26,1293.0,True,5665.725584999999,5212.4675382,8152.833841799999,13365.301379999999,0.61,0.9615384615384616,0.038461538461538436,0.9615384615384616,0.038461538461538436,0.9615384615384616,0.038461538461538436
1636VJ,8192.0,0.0,1915.8999999999999,57,7306,345,0,0,0,BU03610903,WK036109,GM0361,1516.0,9,9,486085.0,1.0,9,1666.0,True,7300.153769999999,6716.141468399999,10504.734091599998,17220.875559999997,0.61,1.0,0.0,1.0,0.0,1.0,0.0
1636VK,8192.0,0.0,1915.8999999999999,57,7306,0,0,0,0,BU03610903,WK036109,GM0361,3066.0,21,8,945187.5,0.9,10,1666.0,True,7300.153769999999,6716.141468399999,10504.734091599998,17220.875559999997,0.61,0.9,0.09999999999999998,0.9,0.09999999999999998,0.9,0.09999999999999998
1636VL,10241.0,7364.0,1915.8999999999999,57,7306,401,80,0,0,BU03610903,WK036109,GM0361,5891.0,34,14,1981990.0,0.75,20,1666.0,True,7300.153769999999,6716.141468399999,10504.734091599998,17220.875559999997,0.61,0.75,0.25,0.75,0.25,0.75,0.25
1636VM,2585.0,840.0,1751.4499999999998,29,2176,409,100,0,0,BU03610903,WK036109,GM0361,2332.0,16,16,388167.5,1.0,16,1523.0,True,6673.549934999998,6139.665940199999,9603.067239799999,15742.733179999997,0.61,1.0,0.0,1.0,0.0,1.0,0.0
1636VN,6169.0,2236.0,2068.85,30,7972,0,0,0,0,BU03610903,WK036109,GM0361,318.0,2,2,55650.0,1.0,2,1799.0,True,7882.939155000001,7252.304022600001,11343.3473174,18595.65134,0.61,1.0,0.0,1.0,0.0,1.0,0.0
1636WC,6169.0,2236.0,2068.85,30,7972,580,90,0,0,BU03610903,WK036109,GM0361,3842.0,19,12,1001590.0,0.9,20,1799.0,True,7882.939155000001,7252.304022600001,11343.3473174,18595.65134,0.61,0.9,0.09999999999999998,0.9,0.09999999999999998,0.9,0.09999999999999998
1636WD,6845.0,1972.0,2383.95,28,3080,0,0,0,0,BU03610903,WK036109,GM0361,963.0,4,5,271520.0,1.0,4,2073.0,True,9083.564685,8356.8795102,13071.0166698,21427.89618,0.61,1.0,0.0,1.0,0.0,1.0,0.0
1636WE,6845.0,1972.0,2383.95,28,3080,497,100,0,0,BU03610903,WK036109,GM0361,2472.0,12,10,628485.0,1.0,12,2073.0,True,9083.564685,8356.8795102,13071.0166698,21427.89618,0.61,1.0,0.0,1.0,0.0,1.0,0.0
1636WG,6076.0,1539.0,1634.1499999999999,40,3207,0,0,0,0,BU03610903,WK036109,GM0361,944.0,4,5,387040.0,1.0,4,1421.0,True,6226.601745,5728.4736054,8959.9202546,14688.39386,0.61,1.0,0.0,1.0,0.0,1.0,0.0
1636WH,6076.0,1539.0,0.0,0,0,0,0,0,0,BU03610903,WK036109,GM0361,214.0,1,0,87740.0,1.0,1,0.0,True,0.0,0.0,87740.0,87740.0,1.0,1.0,0.0,1.0,0.0,1.0,0.0
1636XA,6076.0,1539.0,1634.1499999999999,40,3207,206,0,0,0,BU03610903,WK036109,GM0361,1109.0,10,3,402062.5,0.8333333333333334,6,1421.0,True,6226.601745,5728.4736054,8959.9202546,14688.39386,0.61,0.8333333333333334,0.16666666666666663,0.8333333333333334,0.16666666666666663,0.8333333333333334,0.16666666666666663
1636XB,6076.0,1539.0,1634.1499999999999,40,3207,435,100,0,0,BU03610903,WK036109,GM0361,1669.0,10,11,572237.5,0.9090909090909091,11,1421.0,True,6226.601745,5728.4736054,8959.9202546,14688.39386,0.61,0.9090909090909091,0.09090909090909094,0.9090909090909091,0.09090909090909094,0.9090909090909091,0.09090909090909094
1636XC,3870.0,1325.0,2473.6499999999996,25,2344,324,70,0,0,BU03610903,WK036109,GM0361,4156.0,37,12,824480.0,0.8928571428571429,28,2151.0,True,9425.348594999998,8671.320707399998,280961.75387151894,289633.0745789189,0.9700610135081889,0.8928571428571429,0.1071428571428571,0.8928571428571429,0.1071428571428571,0.8928571428571429,0.1071428571428571
1636XD,2159.0,313.0,1083.3,61,3737,214,80,30,5,BU03610903,WK036109,GM0361,3265.0,32,32,865195.0,1.0,32,942.0,True,4127.697990000001,3797.4821508000005,5939.651569199999,9737.13372,0.61,1.0,0.0,1.0,0.0,1.0,0.0
1636XE,2903.0,0.0,1312.1499999999999,79,8073,210,0,100,0,BU03610903,WK036109,GM0361,4922.0,53,45,662192.5,0.9555555555555556,45,1141.0,True,4999.685145,4599.7103334,7194.418726599999,11794.12906,0.61,0.9555555555555556,0.0444444444444444,0.9555555555555556,0.0444444444444444,0.9555555555555556,0.0444444444444444
1636XG,2884.0,182.0,1201.75,42,1692,204,0,80,15,BU03610903,WK036109,GM0361,2445.0,23,22,531900.0,0.8461538461538461,26,1045.0,True,4579.0280250000005,4212.705783,6589.1039169999995,10801.8097,0.61,0.8461538461538461,0.15384615384615385,0.8461538461538461,0.15384615384615385,0.8461538461538461,0.15384615384615385
1636XH,1744.0,1281.0,967.15,41,1603,217,0,80,20,BU03610903,WK036109,GM0361,2486.0,22,22,487932.5,1.0,22,841.0,True,3685.131645,3390.3211134000003,5302.809946599999,8693.13106,0.61,1.0,0.0,1.0,0.0,1.0,0.0
1636XJ,5400.0,865.0,1076.3999999999999,18,988,0,70,0,0,BU03610903,WK036109,GM0361,1082.0,10,10,287400.0,1.0,10,936.0,True,4101.406919999999,3773.2943663999995,5901.819393599999,9675.113759999998,0.61,1.0,0.0,1.0,0.0,1.0,0.0
1636XK,3105.0,669.0,1251.1999999999998,44,2209,237,100,0,0,BU03610903,WK036109,GM0361,2676.0,24,22,777337.5,0.92,25,1088.0,True,4767.447359999999,4386.0515712,6860.2345088,11246.28608,0.61,0.92,0.07999999999999996,0.92,0.07999999999999996,0.92,0.07999999999999996
1636XL,3146.0,584.0,1216.6999999999998,40,1848,234,100,0,0,BU03610903,WK036109,GM0361,2199.0,20,20,738650.0,1.0,20,1058.0,True,4635.992009999999,4265.112649199999,6671.073630799999,10936.186279999998,0.61,1.0,0.0,1.0,0.0,1.0,0.0
1636XM,2702.0,1015.0,1186.8,36,2186,290,90,0,0,BU03610903,WK036109,GM0361,2397.0,20,20,706720.0,1.0,20,1032.0,True,4522.06404,4160.2989168,6507.134203199999,10667.43312,0.61,1.0,0.0,1.0,0.0,1.0,0.0
1636XN,3498.0,726.0,1309.85,36,2346,234,100,0,0,BU03610903,WK036109,GM0361,2140.0,18,18,571557.5,1.0,18,1139.0,True,4990.921455,4591.6477386,7181.8080014,11773.45574,0.61,1.0,0.0,1.0,0.0,1.0,0.0
1636XP,2547.0,306.0,1213.25,52,2643,226,70,30,0,BU03610903,WK036109,GM0361,2897.0,27,27,801115.0,1.0,27,1055.0,True,4622.846474999999,4253.018757,6652.157542999999,10905.1763,0.61,1.0,0.0,1.0,0.0,1.0,0.0
1636XR,3093.0,1914.0,1426.0,20,1399,365,100,0,0,BU03610903,WK036109,GM0361,1784.0,12,11,550557.5,0.9166666666666666,12,1240.0,True,5433.4878,4998.808776,7818.649624,12817.4584,0.61,0.9166666666666666,0.08333333333333337,0.9166666666666666,0.08333333333333337,0.9166666666666666,0.08333333333333337
1636XS,3505.0,1025.0,1081.0,31,1755,285,80,0,0,BU03610903,WK036109,GM0361,2033.0,16,15,443632.5,0.9375,16,940.0,True,4118.9343,3789.419556,5927.040844,9716.4604,0.61,0.9375,0.0625,0.9375,0.0625,0.9375,0.0625
1636XT,3051.0,648.0,1298.35,22,763,218,0,0,0,BU03610903,WK036109,GM0361,1269.0,11,11,192060.0,1.0,11,1129.0,True,4947.103005,4551.3347646,7118.7543754,11670.08914,0.61,1.0,0.0,1.0,0.0,1.0,0.0
1636XV,4262.0,599.0,1545.6,31,3530,271,70,30,0,BU03610903,WK036109,GM0361,3253.0,27,18,1087902.5,0.8181818181818182,22,1344.0,True,5889.19968,5418.0637056,8474.4073344,13892.47104,0.61,0.8181818181818182,0.18181818181818177,0.8181818181818182,0.18181818181818177,0.8181818181818182,0.18181818181818177
1636XW,2962.0,585.0,1545.6,54,3380,308,80,20,0,BU03610903,WK036109,GM0361,3488.0,29,27,889537.5,0.9655172413793104,29,1344.0,True,5889.19968,5418.0637056,8474.4073344,13892.47104,0.61,0.9655172413793104,0.03448275862068961,0.9655172413793104,0.03448275862068961,0.9655172413793104,0.03448275862068961
1636XX,3705.0,205.0,1301.8,16,1050,187,0,0,0,BU03610903,WK036109,GM0361,1290.0,19,10,235607.5,0.9473684210526315,19,1132.0,True,4960.2485400000005,4563.428656800001,44338.854673726324,48902.28333052633,0.9066827079227328,0.9473684210526315,0.052631578947368474,0.9473684210526315,0.052631578947368474,0.9473684210526315,0.052631578947368474
1636XZ,1548.0,359.0,2201.1,30,379,314,0,0,0,BU03610903,WK036109,GM0361,570.0,5,5,99750.0,1.0,5,1914.0,True,8386.85133,7715.9032236,12068.4640164,19784.36724,0.61,1.0,0.0,1.0,0.0,1.0,0.0
1646WJ,9226.0,1256.0,1828.4999999999998,54,10947,0,0,0,0,BU03610901,WK036109,GM0361,28667.0,208,4,4172565.0,0.5555555555555556,9,1590.0,True,6967.133549999999,6409.762865999999,3099328.459226308,3105738.222092308,0.9979361548180703,0.5555555555555556,0.4444444444444444,0.5555555555555556,0.4444444444444444,0.5555555555555556,0.4444444444444444
1646WK,6394.0,3115.0,1828.4999999999998,54,10947,463,80,0,0,BU03610901,WK036109,GM0361,2982.0,10,7,898187.5,0.9090909090909091,11,1590.0,True,6967.133549999999,6409.762865999999,10025.526533999999,16435.289399999998,0.61,0.9090909090909091,0.09090909090909094,0.9090909090909091,0.09090909090909094,0.9090909090909091,0.09090909090909094
1646WL,11386.0,5393.0,1828.4999999999998,54,10947,0,0,0,0,BU03610901,WK036109,GM0361,148.0,1,2,60680.0,1.0,1,1590.0,True,6967.133549999999,6409.762865999999,10025.526533999999,16435.289399999998,0.61,1.0,0.0,1.0,0.0,1.0,0.0
1646WN,11386.0,5393.0,1828.4999999999998,54,10947,423,90,0,0,BU03610901,WK036109,GM0361,6557.0,45,11,2281907.5,0.9230769230769231,13,1590.0,True,6967.133549999999,6409.762865999999,10025.526533999999,16435.289399999998,0.61,0.9230769230769231,0.07692307692307687,0.9230769230769231,0.07692307692307687,0.9230769230769231,0.07692307692307687
1646WP,3942.0,1014.0,1929.6999999999998,35,338,0,0,0,0,BU03610901,WK036109,GM0361,115.0,1,1,47150.0,1.0,1,1678.0,True,7352.7359099999985,6764.517037199999,10580.3984428,17344.91548,0.61,1.0,0.0,1.0,0.0,1.0,0.0
1811AE,3007.0,287.0,1750.3,30,7335,0,0,0,0,BU03610801,WK036108,GM0361,934.0,7,1,382940.0,0.0,2,1522.0,True,6669.168089999999,6135.6346428,9596.7618772,15732.39652,0.61,0.0,1.0,0.0,1.0,0.0,1.0
1811AH,3007.0,287.0,1750.3,30,7335,388,50,50,0,BU03610801,WK036108,GM0361,1569.0,13,11,460547.5,1.0,13,1522.0,True,6669.168089999999,6135.6346428,9596.7618772,15732.39652,0.61,1.0,0.0,1.0,0.0,1.0,0.0
1811AJ,1718.0,165.0,879.7499999999999,32,925,273,70,30,0,BU03610801,WK036108,GM0361,1416.0,18,16,452327.5,1.0,18,765.0,True,3352.111425,3083.942511,4823.602389,7907.5449,0.61,1.0,0.0,1.0,0.0,1.0,0.0
1811AK,2408.0,127.0,1185.6499999999999,133,17162,300,0,0,0,BU03610801,WK036108,GM0361,508.0,6,5,133987.5,1.0,6,1031.0,True,4517.682194999999,4156.2676194,6500.828840599999,10657.096459999999,0.61,1.0,0.0,1.0,0.0,1.0,0.0
1811AL,2408.0,127.0,1185.6499999999999,133,17162,279,0,0,0,BU03610801,WK036108,GM0361,806.0,9,9,303342.5,0.8181818181818182,11,1031.0,True,4517.682194999999,4156.2676194,6500.828840599999,10657.096459999999,0.61,0.8181818181818182,0.18181818181818177,0.8181818181818182,0.18181818181818177,0.8181818181818182,0.18181818181818177
1811AM,4244.0,154.0,1185.6499999999999,133,17162,0,0,0,0,BU03610801,WK036108,GM0361,639.0,5,1,194895.0,0.0,1,1031.0,True,4517.682194999999,4156.2676194,6500.828840599999,10657.096459999999,0.61,0.0,1.0,0.0,1.0,0.0,1.0
1811BA,4244.0,154.0,1185.6499999999999,133,17162,372,70,30,0,BU03610801,WK036108,GM0361,7325.0,64,53,1462625.0,0.7272727272727273,66,1031.0,True,4517.682194999999,4156.2676194,6500.828840599999,10657.096459999999,0.61,0.7272727272727273,0.2727272727272727,0.7272727272727273,0.2727272727272727,0.7272727272727273,0.2727272727272727
1811BB,2992.0,144.0,1590.4499999999998,43,3137,454,80,20,0,BU03610801,WK036108,GM0361,3870.0,28,25,1435632.5,0.8461538461538461,26,1383.0,True,6060.091635,5575.2843042,8720.316475799998,14295.600779999999,0.61,0.8461538461538461,0.15384615384615385,0.8461538461538461,0.15384615384615385,0.8461538461538461,0.15384615384615385
1811BC,3098.0,10.0,1952.6999999999998,41,3431,408,70,30,0,BU03610801,WK036108,GM0361,3740.0,27,24,1447530.0,0.9629629629629629,27,1698.0,True,7440.37281,6845.1429852,10706.505694799998,17551.64868,0.61,0.9629629629629629,0.03703703703703709,0.9629629629629629,0.03703703703703709,0.9629629629629629,0.03703703703703709
1811BD,5754.0,37.0,2645.0,44,7463,246,50,50,0,BU03610801,WK036108,GM0361,4421.0,52,25,1605635.0,0.8490566037735849,53,2300.0,True,10078.243499999999,9271.98402,261523.10321076924,270795.0872307692,0.9657601468519313,0.8490566037735849,0.15094339622641506,0.8490566037735849,0.15094339622641506,0.8490566037735849,0.15094339622641506
1811BE,2052.0,42.0,1476.6,52,2280,285,30,70,0,BU03610801,WK036108,GM0361,3540.0,42,27,1183435.0,0.9523809523809523,42,1284.0,True,5626.288979999999,5176.1858616,8096.085578399999,13272.271439999999,0.61,0.9523809523809523,0.04761904761904767,0.9523809523809523,0.04761904761904767,0.9523809523809523,0.04761904761904767
1811BG,2865.0,6.0,1519.1499999999999,100,24238,307,60,40,15,BU03610801,WK036108,GM0361,7917.0,76,57,2729425.0,0.7638888888888888,72,1321.0,True,5788.417245,5325.3438654,8329.383994599999,13654.727859999999,0.61,0.7638888888888888,0.23611111111111116,0.7638888888888888,0.23611111111111116,0.7638888888888888,0.23611111111111116
1811BH,13667.0,118.0,3171.7,38,1567,271,40,60,0,BU03610801,WK036108,GM0361,2261.0,24,19,840115.0,0.6086956521739131,23,2758.0,True,12085.128509999997,11118.318229199998,17390.1900508,28508.50828,0.61,0.6086956521739131,0.3913043478260869,0.6086956521739131,0.3913043478260869,0.6086956521739131,0.3913043478260869
1811BJ,3378.0,0.0,1271.8999999999999,45,4556,253,0,0,0,BU03610801,WK036108,GM0361,3321.0,36,26,1097565.0,0.6111111111111112,36,1106.0,True,4846.32057,4458.6149244,6973.731035599999,11432.345959999999,0.61,0.6111111111111112,0.38888888888888884,0.6111111111111112,0.38888888888888884,0.6111111111111112,0.38888888888888884
1811BK,9569.0,0.0,2305.75,40,3363,0,0,0,0,BU03610800,WK036108,GM0361,1108.0,11,9,403315.0,0.5555555555555556,9,2005.0,True,8785.599225,8082.751287000001,12642.252013,20725.0033,0.61,0.5555555555555556,0.4444444444444444,0.5555555555555556,0.4444444444444444,0.5555555555555556,0.4444444444444444
1811BL,4410.0,0.0,2305.75,40,3363,254,0,80,0,BU03610801,WK036108,GM0361,2280.0,20,18,776565.0,0.4444444444444444,27,2005.0,True,8785.599225,8082.751287000001,12642.252013,20725.0033,0.61,0.4444444444444444,0.5555555555555556,0.4444444444444444,0.5555555555555556,0.4444444444444444,0.5555555555555556
1811BM,5198.0,0.0,1644.4999999999998,44,2605,230,40,60,0,BU03610801,WK036108,GM0361,2639.0,30,28,986527.5,0.7272727272727273,33,1430.0,True,6266.03835,5764.755282,9016.668517999999,14781.423799999999,0.61,0.7272727272727273,0.2727272727272727,0.7272727272727273,0.2727272727272727,0.7272727272727273,0.2727272727272727
1811BN,1890.0,260.0,965.9999999999999,46,1512,281,60,40,10,BU03610801,WK036108,GM0361,2874.0,32,24,945517.5,0.8285714285714286,35,840.0,True,3680.749799999999,3386.2898159999995,5296.504583999999,8682.794399999999,0.61,0.8285714285714286,0.17142857142857137,0.8285714285714286,0.17142857142857137,0.8285714285714286,0.17142857142857137
1811BP,2047.0,111.0,1120.1,48,2440,272,30,70,15,BU03610801,WK036108,GM0361,2218.0,26,27,676705.0,0.9629629629629629,27,974.0,True,4267.9170300000005,3926.4836676000004,6141.423172399999,10067.90684,0.61,0.9629629629629629,0.03703703703703709,0.9629629629629629,0.03703703703703709,0.9629629629629629,0.03703703703703709
1811BR,2107.0,291.0,1161.5,42,2000,319,70,30,0,BU03610801,WK036108,GM0361,2241.0,23,22,766815.0,1.0,23,1010.0,True,4425.66345,4071.610374,6368.416225999999,10440.0266,0.61,1.0,0.0,1.0,0.0,1.0,0.0
1811BS,1733.0,92.0,1224.75,52,1452,303,80,20,0,BU03610801,WK036108,GM0361,2519.0,28,27,892882.5,1.0,28,1065.0,True,4666.664925,4293.331731,6715.211169,11008.5429,0.61,1.0,0.0,1.0,0.0,1.0,0.0
1811BT,1926.0,72.0,1223.6,48,2205,302,0,0,0,BU03610801,WK036108,GM0361,2466.0,25,25,680435.0,0.8928571428571429,28,1064.0,True,4662.28308,4289.3004336,6708.905806399999,10998.20624,0.61,0.8928571428571429,0.1071428571428571,0.8928571428571429,0.1071428571428571,0.8928571428571429,0.1071428571428571
1811BV,2758.0,15.0,1048.8,73,4945,0,0,0,0,BU03610801,WK036108,GM0361,148.0,2,2,19610.0,1.0,2,912.0,True,3996.24264,3676.5432288,5750.4906912,9427.03392,0.61,1.0,0.0,1.0,0.0,1.0,0.0
1811CA,2758.0,15.0,1048.8,73,4945,235,30,70,0,BU03610801,WK036108,GM0361,2927.0,40,36,775540.0,0.9210526315789473,38,912.0,True,3996.24264,3676.5432288,5750.4906912,9427.03392,0.61,0.9210526315789473,0.07894736842105265,0.9210526315789473,0.07894736842105265,0.9210526315789473,0.07894736842105265
1811CB,2729.0,42.0,1943.4999999999998,52,6415,168,0,0,0,BU03610801,WK036108,GM0361,1139.0,24,1,466990.0,1.0,24,1690.0,True,7405.318049999997,6812.892605999998,10656.062793999998,17468.955399999995,0.61,1.0,0.0,1.0,0.0,1.0,0.0
1811CC,2729.0,42.0,1943.4999999999998,52,6415,321,70,20,0,BU03610801,WK036108,GM0361,3072.0,30,27,1052670.0,0.967741935483871,31,1690.0,True,7405.318049999997,6812.892605999998,10656.062793999998,17468.955399999995,0.61,0.967741935483871,0.032258064516129004,0.967741935483871,0.032258064516129004,0.967741935483871,0.032258064516129004
1811CD,2387.0,0.0,1615.7499999999998,30,2966,372,90,0,0,BU03610801,WK036108,GM0361,2608.0,23,18,1035630.0,0.8,20,1405.0,True,6156.492224999999,5663.972846999999,8859.034452999998,14523.007299999997,0.61,0.8,0.19999999999999996,0.8,0.19999999999999996,0.8,0.19999999999999996
1811CE,5291.0,282.0,2440.2999999999997,39,3870,404,90,0,0,BU03610800,WK036108,GM0361,1381.0,11,8,479015.0,0.9090909090909091,11,2122.0,True,9298.27509,8554.4130828,13379.979437199998,21934.392519999998,0.61,0.9090909090909091,0.09090909090909094,0.9090909090909091,0.09090909090909094,0.9090909090909091,0.09090909090909094
1811CG,5291.0,282.0,2440.2999999999997,39,3870,559,50,50,0,BU03610800,WK036108,GM0361,2783.0,18,13,955457.5,0.7333333333333333,15,2122.0,True,9298.27509,8554.4130828,13379.979437199998,21934.392519999998,0.61,0.7333333333333333,0.2666666666666667,0.7333333333333333,0.2666666666666667,0.7333333333333333,0.2666666666666667
1811CH,3046.0,116.0,1910.1499999999999,58,7218,301,0,0,0,BU03610800,WK036108,GM0361,806.0,9,9,266720.0,1.0,9,1661.0,True,7278.2445450000005,6695.984981400001,10473.207278599999,17169.19226,0.61,1.0,0.0,1.0,0.0,1.0,0.0
1811CJ,3046.0,116.0,1910.1499999999999,58,7218,468,80,0,0,BU03610800,WK036108,GM0361,2443.0,18,9,988890.0,0.8571428571428571,14,1661.0,True,7278.2445450000005,6695.984981400001,10473.207278599999,17169.19226,0.61,0.8571428571428571,0.1428571428571429,0.8571428571428571,0.1428571428571429,0.8571428571428571,0.1428571428571429
1811CK,2483.0,108.0,1910.1499999999999,58,7218,505,50,50,5,BU03610800,WK036108,GM0361,2260.0,15,15,859775.0,1.0,15,1661.0,True,7278.2445450000005,6695.984981400001,10473.207278599999,17169.19226,0.61,1.0,0.0,1.0,0.0,1.0,0.0
1811CL,3596.0,349.0,1206.35,69,21882,383,70,30,0,BU03610801,WK036108,GM0361,5111.0,45,36,1164985.0,0.9047619047619048,42,1049.0,True,4596.555404999999,4228.8309726,6614.3253674,10843.15634,0.61,0.9047619047619048,0.09523809523809523,0.9047619047619048,0.09523809523809523,0.9047619047619048,0.09523809523809523
1811CM,2031.0,85.0,1363.8999999999999,29,1989,314,80,0,0,BU03610801,WK036108,GM0361,2931.0,27,18,1017155.0,0.6538461538461539,26,1186.0,True,5196.86817,4781.1187164,7478.160043599999,12259.27876,0.61,0.6538461538461539,0.34615384615384615,0.6538461538461539,0.34615384615384615,0.6538461538461539,0.34615384615384615
1811CN,2689.0,265.0,1719.2499999999998,33,3531,421,90,0,0,BU03610801,WK036108,GM0361,2974.0,20,15,1120490.0,0.8333333333333334,18,1495.0,True,6550.858274999999,6026.789612999999,9426.517087,15453.3067,0.6100000000000001,0.8333333333333334,0.16666666666666663,0.8333333333333334,0.16666666666666663,0.8333333333333334,0.16666666666666663
1811CP,5402.0,511.0,2227.5499999999997,34,4022,395,40,60,10,BU03610800,WK036108,GM0361,3478.0,29,18,1092320.0,0.8275862068965517,29,1937.0,True,8487.633764999999,7808.6230638,12213.487356199998,20022.110419999997,0.61,0.8275862068965517,0.1724137931034483,0.8275862068965517,0.1724137931034483,0.8275862068965517,0.1724137931034483
1811CR,2919.0,0.0,2082.6499999999996,38,11354,421,80,20,0,BU03610800,WK036108,GM0361,3438.0,26,21,1337442.5,0.92,25,1811.0,True,7935.521294999999,7300.6795913999995,11419.011668599996,18719.691259999996,0.61,0.92,0.07999999999999996,0.92,0.07999999999999996,0.92,0.07999999999999996
1811CS,1178.0,0.0,848.6999999999999,47,7706,0,0,0,0,BU03610800,WK036108,GM0361,622.0,11,9,151107.5,0.7692307692307693,13,738.0,True,3233.8016100000004,2975.0974812000004,4653.357598799999,7628.45508,0.61,0.7692307692307693,0.23076923076923073,0.7692307692307693,0.23076923076923073,0.7692307692307693,0.23076923076923073
1811CT,1928.0,0.0,848.6999999999999,47,7706,0,0,0,0,BU03610800,WK036108,GM0361,1458.0,18,18,264672.5,1.0,18,738.0,True,3233.8016100000004,2975.0974812000004,4653.357598799999,7628.45508,0.61,1.0,0.0,1.0,0.0,1.0,0.0
1811DA,2874.0,513.0,1177.6,25,927,302,60,40,0,BU03610801,WK036108,GM0361,1451.0,14,12,503290.0,0.8666666666666667,15,1024.0,True,4487.009279999999,4128.0485376,6456.691302399999,10584.739839999998,0.61,0.8666666666666667,0.1333333333333333,0.8666666666666667,0.1333333333333333,0.8666666666666667,0.1333333333333333
1811DB,1914.0,38.0,1151.1499999999999,56,2809,283,40,60,20,BU03610801,WK036108,GM0361,2869.0,32,33,792675.0,0.96875,32,1001.0,True,4386.226844999999,4035.3286973999993,6311.6679626,10346.996659999999,0.61,0.96875,0.03125,0.96875,0.03125,0.96875,0.03125
1811DC,2877.0,0.0,4349.299999999999,18,3645,310,90,0,0,BU03610800,WK036108,GM0361,1692.0,17,12,572560.0,0.9411764705882353,17,3782.0,True,16572.137789999997,15246.366766799998,23846.8813532,39093.24812,0.61,0.9411764705882353,0.05882352941176472,0.9411764705882353,0.05882352941176472,0.9411764705882353,0.05882352941176472
1811DD,4964.0,342.0,2021.6999999999998,31,2332,694,90,0,0,BU03610800,WK036108,GM0361,3150.0,17,16,1198315.0,1.0,17,1758.0,True,7703.283509999998,7087.020829199999,11084.8274508,18171.84828,0.61,1.0,0.0,1.0,0.0,1.0,0.0
1811DE,3971.0,199.0,2510.45,25,2675,716,100,0,0,BU03610800,WK036108,GM0361,3097.0,17,13,1229300.0,0.9333333333333333,15,2183.0,True,9565.567635,8800.3222242,13764.6065558,22564.92878,0.61,0.9333333333333333,0.06666666666666665,0.9333333333333333,0.06666666666666665,0.9333333333333333,0.06666666666666665
1811DG,5208.0,0.0,1836.55,47,5074,730,70,0,0,BU03610800,WK036108,GM0361,1617.0,10,8,520945.0,1.0,10,1597.0,True,6997.806465000001,6437.981947800001,10069.6640722,16507.64602,0.61,1.0,0.0,1.0,0.0,1.0,0.0
1811DH,2307.0,180.0,1836.55,47,5074,0,0,0,0,BU03610800,WK036108,GM0361,664.0,5,4,272240.0,0.4,5,1597.0,True,6997.806465000001,6437.981947800001,10069.6640722,16507.64602,0.61,0.4,0.6,0.4,0.6,0.4,0.6
1811DJ,2307.0,180.0,1836.55,47,5074,280,0,0,0,BU03610800,WK036108,GM0361,2141.0,17,13,729862.5,0.40540540540540543,37,1597.0,True,6997.806465000001,6437.981947800001,10069.6640722,16507.64602,0.61,0.40540540540540543,0.5945945945945945,0.40540540540540543,0.5945945945945945,0.40540540540540543,0.5945945945945945
1811DK,4584.0,0.0,2572.5499999999997,21,1378,702,80,0,0,BU03610800,WK036108,GM0361,2062.0,11,11,817392.5,1.0,11,2237.0,True,9802.187264999999,9018.012283799999,14105.096136199998,23123.108419999997,0.61,1.0,0.0,1.0,0.0,1.0,0.0
1811DL,2752.0,0.0,1242.0,62,3508,283,70,30,0,BU03610800,WK036108,GM0361,3176.0,45,34,1000915.0,0.9555555555555556,45,1080.0,True,4732.3926,4353.801192,6809.791608,11163.5928,0.61,0.9555555555555556,0.0444444444444444,0.9555555555555556,0.0444444444444444,0.9555555555555556,0.0444444444444444
1811DM,7439.0,0.0,1454.75,38,4558,222,0,0,0,BU03610800,WK036108,GM0361,4523.0,43,20,1248822.5,0.4864864864864865,37,1265.0,True,5543.033925000001,5099.591211000001,153188.20229365115,158287.79350465114,0.9677827891962487,0.4864864864864865,0.5135135135135135,0.4864864864864865,0.5135135135135135,0.4864864864864865,0.5135135135135135
1811DN,3632.0,0.0,1645.6499999999999,49,4529,222,0,0,0,BU03610800,WK036108,GM0361,2480.0,28,26,982220.0,0.6538461538461539,26,1431.0,True,6270.420195000001,5768.786579400001,9022.973880599999,14791.76046,0.6099999999999999,0.6538461538461539,0.34615384615384615,0.6538461538461539,0.34615384615384615,0.6538461538461539,0.34615384615384615
1811DP,14811.0,85.0,2811.75,29,2769,253,0,0,0,BU03610800,WK036108,GM0361,12742.0,104,13,2419105.0,0.64,25,2445.0,True,10713.611025000002,9856.522143000002,1759963.486557,1769820.0087000001,0.994430777087756,0.64,0.36,0.64,0.36,0.64,0.36
1811DR,944.0,0.0,1331.6999999999998,42,1683,144,60,40,0,BU03610801,WK036108,GM0361,1026.0,30,1,311535.0,1.0,30,1158.0,True,5074.176509999998,4668.242389199999,7301.6098907999985,11969.852279999997,0.61,1.0,0.0,1.0,0.0,1.0,0.0
1811DS,3659.0,343.0,1331.6999999999998,42,1683,0,0,0,0,BU03610800,WK036108,GM0361,281.0,1,1,51562.5,0.125,8,1158.0,True,5074.176509999998,4668.242389199999,7301.6098907999985,11969.852279999997,0.61,0.125,0.875,0.125,0.875,0.125,0.875
1811DT,3659.0,343.0,1331.6999999999998,42,1683,0,0,0,0,BU03610800,WK036108,GM0361,283.0,4,3,94940.0,1.0,4,1158.0,True,5074.176509999998,4668.242389199999,7301.6098907999985,11969.852279999997,0.61,1.0,0.0,1.0,0.0,1.0,0.0
1811EA,3659.0,343.0,1331.6999999999998,42,1683,341,70,0,0,BU03610801,WK036108,GM0361,1399.0,14,14,337437.5,0.7333333333333333,15,1158.0,True,5074.176509999998,4668.242389199999,7301.6098907999985,11969.852279999997,0.61,0.7333333333333333,0.2666666666666667,0.7333333333333333,0.2666666666666667,0.7333333333333333,0.2666666666666667
1811EB,3904.0,0.0,1156.8999999999999,42,17473,224,30,70,10,BU03610801,WK036108,GM0361,3153.0,36,23,513657.5,0.7241379310344828,29,1006.0,True,4408.13607,4055.4851843999995,6343.1947756,10398.67996,0.61,0.7241379310344828,0.27586206896551724,0.7241379310344828,0.27586206896551724,0.7241379310344828,0.27586206896551724
1811EC,5357.0,441.0,1440.9499999999998,31,4624,264,0,60,0,BU03610801,WK036108,GM0361,3228.0,29,17,1209462.5,0.45454545454545453,22,1253.0,True,5490.451784999999,5051.2156422,7900.6193378,12951.83498,0.61,0.45454545454545453,0.5454545454545454,0.45454545454545453,0.5454545454545454,0.45454545454545453,0.5454545454545454
1811ED,10373.0,195.0,2304.6,21,3832,178,0,0,0,BU03610800,WK036108,GM0361,24601.0,194,12,8050230.0,0.391304347826087,23,2004.0,True,8781.21738,8078.7199896,7191449.297165863,7199528.017155463,0.9988778819986047,0.391304347826087,0.6086956521739131,0.391304347826087,0.6086956521739131,0.391304347826087,0.6086956521739131
1811EE,13413.0,0.0,3606.3999999999996,30,4282,251,0,0,0,BU03610800,WK036108,GM0361,3864.0,34,17,1038940.0,0.3,20,3136.0,True,13741.46592,12642.1486464,142001.85240771767,154644.00105411766,0.9182499899108543,0.3,0.7,0.3,0.7,0.3,0.7
1811EG,14838.0,0.0,2188.45,22,10062,0,0,0,0,BU03610800,WK036108,GM0361,5975.0,50,15,2225875.0,0.42857142857142855,21,1903.0,True,8338.651034999999,7671.558952199999,1258489.1050278002,1266160.6639800002,0.9939410857006997,0.42857142857142855,0.5714285714285714,0.42857142857142855,0.5714285714285714,0.42857142857142855,0.5714285714285714
1811EH,10272.0,0.0,1475.4499999999998,40,10695,317,0,0,0,BU03610800,WK036108,GM0361,3355.0,27,17,658997.5,0.45,20,1283.0,True,5621.907134999999,5172.154564199999,8089.780215799999,13261.934779999998,0.61,0.45,0.55,0.45,0.55,0.45,0.55
1811EJ,4613.0,0.0,1136.1999999999998,42,2135,229,40,60,0,BU03610801,WK036108,GM0361,1952.0,22,23,645632.5,0.5714285714285714,28,988.0,True,4329.262859999999,3982.9218311999994,6229.698248799999,10212.620079999999,0.61,0.5714285714285714,0.4285714285714286,0.5714285714285714,0.4285714285714286,0.5714285714285714,0.4285714285714286
1811EK,4996.0,70.0,784.3,82,5409,194,0,0,0,BU03610801,WK036108,GM0361,4242.0,53,45,1258462.5,0.7090909090909091,55,682.0,True,2988.41829,2749.3448268,4300.257293199999,7049.60212,0.61,0.7090909090909091,0.2909090909090909,0.7090909090909091,0.2909090909090909,0.7090909090909091,0.2909090909090909
1811EL,8302.0,0.0,1927.3999999999999,63,11179,0,0,0,0,BU03610800,WK036108,GM0361,13085.0,106,30,2755607.5,0.34146341463414637,41,1676.0,True,7343.97222,6756.4544424,1128408.5660194866,1135165.0204618867,0.9940480420726399,0.34146341463414637,0.6585365853658536,0.34146341463414637,0.6585365853658536,0.34146341463414637,0.6585365853658536
1811EM,11830.0,0.0,1929.6999999999998,38,6280,270,0,0,0,BU03610800,WK036108,GM0361,4027.0,40,24,1197215.0,0.4473684210526316,38,1678.0,True,7352.7359099999985,6764.517037199999,70441.14844280005,77205.66548000005,0.9123831522577532,0.4473684210526316,0.5526315789473684,0.4473684210526316,0.5526315789473684,0.4473684210526316,0.5526315789473684
1811EN,9374.0,0.0,1559.3999999999999,28,5157,249,0,0,0,BU03610800,WK036108,GM0361,2793.0,30,14,546532.5,0.6923076923076923,26,1356.0,True,5941.781819999999,5466.4392744,44985.57168559999,50452.01095999999,0.8916507157914088,0.6923076923076923,0.3076923076923077,0.6923076923076923,0.3076923076923077,0.6923076923076923,0.3076923076923077
1811EP,3479.0,268.0,1474.3,87,22626,0,0,0,0,BU03610801,WK036108,GM0361,490.0,5,3,200900.0,0.6,5,1282.0,True,5617.525289999999,5168.123266799999,8083.474853199999,13251.598119999999,0.61,0.6,0.4,0.6,0.4,0.6,0.4
1811ER,3479.0,268.0,1474.3,87,22626,0,0,0,0,BU03610801,WK036108,GM0361,1428.0,11,7,561147.5,0.7142857142857143,7,1282.0,True,5617.525289999999,5168.123266799999,8083.474853199999,13251.598119999999,0.61,0.7142857142857143,0.2857142857142857,0.7142857142857143,0.2857142857142857,0.7142857142857143,0.2857142857142857
1811ES,3479.0,268.0,1474.3,87,22626,277,50,50,10,BU03610801,WK036108,GM0361,4640.0,54,48,830430.0,0.9629629629629629,54,1282.0,True,5617.525289999999,5168.123266799999,8083.474853199999,13251.598119999999,0.61,0.9629629629629629,0.03703703703703709,0.9629629629629629,0.03703703703703709,0.9629629629629629,0.03703703703703709
1811ET,2436.0,330.0,1222.4499999999998,67,4567,322,70,30,5,BU03610801,WK036108,GM0361,4659.0,43,36,1433097.5,0.76,50,1063.0,True,4657.901234999999,4285.2691362,6702.600443799999,10987.869579999999,0.61,0.76,0.24,0.76,0.24,0.76,0.24
1811EV,3124.0,95.0,1229.35,64,4810,244,50,50,0,BU03610801,WK036108,GM0361,3966.0,45,34,1233152.5,0.8297872340425532,47,1069.0,True,4684.192305,4309.4569206,6740.432619399999,11049.889539999998,0.61,0.8297872340425532,0.17021276595744683,0.8297872340425532,0.17021276595744683,0.8297872340425532,0.17021276595744683
1811EW,2867.0,0.0,576.15,18,2136,189,0,0,0,BU03610800,WK036108,GM0361,1991.0,28,11,487092.5,0.84,25,501.0,True,2195.304345,2019.6799974,177120.59380545712,179140.27380285712,0.9887257066514108,0.84,0.16000000000000003,0.84,0.16000000000000003,0.84,0.16000000000000003
1811EX,5704.0,2.0,1388.05,47,3610,248,0,70,0,BU03610800,WK036108,GM0361,3315.0,30,24,1015982.5,0.4375,32,1207.0,True,5288.886915,4865.7759618,7610.572658200001,12476.34862,0.61,0.4375,0.5625,0.4375,0.5625,0.4375,0.5625
1811EZ,4986.0,22.0,1638.7499999999998,29,1074,0,0,0,0,BU03610801,WK036108,GM0361,120.0,1,1,42900.0,1.0,1,1425.0,True,6244.1291249999995,5744.598795,8985.141704999998,14729.740499999998,0.61,1.0,0.0,1.0,0.0,1.0,0.0
1811GA,4986.0,22.0,1638.7499999999998,29,1074,273,60,40,0,BU03610800,WK036108,GM0361,1427.0,16,14,558627.5,0.8125,16,1425.0,True,6244.1291249999995,5744.598795,8985.141704999998,14729.740499999998,0.61,0.8125,0.1875,0.8125,0.1875,0.8125,0.1875
1811GB,1462.0,0.0,1082.1499999999999,25,785,289,90,0,0,BU03610800,WK036108,GM0361,1005.0,14,14,355637.5,1.0,14,941.0,True,4123.316145,3793.4508533999997,5933.346206599999,9726.797059999999,0.61,1.0,0.0,1.0,0.0,1.0,0.0
1811GC,2850.0,81.0,1207.5,41,2244,287,70,30,0,BU03610800,WK036108,GM0361,1612.0,20,20,514370.0,0.9523809523809523,21,1050.0,True,4600.93725,4232.8622700000005,6620.63073,10853.493,0.61,0.9523809523809523,0.04761904761904767,0.9523809523809523,0.04761904761904767,0.9523809523809523,0.04761904761904767
1811GD,3468.0,0.0,878.5999999999999,47,1800,308,60,40,0,BU03610800,WK036108,GM0361,3061.0,38,28,714125.0,0.925,40,764.0,True,3347.7295799999993,3079.9112135999994,4817.2970264,7897.208239999999,0.61,0.925,0.07499999999999996,0.925,0.07499999999999996,0.925,0.07499999999999996
1811GE,1719.0,0.0,925.7499999999999,39,1324,255,40,50,5,BU03610800,WK036108,GM0361,1798.0,24,23,398550.0,1.0,24,805.0,True,3527.3852249999986,3245.194406999999,5075.816892999999,8321.011299999998,0.61,1.0,0.0,1.0,0.0,1.0,0.0
1811GG,2501.0,147.0,1296.05,40,1994,378,100,0,0,BU03610800,WK036108,GM0361,2319.0,21,21,804677.5,1.0,21,1127.0,True,4938.339315,4543.2721698000005,7106.1436502,11649.41582,0.61,1.0,0.0,1.0,0.0,1.0,0.0
1811GH,1855.0,181.0,1116.6499999999999,42,1760,313,80,30,0,BU03610800,WK036108,GM0361,1986.0,24,24,708070.0,1.0,24,971.0,True,4254.771495,3914.3897754,6122.507084599999,10036.896859999999,0.61,1.0,0.0,1.0,0.0,1.0,0.0
1811GJ,1059.0,0.0,910.8,20,725,237,50,50,0,BU03610800,WK036108,GM0361,715.0,11,10,283812.5,0.9166666666666666,12,792.0,True,3470.4212399999997,3192.7875408,4993.8471792,8186.63472,0.61,0.9166666666666666,0.08333333333333337,0.9166666666666666,0.08333333333333337,0.9166666666666666,0.08333333333333337
1811GK,1704.0,318.0,926.9,31,4284,262,40,60,5,BU03610800,WK036108,GM0361,1197.0,16,16,331845.0,0.9411764705882353,17,806.0,True,3531.767070000001,3249.2257044000007,5082.1222556,8331.347960000001,0.61,0.9411764705882353,0.05882352941176472,0.9411764705882353,0.05882352941176472,0.9411764705882353,0.05882352941176472
1811GL,3455.0,0.0,1056.85,52,9273,271,50,50,0,BU03610800,WK036108,GM0361,4131.0,56,30,893817.5,0.9818181818181818,55,919.0,True,4026.915555,3704.7623106,69638.73537225711,73343.49768285711,0.9494875152175088,0.9818181818181818,0.018181818181818188,0.9818181818181818,0.018181818181818188,0.9818181818181818,0.018181818181818188
1811GM,6629.0,57.0,1699.6999999999998,43,5139,185,0,80,0,BU03610800,WK036108,GM0361,3514.0,38,22,1143497.5,0.6,30,1478.0,True,6476.366909999998,5958.257557199999,9319.325922799999,15277.583479999998,0.61,0.6,0.4,0.6,0.4,0.6,0.4
1811GN,6971.0,269.0,955.65,15,1450,286,0,0,0,BU03610800,WK036108,GM0361,1541.0,14,9,508630.0,0.5454545454545454,11,831.0,True,3641.3131949999997,3350.0081394,5239.7563206,8589.76446,0.61,0.5454545454545454,0.4545454545454546,0.5454545454545454,0.4545454545454546,0.5454545454545454,0.4545454545454546
1811GP,23013.0,0.0,1323.6499999999999,58,116189,318,0,0,0,BU03610800,WK036108,GM0361,7157.0,58,9,2204402.5,0.3125,16,1151.0,True,5043.503594999999,4640.0233074,7257.472352599999,11897.495659999999,0.61,0.3125,0.6875,0.3125,0.6875,0.3125,0.6875
1811GR,3428.0,0.0,1323.6499999999999,58,116189,225,70,30,0,BU03610800,WK036108,GM0361,1284.0,24,24,291680.0,1.0,24,1151.0,True,5043.503594999999,4640.0233074,7257.472352599999,11897.495659999999,0.61,1.0,0.0,1.0,0.0,1.0,0.0
1811GS,1448.0,0.0,717.5999999999999,26,4944,227,60,40,0,BU03610800,WK036108,GM0361,1202.0,19,18,295810.0,1.0,19,624.0,True,2734.271279999999,2515.5295775999994,3934.5462623999993,6450.075839999999,0.61,1.0,0.0,1.0,0.0,1.0,0.0
1811GV,0.0,0.0,0.0,0,0,233,0,0,0,BU03610800,WK036108,GM0361,536.0,8,8,93800.0,1.0,8,0.0,True,0.0,0.0,93800.0,93800.0,1.0,1.0,0.0,1.0,0.0,1.0,0.0
1811GZ,0.0,0.0,0.0,0,0,0,0,0,0,BU03610800,WK036108,GM0361,37.0,0,1,15170.0,0.0,1,0.0,True,0.0,0.0,15170.0,15170.0,1.0,0.0,1.0,0.0,1.0,0.0,1.0
1811HA,0.0,0.0,0.0,0,0,331,0,0,0,BU03610800,WK036108,GM0361,502.0,5,5,152710.0,1.0,5,0.0,True,0.0,0.0,152710.0,152710.0,1.0,1.0,0.0,1.0,0.0,1.0,0.0
1811HB,0.0,0.0,0.0,0,0,0,0,0,0,BU03610800,WK036108,GM0361,626.0,8,7,212332.5,1.0,8,0.0,True,0.0,0.0,212332.5,212332.5,1.0,1.0,0.0,1.0,0.0,1.0,0.0
1811HC,0.0,0.0,0.0,0,0,0,0,0,0,BU03610800,WK036108,GM0361,1535.0,15,7,544082.5,0.7333333333333333,15,0.0,True,0.0,0.0,544082.5,544082.5,1.0,0.7333333333333333,0.2666666666666667,0.7333333333333333,0.2666666666666667,0.7333333333333333,0.2666666666666667
1811HD,5831.0,0.0,1501.8999999999999,32,3302,178,0,0,0,BU03610800,WK036108,GM0361,2147.0,27,18,657060.0,0.7037037037037037,27,1306.0,True,5722.68957,5264.8744044,8234.8035556,13499.677959999999,0.61,0.7037037037037037,0.2962962962962963,0.7037037037037037,0.2962962962962963,0.7037037037037037,0.2962962962962963
1811HE,2412.0,79.0,796.9499999999999,103,8699,191,0,90,0,BU03610800,WK036108,GM0361,4459.0,69,61,1172765.0,0.8695652173913043,69,693.0,True,3036.618585,2793.6890982000004,4369.616281799999,7163.30538,0.6099999999999999,0.8695652173913043,0.13043478260869568,0.8695652173913043,0.13043478260869568,0.8695652173913043,0.13043478260869568
1811HG,4943.0,0.0,2524.25,46,5507,348,50,50,0,BU03610800,WK036108,GM0361,3253.0,33,23,965387.5,0.75,36,2195.0,True,9618.149775000002,8848.697793000001,13840.270907,22688.9687,0.61,0.75,0.25,0.75,0.25,0.75,0.25
1811HH,5757.0,206.0,1815.85,34,5931,0,0,0,0,BU03610800,WK036108,GM0361,1298.0,12,2,486365.0,0.8461538461538461,13,1579.0,True,6918.933254999999,6365.4185946,9956.1675454,16321.58614,0.61,0.8461538461538461,0.15384615384615385,0.8461538461538461,0.15384615384615385,0.8461538461538461,0.15384615384615385
1811HJ,5757.0,206.0,1815.85,34,5931,0,0,0,0,BU03610800,WK036108,GM0361,437.0,6,2,124997.5,1.0,6,1579.0,True,6918.933254999999,6365.4185946,9956.1675454,16321.58614,0.61,1.0,0.0,1.0,0.0,1.0,0.0
1811HK,5757.0,206.0,0.0,0,0,0,0,0,0,BU03610800,WK036108,GM0361,125.0,1,0,51250.0,1.0,1,0.0,True,0.0,0.0,51250.0,51250.0,1.0,1.0,0.0,1.0,0.0,1.0,0.0
1811HM,5757.0,206.0,1815.85,34,5931,138,0,0,0,BU03610800,WK036108,GM0361,3425.0,34,15,1009610.0,0.4838709677419355,31,1579.0,True,6918.933254999999,6365.4185946,9956.1675454,16321.58614,0.61,0.4838709677419355,0.5161290322580645,0.4838709677419355,0.5161290322580645,0.4838709677419355,0.5161290322580645
1811HN,8595.0,0.0,1505.35,73,5954,0,0,0,0,BU03610800,WK036108,GM0361,1577.0,16,8,515715.0,0.4444444444444444,18,1309.0,True,5735.835105,5276.9682966,8253.7196434,13530.68794,0.61,0.4444444444444444,0.5555555555555556,0.4444444444444444,0.5555555555555556,0.4444444444444444,0.5555555555555556
1811HP,4742.0,0.0,1505.35,73,5954,199,0,0,0,BU03610800,WK036108,GM0361,4489.0,55,31,1146210.0,0.6,65,1309.0,True,5735.835105,5276.9682966,8253.7196434,13530.68794,0.61,0.6,0.4,0.6,0.4,0.6,0.4
1811JA,17286.0,0.0,3439.6499999999996,27,4829,0,0,0,0,BU03610800,WK036108,GM0361,4166.0,33,11,1224392.5,0.2631578947368421,19,2991.0,True,13106.098394999997,12057.610523399999,241476.1577184181,253533.76824181812,0.9524417965819071,0.2631578947368421,0.736842105263158,0.2631578947368421,0.736842105263158,0.2631578947368421,0.736842105263158
1811JB,19804.0,0.0,3362.6,17,4685,0,0,0,0,BU03610800,WK036108,GM0361,3204.0,28,9,1117807.5,0.4375,16,2924.0,True,12812.514780000001,11787.513597600002,457575.5409566857,469363.0545542857,0.9748861494674019,0.4375,0.5625,0.4375,0.5625,0.4375,0.5625
1811JC,18975.0,0.0,4292.95,16,5635,0,0,0,0,BU03610800,WK036108,GM0361,4435.0,34,8,919022.5,0.2,10,3733.0,True,16357.427384999999,15048.8331942,510079.24211521173,525128.0753094117,0.9713425468913788,0.2,0.8,0.2,0.8,0.2,0.8
1811JD,18975.0,0.0,2524.25,46,8153,0,0,0,0,BU03610800,WK036108,GM0361,7729.0,60,5,2944030.0,0.25,8,2195.0,True,9618.149775000002,8848.697793000001,700780.6042403332,709629.3020333332,0.9875305349319068,0.25,0.75,0.25,0.75,0.25,0.75
1811JE,18975.0,0.0,2441.45,39,8153,283,0,60,0,BU03610800,WK036108,GM0361,4816.0,43,17,1028425.0,0.64,25,2123.0,True,9302.656935,8558.4443802,109053.72666026517,117612.17104046517,0.9272316435919253,0.64,0.36,0.64,0.36,0.64,0.36
1811JG,14903.0,0.0,1687.05,21,1736,0,0,0,0,BU03610800,WK036108,GM0361,3966.0,31,12,1341617.5,0.17647058823529413,17,1467.0,True,6428.166614999999,5913.913285799999,442029.8056438775,447943.7189296775,0.9867976421235891,0.17647058823529413,0.8235294117647058,0.17647058823529413,0.8235294117647058,0.17647058823529413,0.8235294117647058
1811JH,28889.0,0.0,2804.85,55,22878,0,0,0,0,BU03610800,WK036108,GM0361,3493.0,27,7,638187.5,0.0,9,2439.0,True,10687.319954999999,9832.3343586,15378.779381399998,25211.113739999997,0.61,0.0,1.0,0.0,1.0,0.0,1.0
1811JJ,14332.0,2.0,2804.85,55,22878,189,0,0,0,BU03610800,WK036108,GM0361,14460.0,126,21,3337397.5,0.6857142857142857,35,2439.0,True,10687.319954999999,9832.3343586,1895975.783349654,1905808.117708254,0.9948408581812405,0.6857142857142857,0.3142857142857143,0.6857142857142857,0.3142857142857143,0.6857142857142857,0.3142857142857143
1811JK,18588.0,0.0,3185.4999999999995,44,8724,342,50,50,0,BU03610800,WK036108,GM0361,7942.0,64,24,2799297.5,0.5,36,2770.0,True,12137.710649999999,11166.693798,892246.323152,903413.01695,0.9876394366823497,0.5,0.5,0.5,0.5,0.5,0.5
1811JL,6985.0,0.0,1492.6999999999998,51,4952,299,60,40,0,BU03610800,WK036108,GM0361,4110.0,43,32,1355720.0,0.6829268292682927,41,1298.0,True,5687.63481,5232.6240252,8184.3606548,13416.98468,0.61,0.6829268292682927,0.31707317073170727,0.6829268292682927,0.31707317073170727,0.6829268292682927,0.31707317073170727
1811JM,25920.0,0.0,3233.7999999999997,37,4879,522,0,0,0,BU03610800,WK036108,GM0361,3208.0,24,6,747312.5,0.5,14,2812.0,True,12321.74814,11336.0082888,17730.679631199997,29066.687919999997,0.61,0.5,0.5,0.5,0.5,0.5,0.5
1811JN,25920.0,0.0,3233.7999999999997,37,4879,396,0,0,0,BU03610800,WK036108,GM0361,3212.0,27,16,802800.0,0.4166666666666667,24,2812.0,True,12321.74814,11336.0082888,17730.679631199997,29066.687919999997,0.61,0.4166666666666667,0.5833333333333333,0.4166666666666667,0.5833333333333333,0.4166666666666667,0.5833333333333333
1811JP,19544.0,0.0,2098.75,58,6615,144,0,0,0,BU03610800,WK036108,GM0361,1814.0,19,3,687025.0,0.5,12,1825.0,True,7996.867125000001,7357.117755000001,11507.286745,18864.4045,0.61,0.5,0.5,0.5,0.5,0.5,0.5
1811JR,9156.0,115.0,2098.75,58,6615,208,0,0,0,BU03610800,WK036108,GM0361,3847.0,45,30,1029437.5,0.5918367346938775,49,1825.0,True,7996.867125000001,7357.117755000001,11507.286745,18864.4045,0.61,0.5918367346938775,0.40816326530612246,0.5918367346938775,0.40816326530612246,0.5918367346938775,0.40816326530612246
1811JZ,3038.0,0.0,1035.0,45,19312,0,0,0,0,BU03610800,WK036108,GM0361,4289.0,32,2,1544510.0,0.0,4,900.0,True,3943.6605,3628.16766,5674.826339999999,9302.993999999999,0.61,0.0,1.0,0.0,1.0,0.0,1.0
1811KA,3038.0,0.0,1035.0,45,19312,198,0,0,0,BU03610800,WK036108,GM0361,9428.0,88,28,1404600.0,0.8,35,900.0,True,3943.6605,3628.16766,692013.4627036364,695641.6303636364,0.9947844299397328,0.8,0.19999999999999996,0.8,0.19999999999999996,0.8,0.19999999999999996
1811KB,4914.0,0.0,1227.05,57,3827,211,50,50,0,BU03610800,WK036108,GM0361,2554.0,38,37,748910.0,0.8717948717948718,39,1067.0,True,4675.428615,4301.3943258,6727.8218941999985,11029.216219999998,0.61,0.8717948717948718,0.1282051282051282,0.8717948717948718,0.1282051282051282,0.8717948717948718,0.1282051282051282
1811KC,0.0,0.0,0.0,0,0,0,0,0,0,BU03610800,WK036108,GM0361,2735.0,21,0,970925.0,0.0,1,0.0,True,0.0,0.0,970925.0,970925.0,1.0,0.0,1.0,0.0,1.0,0.0,1.0
1811KD,2021.0,81.0,0.0,0,0,200,0,90,0,BU03610800,WK036108,GM0361,2938.0,43,38,675172.5,0.9090909090909091,44,0.0,True,0.0,0.0,675172.5,675172.5,1.0,0.9090909090909091,0.09090909090909094,0.9090909090909091,0.09090909090909094,0.9090909090909091,0.09090909090909094
1811KE,3853.0,0.0,1127.0,20,30416,257,0,0,0,BU03610800,WK036108,GM0361,20932.0,165,17,6553765.0,0.47619047619047616,21,980.0,True,4294.208099999999,3950.6714519999996,5765548.497772242,5769499.169224242,0.9993152488047709,0.47619047619047616,0.5238095238095238,0.47619047619047616,0.5238095238095238,0.47619047619047616,0.5238095238095238
1811KG,2311.0,0.0,1026.9499999999998,143,14046,230,0,100,0,BU03610800,WK036108,GM0361,7851.0,117,79,1885460.0,0.954954954954955,111,893.0,True,3912.987584999999,3599.9485781999992,5630.688801799999,9230.637379999998,0.61,0.954954954954955,0.04504504504504503,0.954954954954955,0.04504504504504503,0.954954954954955,0.04504504504504503
1811KH,6509.0,0.0,3892.7499999999995,31,21297,0,0,0,0,BU03610800,WK036108,GM0361,2433.0,18,4,548647.5,0.0,8,3385.0,True,14832.545325,13645.941698999999,21343.652400999996,34989.594099999995,0.61,0.0,1.0,0.0,1.0,0.0,1.0
1811KJ,6509.0,0.0,3892.7499999999995,31,21297,176,0,0,0,BU03610800,WK036108,GM0361,1014.0,22,1,220830.0,1.0,22,3385.0,True,14832.545325,13645.941698999999,21343.652400999996,34989.594099999995,0.61,1.0,0.0,1.0,0.0,1.0,0.0
1811KK,1595.0,0.0,3892.7499999999995,31,21297,262,70,0,0,BU03610800,WK036108,GM0361,1095.0,13,11,234757.5,0.9090909090909091,11,3385.0,True,14832.545325,13645.941698999999,21343.652400999996,34989.594099999995,0.61,0.9090909090909091,0.09090909090909094,0.9090909090909091,0.09090909090909094,0.9090909090909091,0.09090909090909094
1811KL,25548.0,0.0,2735.85,84,18567,247,0,0,0,BU03610800,WK036108,GM0361,2051.0,17,8,783847.5,0.5833333333333334,12,2379.0,True,10424.409255,9590.4565146,15000.4576254,24590.91414,0.61,0.5833333333333334,0.41666666666666663,0.5833333333333334,0.41666666666666663,0.5833333333333334,0.41666666666666663
1811KM,2725.0,0.0,2735.85,84,18567,242,50,50,0,BU03610800,WK036108,GM0361,3129.0,41,36,947655.0,0.918918918918919,37,2379.0,True,10424.409255,9590.4565146,15000.4576254,24590.91414,0.61,0.918918918918919,0.08108108108108103,0.918918918918919,0.08108108108108103,0.918918918918919,0.08108108108108103
1811KN,7389.0,64.0,1905.55,45,2607,267,40,60,0,BU03610800,WK036108,GM0361,2931.0,29,25,962610.0,0.65625,32,1657.0,True,7260.717164999999,6679.8597918,10447.9858282,17127.84562,0.61,0.65625,0.34375,0.65625,0.34375,0.65625,0.34375
1811KP,8994.0,64.0,2459.85,46,5729,227,30,70,0,BU03610800,WK036108,GM0361,3340.0,40,25,977885.0,0.7073170731707317,41,2139.0,True,9372.766454999999,8622.9451386,13487.170601400001,22110.11574,0.61,0.7073170731707317,0.29268292682926833,0.7073170731707317,0.29268292682926833,0.7073170731707317,0.29268292682926833
1811KR,12523.0,0.0,2504.7,37,2919,248,0,0,0,BU03610800,WK036108,GM0361,3580.0,42,21,1423280.0,0.717948717948718,39,2178.0,True,9543.658409999998,8780.165737199999,183171.17498089527,191951.34071809528,0.9542583776474123,0.717948717948718,0.28205128205128205,0.717948717948718,0.28205128205128205,0.717948717948718,0.28205128205128205
1811KS,5441.0,0.0,1112.05,29,2830,234,0,70,0,BU03610800,WK036108,GM0361,2029.0,20,14,631815.0,0.5263157894736842,19,967.0,True,4237.2441149999995,3898.2645857999996,6097.2856342,9995.55022,0.61,0.5263157894736842,0.4736842105263158,0.5263157894736842,0.4736842105263158,0.5263157894736842,0.4736842105263158
1811KT,9172.0,0.0,2585.2,55,13323,269,30,70,5,BU03610800,WK036108,GM0361,6406.0,57,30,1990560.0,0.4358974358974359,39,2248.0,True,9850.38756,9062.3565552,84018.66565111579,93081.0222063158,0.9026401264146721,0.4358974358974359,0.5641025641025641,0.4358974358974359,0.5641025641025641,0.4358974358974359,0.5641025641025641
1811KV,4255.0,0.0,2175.7999999999997,35,1660,250,40,60,0,BU03610800,WK036108,GM0361,2530.0,30,18,930875.0,0.6857142857142857,35,1892.0,True,8290.450739999997,7627.214680799998,11929.746039199998,19556.960719999995,0.61,0.6857142857142857,0.3142857142857143,0.6857142857142857,0.3142857142857143,0.6857142857142857,0.3142857142857143
1811KW,15699.0,0.0,4985.25,17,3053,0,0,0,0,BU03610800,WK036108,GM0361,941.0,1,1,385810.0,1.0,1,4335.0,True,18995.298075,17475.674229,27333.746871,44809.4211,0.61,1.0,0.0,1.0,0.0,1.0,0.0
1811KX,15699.0,0.0,4985.25,17,3053,0,0,0,0,BU03610800,WK036108,GM0361,1406.0,13,7,498952.5,0.45454545454545453,11,4335.0,True,18995.298075,17475.674229,27333.746871,44809.4211,0.61,0.45454545454545453,0.5454545454545454,0.45454545454545453,0.5454545454545454,0.45454545454545453,0.5454545454545454
1811KZ,1885.0,1410.0,869.4,73,8610,282,70,30,0,BU03610800,WK036108,GM0361,3078.0,38,39,923970.0,0.9230769230769231,39,756.0,True,3312.6748199999993,3047.6608343999997,4766.8541256,7814.5149599999995,0.61,0.9230769230769231,0.07692307692307687,0.9230769230769231,0.07692307692307687,0.9230769230769231,0.07692307692307687
1811LA,4644.0,36.0,1314.4499999999998,58,2799,284,30,70,0,BU03610800,WK036108,GM0361,2573.0,31,31,523042.5,0.90625,32,1143.0,True,5008.448835,4607.7729282,7207.029451799999,11814.80238,0.61,0.90625,0.09375,0.90625,0.09375,0.90625,0.09375
1811LB,4247.0,0.0,969.4499999999999,17,1341,165,0,0,0,BU03610800,WK036108,GM0361,966.0,16,10,233475.0,0.8235294117647058,17,843.0,True,3693.895334999999,3398.383708199999,5315.420671799999,8713.804379999998,0.61,0.8235294117647058,0.17647058823529416,0.8235294117647058,0.17647058823529416,0.8235294117647058,0.17647058823529416
1811LC,1799.0,0.0,1018.9,40,3073,261,60,40,0,BU03610800,WK036108,GM0361,2321.0,28,22,739310.0,0.7931034482758621,29,886.0,True,3882.31467,3571.7294964000002,5586.551263600001,9158.280760000001,0.61,0.7931034482758621,0.2068965517241379,0.7931034482758621,0.2068965517241379,0.7931034482758621,0.2068965517241379
1811LD,9701.0,0.0,1361.6,65,11386,155,0,0,0,BU03610800,WK036108,GM0361,1447.0,22,2,405230.0,0.782608695652174,23,1184.0,True,5188.104479999999,4773.0561216,7465.5493184,12238.60544,0.61,0.782608695652174,0.21739130434782605,0.782608695652174,0.21739130434782605,0.782608695652174,0.21739130434782605
1811LE,9701.0,0.0,1361.6,65,11386,356,80,20,0,BU03610800,WK036108,GM0361,4865.0,47,38,806120.0,0.9024390243902439,41,1184.0,True,5188.104479999999,4773.0561216,7465.5493184,12238.60544,0.61,0.9024390243902439,0.09756097560975607,0.9024390243902439,0.09756097560975607,0.9024390243902439,0.09756097560975607
1811LG,7143.0,388.0,2164.2999999999997,71,7492,0,0,0,0,BU03610800,WK036108,GM0361,1433.0,12,8,487575.0,0.35714285714285715,14,1882.0,True,8246.63229,7586.901706799999,11866.692413199999,19453.594119999998,0.61,0.35714285714285715,0.6428571428571428,0.35714285714285715,0.6428571428571428,0.35714285714285715,0.6428571428571428
1811LH,7143.0,388.0,2164.2999999999997,71,7492,264,30,70,0,BU03610800,WK036108,GM0361,5466.0,73,34,1611995.0,0.8611111111111112,72,1882.0,True,8246.63229,7586.901706799999,56030.93898854246,63617.84069534246,0.8807425460550811,0.8611111111111112,0.13888888888888884,0.8611111111111112,0.13888888888888884,0.8611111111111112,0.13888888888888884
1811LJ,3402.0,0.0,965.9999999999999,62,4138,217,0,0,0,BU03610800,WK036108,GM0361,3824.0,46,38,1218472.5,0.6,50,840.0,True,3680.749799999999,3386.2898159999995,5296.504583999999,8682.794399999999,0.61,0.6,0.4,0.6,0.4,0.6,0.4
1811LK,7146.0,32.0,970.5999999999999,54,2338,233,50,50,0,BU03610800,WK036108,GM0361,2734.0,36,29,812347.5,0.8611111111111112,36,844.0,True,3698.2771799999996,3402.4150056,5321.726034399999,8724.141039999999,0.61,0.8611111111111112,0.13888888888888884,0.8611111111111112,0.13888888888888884,0.8611111111111112,0.13888888888888884
1811LL,2375.0,66.0,1128.1499999999999,46,2860,273,50,50,5,BU03610800,WK036108,GM0361,2505.0,35,25,665775.0,1.0,35,981.0,True,4298.589944999999,3954.7027493999994,6185.560710599999,10140.263459999998,0.61,1.0,0.0,1.0,0.0,1.0,0.0
1811LM,3753.0,600.0,1095.9499999999998,63,15102,278,50,50,0,BU03610800,WK036108,GM0361,4987.0,60,36,1393232.5,0.8333333333333334,60,953.0,True,4175.898284999999,3841.8264222,6009.010557799998,9850.836979999998,0.61,0.8333333333333334,0.16666666666666663,0.8333333333333334,0.16666666666666663,0.8333333333333334,0.16666666666666663
1811LN,7633.0,160.0,1956.1499999999999,61,8488,224,0,90,0,BU03610800,WK036108,GM0361,2678.0,39,34,622332.5,0.9210526315789473,38,1701.0,True,7453.518344999999,6857.236877399999,10725.421782599999,17582.658659999997,0.61,0.9210526315789473,0.07894736842105265,0.9210526315789473,0.07894736842105265,0.9210526315789473,0.07894736842105265
1811LP,4012.0,44.0,1277.6499999999999,66,13048,214,50,50,0,BU03610800,WK036108,GM0361,4627.0,58,41,1452335.0,0.8035714285714286,56,1111.0,True,4868.229794999999,4478.771411399999,7005.257848599998,11484.029259999998,0.61,0.8035714285714286,0.1964285714285714,0.8035714285714286,0.1964285714285714,0.8035714285714286,0.1964285714285714
1811LR,3247.0,0.0,1661.7499999999998,23,6748,259,0,70,0,BU03610800,WK036108,GM0361,2915.0,25,14,728957.5,0.6111111111111112,18,1445.0,True,6331.766024999998,5825.224742999999,67427.84895699997,73253.07369999996,0.9204780844165451,0.6111111111111112,0.38888888888888884,0.6111111111111112,0.38888888888888884,0.6111111111111112,0.38888888888888884
1811LS,4510.0,0.0,1311.0,34,3474,263,30,70,0,BU03610800,WK036108,GM0361,3518.02,35,22,1080878.2,0.6551724137931034,29,1140.0,True,4995.3033000000005,4595.679036,38070.34764971429,42666.02668571429,0.8922871569491904,0.6551724137931034,0.3448275862068966,0.6551724137931034,0.3448275862068966,0.6551724137931034,0.3448275862068966
1811LT,2880.0,36.0,848.6999999999999,90,11424,303,30,70,0,BU03610800,WK036108,GM0361,5623.0,57,52,712115.0,0.9285714285714286,56,738.0,True,3233.8016100000004,2975.0974812000004,4653.357598799999,7628.45508,0.61,0.9285714285714286,0.0714285714285714,0.9285714285714286,0.0714285714285714,0.9285714285714286,0.0714285714285714
1811LV,2753.0,0.0,1368.5,39,3096,252,0,80,0,BU03610800,WK036108,GM0361,3005.0,32,20,1019992.5,0.8148148148148148,27,1190.0,True,5214.395549999999,4797.243906,7503.381493999999,12300.625399999999,0.61,0.8148148148148148,0.18518518518518523,0.8148148148148148,0.18518518518518523,0.8148148148148148,0.18518518518518523
1811LW,2991.0,0.0,1655.9999999999998,28,2527,256,0,80,0,BU03610800,WK036108,GM0361,2687.0,27,16,1062825.0,0.55,20,1440.0,True,6309.856799999999,5805.068255999999,9079.722144,14884.790399999998,0.61,0.55,0.44999999999999996,0.55,0.44999999999999996,0.55,0.44999999999999996
1811LX,3668.0,170.0,1063.75,38,3363,0,0,0,0,BU03610800,WK036108,GM0361,324.0,4,3,132840.0,0.75,4,925.0,True,4053.206625,3728.950095,5832.460405,9561.4105,0.61,0.75,0.25,0.75,0.25,0.75,0.25
1811LZ,3668.0,170.0,1063.75,38,3363,393,80,0,0,BU03610800,WK036108,GM0361,2288.0,20,17,445430.0,1.0,20,925.0,True,4053.206625,3728.950095,5832.460405,9561.4105,0.61,1.0,0.0,1.0,0.0,1.0,0.0
1811MA,3082.0,0.0,1419.1,69,5109,431,60,40,0,BU03610801,WK036108,GM0361,6479.0,58,43,1571417.5,0.8703703703703703,54,1234.0,True,5407.19673,4974.6209916,7780.817448399998,12755.438439999998,0.61,0.8703703703703703,0.12962962962962965,0.8703703703703703,0.12962962962962965,0.8703703703703703,0.12962962962962965
1811MB,4614.0,0.0,1492.6999999999998,48,2977,272,40,60,0,BU03610801,WK036108,GM0361,2631.0,22,25,868395.0,0.56,25,1298.0,True,5687.63481,5232.6240252,8184.3606548,13416.98468,0.61,0.56,0.43999999999999995,0.56,0.43999999999999995,0.56,0.43999999999999995
1811MC,2602.0,0.0,891.2499999999999,32,3831,206,0,0,0,BU03610801,WK036108,GM0361,14251.0,119,20,2902675.0,0.6538461538461539,26,775.0,True,3395.9298749999994,3124.2554849999997,2127010.3955107983,2130134.6509957984,0.9985333061064757,0.6538461538461539,0.34615384615384615,0.6538461538461539,0.34615384615384615,0.6538461538461539,0.34615384615384615
1811MD,4504.0,0.0,2316.1,57,3254,301,0,0,0,BU03610801,WK036108,GM0361,3581.0,37,37,1138247.5,0.54,50,2014.0,True,8825.03583,8119.032963600001,12699.0002764,20818.03324,0.61,0.54,0.45999999999999996,0.54,0.45999999999999996,0.54,0.45999999999999996
1811ME,5879.0,0.0,1883.6999999999998,17,797,0,0,0,0,BU03610801,WK036108,GM0361,1227.0,10,9,402897.5,0.8181818181818182,11,1638.0,True,7177.4621099999995,6603.2651412,10328.183938799999,16931.44908,0.61,0.8181818181818182,0.18181818181818177,0.8181818181818182,0.18181818181818177,0.8181818181818182,0.18181818181818177
1811MG,1802.0,25.0,1284.55,57,3014,293,60,40,0,BU03610801,WK036108,GM0361,3696.0,39,34,1270155.0,0.9,40,1117.0,True,4894.5208649999995,4502.9591958,7043.090024199999,11546.049219999999,0.61,0.9,0.09999999999999998,0.9,0.09999999999999998,0.9,0.09999999999999998
1811MH,3432.0,0.0,1462.8,22,960,234,0,0,0,BU03610801,WK036108,GM0361,1534.0,20,14,443437.5,0.95,20,1272.0,True,5573.70684,5127.8102928,8020.4212271999995,13148.23152,0.61,0.95,0.050000000000000044,0.95,0.050000000000000044,0.95,0.050000000000000044
1811MJ,1523.0,250.0,1037.3,22,810,275,0,70,5,BU03610801,WK036108,GM0361,1349.0,13,12,350657.5,0.7058823529411765,17,902.0,True,3952.4241899999997,3636.2302548,5687.437065199999,9323.667319999999,0.61,0.7058823529411765,0.2941176470588235,0.7058823529411765,0.2941176470588235,0.7058823529411765,0.2941176470588235
1811MK,4293.0,0.0,999.3499999999999,87,3559,233,0,90,30,BU03610801,WK036108,GM0361,4589.0,57,49,1253275.0,0.9122807017543859,57,869.0,True,3807.823305,3503.1974406,5479.3600994,8982.55754,0.61,0.9122807017543859,0.08771929824561409,0.9122807017543859,0.08771929824561409,0.9122807017543859,0.08771929824561409
1811ML,4840.0,185.0,1355.85,82,3197,0,0,0,0,BU03610801,WK036108,GM0361,667.0,5,2,273470.0,0.5,2,1179.0,True,5166.195254999999,4752.899634599999,7434.022505399999,12186.922139999999,0.61,0.5,0.5,0.5,0.5,0.5,0.5
1811MN,4840.0,185.0,1355.85,82,3197,256,40,60,15,BU03610801,WK036108,GM0361,4019.0,51,44,1084702.5,0.9245283018867925,53,1179.0,True,5166.195254999999,4752.899634599999,7434.022505399999,12186.922139999999,0.61,0.9245283018867925,0.07547169811320753,0.9245283018867925,0.07547169811320753,0.9245283018867925,0.07547169811320753
1811MP,3092.0,285.0,1083.3,25,2156,267,60,40,0,BU03610801,WK036108,GM0361,2059.0,19,14,741807.5,0.8947368421052632,19,942.0,True,4127.697990000001,3797.4821508000005,5939.651569199999,9737.13372,0.61,0.8947368421052632,0.10526315789473684,0.8947368421052632,0.10526315789473684,0.8947368421052632,0.10526315789473684
1811MR,2377.0,49.0,933.8,29,1819,229,50,50,0,BU03610801,WK036108,GM0361,1694.0,20,15,443145.0,0.8,25,812.0,True,3558.0581399999996,3273.4134888,5119.954431199999,8393.367919999999,0.61,0.8,0.19999999999999996,0.8,0.19999999999999996,0.8,0.19999999999999996
1811MS,1729.0,0.0,796.9499999999999,51,4137,216,0,100,0,BU03610801,WK036108,GM0361,2090.0,33,34,404752.5,0.9705882352941176,34,693.0,True,3036.618585,2793.6890982000004,4369.616281799999,7163.30538,0.6099999999999999,0.9705882352941176,0.02941176470588236,0.9705882352941176,0.02941176470588236,0.9705882352941176,0.02941176470588236
1811MT,2167.0,160.0,1444.3999999999999,53,3582,365,70,30,0,BU03610801,WK036108,GM0361,4297.0,35,27,1311872.5,0.9117647058823529,34,1256.0,True,5503.597319999999,5063.309534399999,7919.535425599999,12982.844959999999,0.61,0.9117647058823529,0.08823529411764708,0.9117647058823529,0.08823529411764708,0.9117647058823529,0.08823529411764708
1811MV,2073.0,96.0,1623.8,74,4253,312,40,50,10,BU03610801,WK036108,GM0361,4965.0,49,39,1564970.0,0.7592592592592593,54,1412.0,True,6187.165139999998,5692.191928799999,8903.171991199999,14595.363919999998,0.61,0.7592592592592593,0.2407407407407407,0.7592592592592593,0.2407407407407407,0.7592592592592593,0.2407407407407407
1811MX,1848.0,13.0,932.65,74,7612,261,20,80,30,BU03610801,WK036108,GM0361,4134.0,46,40,1368725.0,0.9782608695652174,46,811.0,True,3553.6762949999998,3269.3821914,5113.6490686,8383.03126,0.61,0.9782608695652174,0.021739130434782594,0.9782608695652174,0.021739130434782594,0.9782608695652174,0.021739130434782594
1811MZ,3098.0,237.0,1852.6499999999999,53,6477,323,40,60,0,BU03610801,WK036108,GM0361,4514.0,39,27,1560047.5,0.7368421052631579,38,1611.0,True,7059.152294999998,6494.420111399999,10157.939148599999,16652.359259999997,0.61,0.7368421052631579,0.26315789473684215,0.7368421052631579,0.26315789473684215,0.7368421052631579,0.26315789473684215
1811NA,8758.0,171.0,2404.6499999999996,69,4448,0,0,0,0,BU03610801,WK036108,GM0361,809.0,5,6,331690.0,0.5,6,2091.0,True,9162.437895,8429.4428634,13184.513196599997,21613.956059999997,0.61,0.5,0.5,0.5,0.5,0.5,0.5
1811NB,8758.0,171.0,2404.6499999999996,69,4448,334,40,60,0,BU03610801,WK036108,GM0361,3973.0,38,27,1313850.0,0.6875,32,2091.0,True,9162.437895,8429.4428634,13184.513196599997,21613.956059999997,0.61,0.6875,0.3125,0.6875,0.3125,0.6875,0.3125
1811NC,16995.0,0.0,2819.7999999999997,37,3332,205,0,0,0,BU03610800,WK036108,GM0361,2861.0,36,22,1008842.5,0.6756756756756757,37,2452.0,True,10744.28394,9884.7412248,15460.749095199997,25345.490319999997,0.61,0.6756756756756757,0.32432432432432434,0.6756756756756757,0.32432432432432434,0.6756756756756757,0.32432432432432434
1811ND,2195.0,121.0,1623.8,46,2957,299,40,60,10,BU03610801,WK036108,GM0361,2977.0,30,24,1013345.0,0.9285714285714286,28,1412.0,True,6187.165139999998,5692.191928799999,8903.171991199999,14595.363919999998,0.61,0.9285714285714286,0.0714285714285714,0.9285714285714286,0.0714285714285714,0.9285714285714286,0.0714285714285714
1811NE,8708.0,37.0,1907.85,46,4349,334,70,30,0,BU03610801,WK036108,GM0361,3463.0,33,24,1203902.5,0.6176470588235294,34,1659.0,True,7269.480854999999,6687.922386599999,10460.596553399999,17148.518939999998,0.61,0.6176470588235294,0.38235294117647056,0.6176470588235294,0.38235294117647056,0.6176470588235294,0.38235294117647056
1811NG,1320.0,129.0,803.8499999999999,41,1476,232,20,80,5,BU03610801,WK036108,GM0361,1705.0,22,25,420600.0,0.88,25,699.0,True,3062.9096549999995,2817.8768825999996,4407.4484574,7225.325339999999,0.61,0.88,0.12,0.88,0.12,0.88,0.12
1811NH,2456.0,1.0,1451.3,47,2247,213,30,70,0,BU03610801,WK036108,GM0361,2816.0,30,27,1033825.0,0.6451612903225806,31,1262.0,True,5529.88839,5087.4973188,7957.3676012,13044.86492,0.61,0.6451612903225806,0.3548387096774194,0.6451612903225806,0.3548387096774194,0.6451612903225806,0.3548387096774194
1811NJ,3856.0,107.0,1613.4499999999998,58,4447,306,40,60,5,BU03610801,WK036108,GM0361,4003.0,35,30,1497670.0,0.7647058823529411,34,1403.0,True,6147.728534999999,5655.910252199999,8846.423727799998,14502.333979999998,0.61,0.7647058823529411,0.23529411764705888,0.7647058823529411,0.23529411764705888,0.7647058823529411,0.23529411764705888
1811NK,1457.0,237.0,941.8499999999999,56,1842,0,0,0,0,BU03610801,WK036108,GM0361,129.0,2,2,31580.0,1.0,2,819.0,True,3588.7310549999997,3301.6325706,5164.0919693999995,8465.72454,0.61,1.0,0.0,1.0,0.0,1.0,0.0
1811NM,1457.0,237.0,941.8499999999999,56,1842,0,0,0,0,BU03610801,WK036108,GM0361,159.0,4,4,65190.0,1.0,4,819.0,True,3588.7310549999997,3301.6325706,5164.0919693999995,8465.72454,0.61,1.0,0.0,1.0,0.0,1.0,0.0
1811NN,1457.0,237.0,941.8499999999999,56,1842,220,0,0,0,BU03610801,WK036108,GM0361,1679.0,24,24,425497.5,1.0,24,819.0,True,3588.7310549999997,3301.6325706,5164.0919693999995,8465.72454,0.61,1.0,0.0,1.0,0.0,1.0,0.0
1811NP,1909.0,1.0,839.4999999999999,49,7723,0,0,0,0,BU03610801,WK036108,GM0361,361.0,5,4,106400.0,0.8,5,730.0,True,3198.7468499999995,2942.8471019999997,4602.914698,7545.761799999999,0.61,0.8,0.19999999999999996,0.8,0.19999999999999996,0.8,0.19999999999999996
1811PA,1909.0,1.0,839.4999999999999,49,7723,0,0,0,0,BU03610800,WK036108,GM0361,362.0,4,5,61895.0,0.5,6,730.0,True,3198.7468499999995,2942.8471019999997,4602.914698,7545.761799999999,0.61,0.5,0.5,0.5,0.5,0.5,0.5
1811PB,1909.0,1.0,839.4999999999999,49,7723,263,0,0,0,BU03610800,WK036108,GM0361,1441.0,16,16,257515.0,1.0,16,730.0,True,3198.7468499999995,2942.8471019999997,4602.914698,7545.761799999999,0.61,1.0,0.0,1.0,0.0,1.0,0.0
1811PC,1607.0,293.0,627.9,47,6370,244,70,30,0,BU03610800,WK036108,GM0361,1641.0,26,26,356732.5,1.0,26,546.0,True,2392.48737,2201.0883804,3442.7279796,5643.81636,0.61,1.0,0.0,1.0,0.0,1.0,0.0
1811PD,3459.0,0.0,936.0999999999999,21,375,0,0,0,0,BU03610800,WK036108,GM0361,704.0,12,12,154880.0,1.0,12,814.0,True,3566.8218299999994,3281.4760835999996,5132.565156399999,8414.041239999999,0.61,1.0,0.0,1.0,0.0,1.0,0.0
1812AZ,0.0,0.0,0.0,0,0,0,0,0,0,BU03610309,WK036103,GM0361,76555.0,589,1,9569375.0,0.0,1,0.0,True,0.0,0.0,9569375.0,9569375.0,1.0,0.0,1.0,0.0,1.0,0.0,1.0
1812EC,0.0,0.0,3562.7,37,10548,0,0,0,0,BU03610201,WK036102,GM0361,1321.0,4,2,348365.0,1.0,4,3098.0,True,13574.95581,12488.9593452,19534.013334799998,32022.97268,0.61,1.0,0.0,1.0,0.0,1.0,0.0
1812LT,0.0,0.0,3562.7,37,10548,0,0,0,0,BU03610308,WK036103,GM0361,5001.0,44,3,1209660.0,0.0,20,3098.0,True,13574.95581,12488.9593452,211979.92242570905,224468.88177090907,0.9443621795294275,0.0,1.0,0.0,1.0,0.0,1.0
1812LV,7697.0,0.0,3562.7,37,10548,0,0,0,0,BU03610308,WK036103,GM0361,12328.0,94,3,3310802.5,0.0,3,3098.0,True,13574.95581,12488.9593452,2027148.2952496938,2039637.254594894,0.9938768723129248,0.0,1.0,0.0,1.0,0.0,1.0
1812MC,4139.0,1489.0,3562.7,37,10548,0,0,0,0,BU03610203,WK036102,GM0361,1077.0,9,8,346445.0,0.8888888888888888,9,3098.0,True,13574.95581,12488.9593452,19534.013334799998,32022.97268,0.61,0.8888888888888888,0.11111111111111116,0.8888888888888888,0.11111111111111116,0.8888888888888888,0.11111111111111116
1812NA,2908.0,232.0,1782.4999999999998,36,6764,0,0,0,0,BU03610203,WK036102,GM0361,20631.0,161,20,6346310.0,0.88,25,1550.0,True,6791.859749999999,6248.510969999999,4937032.628800186,4943281.1397701865,0.998735958810894,0.88,0.12,0.88,0.12,0.88,0.12
1812NB,4255.0,905.0,2725.5,41,3215,382,100,0,0,BU03610203,WK036102,GM0361,4084.0,27,24,1184815.0,0.8888888888888888,27,2370.0,True,10384.97265,9554.174838,14943.709362,24497.8842,0.61,0.8888888888888888,0.11111111111111116,0.8888888888888888,0.11111111111111116,0.8888888888888888,0.11111111111111116
1812ND,5639.0,337.0,2693.2999999999997,68,46408,0,0,0,0,BU03610203,WK036102,GM0361,520.0,3,3,83562.5,1.0,3,2342.0,True,10262.28099,9441.2985108,14767.1592092,24208.45772,0.61,1.0,0.0,1.0,0.0,1.0,0.0
1812NE,5639.0,337.0,0.0,0,0,0,0,0,0,BU03610203,WK036102,GM0361,479.68,4,0,196668.8,0.0,4,0.0,True,0.0,0.0,196668.8,196668.8,1.0,0.0,1.0,0.0,1.0,0.0,1.0
1812PA,5639.0,337.0,2693.2999999999997,68,46408,0,0,0,0,BU03610301,WK036103,GM0361,3342.0,27,7,411450.0,0.0,35,2342.0,True,10262.28099,9441.2985108,14767.1592092,24208.45772,0.61,0.0,1.0,0.0,1.0,0.0,1.0
1812PB,13106.0,510.0,2693.2999999999997,68,46408,0,0,0,0,BU03610301,WK036103,GM0361,6349.0,48,8,2139135.0,0.18181818181818182,11,2342.0,True,10262.28099,9441.2985108,14767.1592092,24208.45772,0.61,0.18181818181818182,0.8181818181818181,0.18181818181818182,0.8181818181818181,0.18181818181818182,0.8181818181818181
1812PC,11919.0,776.0,2693.2999999999997,68,46408,0,0,0,0,BU03610301,WK036103,GM0361,8772.0,64,3,3418842.5,0.0,48,2342.0,True,10262.28099,9441.2985108,14767.1592092,24208.45772,0.61,0.0,1.0,0.0,1.0,0.0,1.0
1812PD,11919.0,776.0,2693.2999999999997,68,46408,0,0,0,0,BU03610301,WK036103,GM0361,7478.0,58,7,1793352.5,0.05,20,2342.0,True,10262.28099,9441.2985108,14767.1592092,24208.45772,0.61,0.05,0.95,0.05,0.95,0.05,0.95
1812PE,5283.0,0.0,2693.2999999999997,68,46408,0,0,0,0,BU03610301,WK036103,GM0361,4959.0,38,1,446310.0,0.0,1,2342.0,True,10262.28099,9441.2985108,14767.1592092,24208.45772,0.61,0.0,1.0,0.0,1.0,0.0,1.0
1812PG,5283.0,0.0,2693.2999999999997,68,46408,0,0,0,0,BU03610301,WK036103,GM0361,6869.0,53,8,2091875.0,0.0,17,2342.0,True,10262.28099,9441.2985108,14767.1592092,24208.45772,0.61,0.0,1.0,0.0,1.0,0.0,1.0
1812PH,12124.0,1820.0,2702.5,41,21468,0,0,0,0,BU03610301,WK036103,GM0361,3117.0,24,1,1106535.0,0.0,2,2350.0,True,10297.335750000002,9473.548890000002,14817.60211,24291.151,0.61,0.0,1.0,0.0,1.0,0.0,1.0
1812PJ,12124.0,1820.0,2702.5,41,21468,0,0,0,0,BU03610301,WK036103,GM0361,5843.0,45,8,2214020.0,0.0,12,2350.0,True,10297.335750000002,9473.548890000002,211619.37988777782,221092.92877777782,0.9571512804938147,0.0,1.0,0.0,1.0,0.0,1.0
1812PK,12039.0,363.0,2702.5,41,21468,0,0,0,0,BU03610301,WK036103,GM0361,5079.0,40,12,1275742.5,0.0625,16,2350.0,True,10297.335750000002,9473.548890000002,14817.60211,24291.151,0.61,0.0625,0.9375,0.0625,0.9375,0.0625,0.9375
1812PL,11125.0,490.0,2603.6,34,21856,0,0,0,0,BU03610301,WK036103,GM0361,24529.0,187,23,6112180.0,0.03571428571428571,28,2264.0,True,9920.497080000001,9126.857313600001,5015149.886380945,5024276.743694546,0.9981834485281778,0.03571428571428571,0.9642857142857143,0.03571428571428571,0.9642857142857143,0.03571428571428571,0.9642857142857143
1812PM,7459.0,682.0,3854.7999999999997,33,8095,0,0,0,0,BU03610301,WK036103,GM0361,16850.0,131,14,5024115.0,0.0,30,3352.0,True,14687.94444,13512.9088848,3779633.8197100093,3793146.7285948093,0.9964375464880036,0.0,1.0,0.0,1.0,0.0,1.0
1812PN,10749.0,506.0,4717.299999999999,70,129621,0,0,0,0,BU03610301,WK036103,GM0361,4731.0,37,8,1727000.0,0.3333333333333333,9,4102.0,True,17974.32819,16536.3819348,25864.5973852,42400.97932,0.61,0.3333333333333333,0.6666666666666667,0.3333333333333333,0.6666666666666667,0.3333333333333333,0.6666666666666667
1812PP,16750.0,0.0,4717.299999999999,70,129621,0,0,0,0,BU03610301,WK036103,GM0361,13619.0,105,6,4477227.5,0.0,9,4102.0,True,17974.32819,16536.3819348,1518273.7640518667,1534810.1459866667,0.9892257801539556,0.0,1.0,0.0,1.0,0.0,1.0
1812PR,18967.0,51.0,4717.299999999999,70,129621,0,0,0,0,BU03610301,WK036103,GM0361,14880.0,114,6,2155247.5,0.0,8,4102.0,True,17974.32819,16536.3819348,857714.5096659017,874250.8916007016,0.981085084277669,0.0,1.0,0.0,1.0,0.0,1.0
1812PS,18967.0,51.0,4717.299999999999,70,129621,0,0,0,0,BU03610301,WK036103,GM0361,33805.0,260,22,10733187.5,0.10344827586206896,29,4102.0,True,17974.32819,16536.3819348,7869347.770462124,7885884.152396924,0.9979030402152467,0.10344827586206896,0.896551724137931,0.10344827586206896,0.896551724137931,0.10344827586206896,0.896551724137931
1812PT,6102.0,902.0,2109.1,24,1696,0,0,0,0,BU03610301,WK036103,GM0361,4410.43,34,4,1103692.9,0.0,16,1834.0,True,8036.3037300000005,7393.399431600001,336179.5938319293,343572.9932635293,0.9784808480976004,0.0,1.0,0.0,1.0,0.0,1.0
1812PV,6102.0,902.0,2109.1,24,1696,214,0,0,0,BU03610309,WK036103,GM0361,1910.45,16,7,705554.5,0.4444444444444444,18,1834.0,True,8036.3037300000005,7393.399431600001,11564.0350084,18957.43444,0.61,0.4444444444444444,0.5555555555555556,0.4444444444444444,0.5555555555555556,0.4444444444444444,0.5555555555555556
1812PW,16030.0,1637.0,3797.2999999999997,39,55620,0,0,0,0,BU03610309,WK036103,GM0361,65149.0,504,22,13465092.5,0.0,30,3302.0,True,14468.85219,13311.3440148,12443971.125757582,12457282.469772382,0.9989314407819603,0.0,1.0,0.0,1.0,0.0,1.0
1812RA,9910.0,0.0,4034.2,73,27594,0,0,0,0,BU03610309,WK036103,GM0361,1540.0,8,1,520100.0,0.0,13,3508.0,True,15371.512259999998,14141.791279199999,22119.2120008,36261.00328,0.61,0.0,1.0,0.0,1.0,0.0,1.0
1812RB,9910.0,0.0,4034.2,73,27594,0,0,0,0,BU03610309,WK036103,GM0361,18962.0,148,40,2301552.5,0.0,58,3508.0,True,15371.512259999998,14141.791279199999,1188446.4924062055,1202588.2836854055,0.9882405379538027,0.0,1.0,0.0,1.0,0.0,1.0
1812RC,18314.0,1782.0,11082.55,24,68725,0,0,0,0,BU03610309,WK036103,GM0361,42524.0,328,6,4060130.0,0.0,34,9637.0,True,42227.84026499999,38849.6130438,3823812.096449371,3862661.709493171,0.9899422688380087,0.0,1.0,0.0,1.0,0.0,1.0
1812RD,0.0,0.0,0.0,0,0,0,0,0,0,BU03610309,WK036103,GM0361,7674.0,59,0,959250.0,0.0,3,0.0,True,0.0,0.0,959250.0,959250.0,1.0,0.0,1.0,0.0,1.0,0.0,1.0
1812RE,32269.0,2251.0,11082.55,24,68725,0,0,0,0,BU03610309,WK036103,GM0361,48491.0,375,12,7171320.0,0.0,15,9637.0,True,42227.84026499999,38849.6130438,6773120.2993762,6811969.91242,0.9942968607402439,0.0,1.0,0.0,1.0,0.0,1.0
1812RG,10283.0,2400.0,0.0,0,0,0,0,0,0,BU03610309,WK036103,GM0361,45248.0,348,0,7349312.5,0.0,4,0.0,True,0.0,0.0,7349312.5,7349312.5,1.0,0.0,1.0,0.0,1.0,0.0,1.0
1812RH,10283.0,2400.0,0.0,0,0,0,0,0,0,BU03610308,WK036103,GM0361,79722.0,612,2,12825612.5,0.0,12,0.0,True,0.0,0.0,12825612.5,12825612.5,1.0,0.0,1.0,0.0,1.0,0.0,1.0
1812RJ,18500.0,0.0,0.0,0,0,0,0,0,0,BU03610309,WK036103,GM0361,20137.0,156,5,2652187.5,0.0,11,0.0,True,0.0,0.0,2652187.5,2652187.5,1.0,0.0,1.0,0.0,1.0,0.0,1.0
1812RK,36680.0,15.0,0.0,0,0,0,0,0,0,BU03610309,WK036103,GM0361,33437.0,257,8,4336210.0,0.0,10,0.0,True,0.0,0.0,4336210.0,4336210.0,1.0,0.0,1.0,0.0,1.0,0.0,1.0
1812RL,36680.0,15.0,0.0,0,0,0,0,0,0,BU03610308,WK036103,GM0361,120141.0,924,0,16536525.0,0.0,24,0.0,True,0.0,0.0,16536525.0,16536525.0,1.0,0.0,1.0,0.0,1.0,0.0,1.0
1812RM,15417.0,2627.0,0.0,0,0,0,0,0,0,BU03610308,WK036103,GM0361,4104.0,32,0,513000.0,0.0,5,0.0,True,0.0,0.0,513000.0,513000.0,1.0,0.0,1.0,0.0,1.0,0.0,1.0
1812RN,15417.0,2627.0,0.0,0,0,0,0,0,0,BU03610308,WK036103,GM0361,1244.0,11,0,155500.0,0.0,4,0.0,True,0.0,0.0,155500.0,155500.0,1.0,0.0,1.0,0.0,1.0,0.0,1.0
1812RP,15417.0,2627.0,0.0,0,0,0,0,0,0,BU03610308,WK036103,GM0361,19400.0,148,0,1965950.0,0.0,10,0.0,True,0.0,0.0,1965950.0,1965950.0,1.0,0.0,1.0,0.0,1.0,0.0,1.0
1812RR,16506.0,1961.0,0.0,0,0,0,0,0,0,BU03610308,WK036103,GM0361,93669.0,713,0,19001287.5,0.0,59,0.0,True,0.0,0.0,19001287.5,19001287.5,1.0,0.0,1.0,0.0,1.0,0.0,1.0
1812RS,44695.0,3679.0,0.0,0,0,0,0,0,0,BU03610308,WK036103,GM0361,55519.0,426,0,4859375.0,0.0,15,0.0,True,0.0,0.0,4859375.0,4859375.0,1.0,0.0,1.0,0.0,1.0,0.0,1.0
1812RT,42743.0,5604.0,0.0,0,0,0,0,0,0,BU03610308,WK036103,GM0361,6658.0,51,0,1377057.5,0.0,2,0.0,True,0.0,0.0,1377057.5,1377057.5,1.0,0.0,1.0,0.0,1.0,0.0,1.0
1812RV,42743.0,5604.0,0.0,0,0,0,0,0,0,BU03610308,WK036103,GM0361,2060.0,16,0,257500.0,0.0,1,0.0,True,0.0,0.0,257500.0,257500.0,1.0,0.0,1.0,0.0,1.0,0.0,1.0
1812SB,42743.0,5604.0,0.0,0,0,0,0,0,0,BU03610308,WK036103,GM0361,23866.0,184,0,3322360.0,0.0,6,0.0,True,0.0,0.0,3322360.0,3322360.0,1.0,0.0,1.0,0.0,1.0,0.0,1.0
1812SC,42743.0,5604.0,0.0,0,0,0,0,0,0,BU03610308,WK036103,GM0361,24990.0,194,0,1854850.0,0.0,8,0.0,True,0.0,0.0,1854850.0,1854850.0,1.0,0.0,1.0,0.0,1.0,0.0,1.0
1812SE,10326.0,1283.0,0.0,0,0,0,0,0,0,BU03610308,WK036103,GM0361,9680.0,71,0,1396597.5,0.0,12,0.0,True,0.0,0.0,1396597.5,1396597.5,1.0,0.0,1.0,0.0,1.0,0.0,1.0
1813AA,10326.0,1283.0,0.0,0,0,392,80,0,0,BU03610300,WK036103,GM0361,10729.0,86,23,2389917.5,0.6666666666666666,24,0.0,True,0.0,0.0,2389917.5,2389917.5,1.0,0.6666666666666666,0.33333333333333337,0.6666666666666666,0.33333333333333337,0.6666666666666666,0.33333333333333337
1813AB,2729.0,0.0,888.9499999999999,36,19920,473,90,0,0,BU03610301,WK036103,GM0361,2496.0,22,22,425580.0,1.0,22,773.0,True,3387.166185,3116.1928902,4874.045289799999,7990.238179999999,0.61,1.0,0.0,1.0,0.0,1.0,0.0
1813AC,2803.0,4.0,0.0,0,0,380,90,0,0,BU03610801,WK036108,GM0361,4036.0,37,0,518685.0,0.875,40,0.0,True,0.0,0.0,518685.0,518685.0,1.0,0.875,0.125,0.875,0.125,0.875,0.125
1813AD,3606.0,873.0,0.0,0,0,485,100,0,0,BU03610801,WK036108,GM0361,6921.0,43,0,917032.5,1.0,43,0.0,True,0.0,0.0,917032.5,917032.5,1.0,1.0,0.0,1.0,0.0,1.0,0.0
1813BA,19180.0,0.0,1144.25,59,79180,0,0,0,0,BU03610301,WK036103,GM0361,15116.0,116,6,6012102.5,0.0,9,995.0,True,4359.935775,4011.140913,2960496.6159594143,2964507.756872414,0.9986469453811678,0.0,1.0,0.0,1.0,0.0,1.0
1813BB,1919.0,0.0,1144.25,59,79180,196,80,0,0,BU03610303,WK036103,GM0361,2045.0,26,26,722437.5,0.8846153846153846,26,995.0,True,4359.935775,4011.140913,6273.835787000001,10284.976700000001,0.61,0.8846153846153846,0.11538461538461542,0.8846153846153846,0.11538461538461542,0.8846153846153846,0.11538461538461542
1813BC,1618.0,0.0,831.4499999999999,35,1016,193,70,30,0,BU03610303,WK036103,GM0361,1505.0,19,19,499710.0,0.8947368421052632,19,723.0,True,3168.0739349999994,2914.6280202,4558.777159799999,7473.405179999999,0.61,0.8947368421052632,0.10526315789473684,0.8947368421052632,0.10526315789473684,0.8947368421052632,0.10526315789473684
1813BD,1670.0,0.0,1095.9499999999998,50,12704,0,0,0,0,BU03610303,WK036103,GM0361,595.0,7,7,190400.0,1.0,7,953.0,True,4175.898284999999,3841.8264222,6009.010557799998,9850.836979999998,0.61,1.0,0.0,1.0,0.0,1.0,0.0
1813BE,1670.0,0.0,1095.9499999999998,50,12704,212,60,40,0,BU03610303,WK036103,GM0361,1903.0,22,22,514905.0,1.0,22,953.0,True,4175.898284999999,3841.8264222,6009.010557799998,9850.836979999998,0.61,1.0,0.0,1.0,0.0,1.0,0.0
1813BH,1680.0,389.0,0.0,0,0,0,0,0,0,BU03610303,WK036103,GM0361,2327.0,18,2,826085.0,0.0,3,0.0,True,0.0,0.0,826085.0,826085.0,1.0,0.0,1.0,0.0,1.0,0.0,1.0
1813BJ,1680.0,389.0,0.0,0,0,0,0,0,0,BU03610303,WK036103,GM0361,481.0,6,3,110807.5,1.0,6,0.0,True,0.0,0.0,110807.5,110807.5,1.0,1.0,0.0,1.0,0.0,1.0,0.0
1813BK,1680.0,389.0,0.0,0,0,137,0,0,0,BU03610303,WK036103,GM0361,1020.0,24,24,222325.0,1.0,24,0.0,True,0.0,0.0,222325.0,222325.0,1.0,1.0,0.0,1.0,0.0,1.0,0.0
1813BL,1235.0,0.0,830.3,22,742,128,0,0,0,BU03610303,WK036103,GM0361,584.0,14,14,145180.0,1.0,14,722.0,True,3163.69209,2910.5967228,4552.4717972,7463.06852,0.61,1.0,0.0,1.0,0.0,1.0,0.0
1813BM,2800.0,20.0,2563.35,20,47,319,70,30,0,BU03610301,WK036103,GM0361,11155.0,101,1,1405905.0,0.788235294117647,85,2229.0,True,9767.132505,8985.7619046,1141562.6235324298,1150548.3854370299,0.992190018239705,0.788235294117647,0.21176470588235297,0.788235294117647,0.21176470588235297,0.788235294117647,0.21176470588235297
1813BN,2412.0,0.0,0.0,0,0,0,0,0,0,BU03610303,WK036103,GM0361,718.0,16,0,294380.0,0.9411764705882353,17,0.0,True,0.0,0.0,294380.0,294380.0,1.0,0.9411764705882353,0.05882352941176472,0.9411764705882353,0.05882352941176472,0.9411764705882353,0.05882352941176472
1813BP,1473.0,0.0,977.4999999999999,22,844,0,0,0,0,BU03610303,WK036103,GM0361,725.0,17,6,241150.0,1.0,17,850.0,True,3724.56825,3426.60279,5359.55821,8786.161,0.61,1.0,0.0,1.0,0.0,1.0,0.0
1813BR,1345.0,0.0,747.4999999999999,19,844,0,0,0,0,BU03610303,WK036103,GM0361,635.0,15,6,220650.0,1.0,15,650.0,True,2848.19925,2620.34331,4098.4856899999995,6718.829,0.61,1.0,0.0,1.0,0.0,1.0,0.0
1813BS,2334.0,0.0,1708.8999999999999,16,10946,0,0,0,0,BU03610303,WK036103,GM0361,518.0,4,2,97870.0,0.0,2,1486.0,True,6511.421669999999,5990.507936399999,9369.7688236,15360.276759999999,0.61,0.0,1.0,0.0,1.0,0.0,1.0
1813BT,2334.0,0.0,1708.8999999999999,16,10946,0,0,0,0,BU03610303,WK036103,GM0361,2333.0,16,1,338315.0,0.0,10,1486.0,True,6511.421669999999,5990.507936399999,9369.7688236,15360.276759999999,0.61,0.0,1.0,0.0,1.0,0.0,1.0
1813BV,2334.0,0.0,0.0,0,0,217,0,100,0,BU03610301,WK036103,GM0361,4185.0,75,0,552487.5,0.96,75,0.0,True,0.0,0.0,552487.5,552487.5,1.0,0.96,0.040000000000000036,0.96,0.040000000000000036,0.96,0.040000000000000036
1813CD,4496.0,0.0,983.2499999999999,31,1743,220,0,0,0,BU03610301,WK036103,GM0361,1468.0,15,16,226422.5,1.0,15,855.0,True,3746.477475,3446.759277,5391.085022999999,8837.844299999999,0.61,1.0,0.0,1.0,0.0,1.0,0.0
1813CE,2933.0,0.0,1017.7499999999999,39,2372,222,0,0,0,BU03610301,WK036103,GM0361,2406.0,23,20,315487.5,0.9523809523809523,21,885.0,True,3877.9328249999994,3567.6981989999995,5580.245900999999,9147.944099999999,0.61,0.9523809523809523,0.04761904761904767,0.9523809523809523,0.04761904761904767,0.9523809523809523,0.04761904761904767
1813CG,3285.0,655.0,3481.0499999999997,28,5351,0,100,0,0,BU03610301,WK036103,GM0361,3871.0,32,17,1518342.5,0.75,16,3027.0,True,13263.844815,12202.737229800001,208879.1450902,221081.88232,0.9448044448430314,0.75,0.25,0.75,0.25,0.75,0.25
1813CH,2353.0,0.0,923.4499999999999,33,483,182,70,30,0,BU03610301,WK036103,GM0361,1125.0,18,18,346990.0,1.0,18,803.0,True,3518.6215349999993,3237.1318121999993,5063.206167799999,8300.337979999998,0.61,1.0,0.0,1.0,0.0,1.0,0.0
1813CJ,1559.0,0.0,685.4,31,322,183,50,50,0,BU03610301,WK036103,GM0361,1000.0,16,16,290552.5,1.0,16,596.0,True,2611.5796199999995,2402.6532503999997,3757.9961095999997,6160.649359999999,0.61,1.0,0.0,1.0,0.0,1.0,0.0
1813CK,1220.0,0.0,670.4499999999999,31,322,180,60,40,0,BU03610301,WK036103,GM0361,1000.0,16,16,324145.0,1.0,16,583.0,True,2554.6156349999997,2350.2463841999997,3676.0263957999996,6026.272779999999,0.61,1.0,0.0,1.0,0.0,1.0,0.0
1813CL,3038.0,0.0,1098.25,59,2216,224,0,0,0,BU03610301,WK036103,GM0361,710.0,7,7,94075.0,1.0,7,955.0,True,4184.661975,3849.8890170000004,6021.6212829999995,9871.5103,0.61,1.0,0.0,1.0,0.0,1.0,0.0
1813CM,2552.0,546.0,1098.25,59,2216,241,100,0,0,BU03610301,WK036103,GM0361,2084.0,22,22,799525.0,1.0,22,955.0,True,4184.661975,3849.8890170000004,6021.6212829999995,9871.5103,0.61,1.0,0.0,1.0,0.0,1.0,0.0
1813CN,2510.0,187.0,1168.3999999999999,41,2190,245,100,0,0,BU03610301,WK036103,GM0361,2269.0,24,23,842352.5,1.0,24,1016.0,True,4451.954519999999,4095.7981584,6406.248401599999,10502.046559999999,0.61,1.0,0.0,1.0,0.0,1.0,0.0
1813CP,1407.0,0.0,922.3,27,868,180,70,0,0,BU03610301,WK036103,GM0361,885.0,15,15,315207.5,1.0,15,802.0,True,3514.2396899999994,3233.1005147999995,5056.9008052,8290.00132,0.61,1.0,0.0,1.0,0.0,1.0,0.0
1813CR,1270.0,0.0,831.4499999999999,42,484,181,70,30,0,BU03610301,WK036103,GM0361,1500.0,24,24,502267.5,1.0,24,723.0,True,3168.0739349999994,2914.6280202,4558.777159799999,7473.405179999999,0.61,1.0,0.0,1.0,0.0,1.0,0.0
1813CS,3797.0,0.0,715.3,26,432,176,80,0,0,BU03610301,WK036103,GM0361,901.0,15,15,299567.5,0.9375,16,622.0,True,2725.50759,2507.4669828,3921.9355371999995,6429.40252,0.61,0.9375,0.0625,0.9375,0.0625,0.9375,0.0625
1813CT,1676.0,211.0,813.05,33,1079,189,90,0,0,BU03610301,WK036103,GM0361,1309.0,19,19,463087.5,0.8260869565217391,23,707.0,True,3097.964414999999,2850.1272617999994,4457.8913582,7308.018619999999,0.61,0.8260869565217391,0.17391304347826086,0.8260869565217391,0.17391304347826086,0.8260869565217391,0.17391304347826086
1813CV,1140.0,0.0,894.6999999999999,33,1016,185,70,30,0,BU03610301,WK036103,GM0361,1215.0,18,18,428667.5,0.8181818181818182,22,778.0,True,3409.07541,3136.3493772,4905.5721028,8041.92148,0.61,0.8181818181818182,0.18181818181818177,0.8181818181818182,0.18181818181818177,0.8181818181818182,0.18181818181818177
1813CW,2417.0,0.0,949.9,44,1282,197,90,0,0,BU03610301,WK036103,GM0361,1744.0,23,23,621770.0,0.7419354838709677,31,826.0,True,3619.4039699999994,3329.8516523999997,5208.2295076,8538.08116,0.61,0.7419354838709677,0.25806451612903225,0.7419354838709677,0.25806451612903225,0.7419354838709677,0.25806451612903225
1813CX,3157.0,0.0,0.0,0,0,295,50,50,60,BU03610301,WK036103,GM0361,13527.0,151,0,1828040.0,0.9933774834437086,151,0.0,True,0.0,0.0,1828040.0,1828040.0,1.0,0.9933774834437086,0.0066225165562914245,0.9933774834437086,0.0066225165562914245,0.9933774834437086,0.0066225165562914245
1813DA,2455.0,164.0,1247.75,35,1038,231,40,60,10,BU03610302,WK036103,GM0361,2129.0,20,20,717725.0,1.0,20,1085.0,True,4754.301825,4373.957679,6841.318421000001,11215.276100000001,0.61,1.0,0.0,1.0,0.0,1.0,0.0
1813DB,2327.0,259.0,1657.1499999999999,28,7592,183,0,0,0,BU03610302,WK036103,GM0361,1234.0,16,16,456800.0,1.0,16,1441.0,True,6314.238644999999,5809.099553399999,9086.0275066,14895.127059999999,0.61,1.0,0.0,1.0,0.0,1.0,0.0
1813DC,2039.0,0.0,883.1999999999999,31,7592,184,0,0,0,BU03610302,WK036103,GM0361,1248.0,16,16,236340.0,1.0,16,768.0,True,3365.2569599999997,3096.0364031999998,4842.5184768,7938.55488,0.61,1.0,0.0,1.0,0.0,1.0,0.0
1813DD,1648.0,0.0,1036.1499999999999,28,7592,183,0,0,0,BU03610302,WK036103,GM0361,1234.0,16,16,229360.0,1.0,16,901.0,True,3948.042344999999,3632.198957399999,5681.131702599999,9313.330659999998,0.61,1.0,0.0,1.0,0.0,1.0,0.0
1813DE,2129.0,0.0,895.8499999999999,28,7592,183,0,0,0,BU03610302,WK036103,GM0361,1312.0,17,17,246520.0,1.0,17,779.0,True,3413.457254999999,3140.380674599999,4911.877465399999,8052.258139999998,0.61,1.0,0.0,1.0,0.0,1.0,0.0
1813DG,1595.0,0.0,854.4499999999999,28,7592,183,0,0,0,BU03610302,WK036103,GM0361,1156.0,15,15,212200.0,1.0,15,743.0,True,3255.7108349999994,2995.2539681999997,4684.8844118,7680.138379999999,0.61,1.0,0.0,1.0,0.0,1.0,0.0
1813DH,1961.0,0.0,803.8499999999999,29,7592,183,0,0,0,BU03610302,WK036103,GM0361,1234.0,16,16,233260.0,1.0,16,699.0,True,3062.9096549999995,2817.8768825999996,4407.4484574,7225.325339999999,0.61,1.0,0.0,1.0,0.0,1.0,0.0
1813DJ,2884.0,366.0,1294.8999999999999,29,7592,183,0,0,0,BU03610302,WK036103,GM0361,1273.0,16,16,470690.0,0.8888888888888888,18,1126.0,True,4933.957469999999,4539.2408724,7099.8382876,11639.07916,0.61,0.8888888888888888,0.11111111111111116,0.8888888888888888,0.11111111111111116,0.8888888888888888,0.11111111111111116
1813DK,1716.0,0.0,0.0,0,0,155,0,0,0,BU03610302,WK036103,GM0361,1345.0,18,0,329647.5,0.9473684210526315,19,0.0,True,0.0,0.0,329647.5,329647.5,1.0,0.9473684210526315,0.052631578947368474,0.9473684210526315,0.052631578947368474,0.9473684210526315,0.052631578947368474
1813DL,1662.0,0.0,0.0,0,0,147,0,0,0,BU03610302,WK036103,GM0361,1382.0,20,0,332915.0,1.0,20,0.0,True,0.0,0.0,332915.0,332915.0,1.0,1.0,0.0,1.0,0.0,1.0,0.0
1813DM,1181.0,0.0,0.0,0,0,0,0,0,0,BU03610302,WK036103,GM0361,1114.0,16,0,268447.5,0.9411764705882353,17,0.0,True,0.0,0.0,268447.5,268447.5,1.0,0.9411764705882353,0.05882352941176472,0.9411764705882353,0.05882352941176472,0.9411764705882353,0.05882352941176472
1813DN,1727.0,0.0,47.15,36,5118,185,0,0,0,BU03610302,WK036103,GM0361,1886.0,24,24,344090.0,1.0,24,41.0,True,179.65564500000002,165.28319340000002,258.51986659999994,423.80305999999996,0.6099999999999999,1.0,0.0,1.0,0.0,1.0,0.0
1813DP,1497.0,0.0,67.85,43,5118,184,0,0,0,BU03610302,WK036103,GM0361,1872.0,24,24,348660.0,1.0,24,59.0,True,258.52885499999996,237.84654659999995,372.0163933999999,609.8629399999999,0.61,1.0,0.0,1.0,0.0,1.0,0.0
1813DR,1617.0,0.0,44.849999999999994,29,5118,184,0,0,0,BU03610302,WK036103,GM0361,1248.0,16,16,232440.0,1.0,16,39.0,True,170.89195499999994,157.22059859999996,245.90914139999995,403.1297399999999,0.61,1.0,0.0,1.0,0.0,1.0,0.0
1813DS,1981.0,0.0,97.74999999999999,28,5118,184,0,0,0,BU03610302,WK036103,GM0361,1248.0,16,16,228930.0,1.0,16,85.0,True,372.4568249999999,342.66027899999995,535.9558209999999,878.6160999999998,0.61,1.0,0.0,1.0,0.0,1.0,0.0
1813DT,3377.0,0.0,1147.6999999999998,41,2977,173,0,100,0,BU03610302,WK036103,GM0361,2076.0,30,24,467570.0,1.0,30,998.0,True,4373.08131,4023.2348051999998,6292.7518748,10315.98668,0.61,1.0,0.0,1.0,0.0,1.0,0.0
1813DV,1843.0,0.0,971.7499999999999,45,2977,182,0,0,0,BU03610302,WK036103,GM0361,1848.0,24,24,406560.0,1.0,24,845.0,True,3702.6590249999986,3406.446302999999,5328.031396999999,8734.477699999998,0.61,1.0,0.0,1.0,0.0,1.0,0.0
1813DW,1854.0,0.0,1001.65,28,2977,182,0,0,0,BU03610302,WK036103,GM0361,1232.0,16,16,271040.0,1.0,16,871.0,True,3816.5869949999997,3511.2600353999997,5491.9708246,9003.23086,0.61,1.0,0.0,1.0,0.0,1.0,0.0
1813DX,2152.0,0.0,910.8,28,2977,182,0,0,0,BU03610302,WK036103,GM0361,1765.0,16,16,460255.0,0.48484848484848486,33,792.0,True,3470.4212399999997,3192.7875408,4993.8471792,8186.63472,0.61,0.48484848484848486,0.5151515151515151,0.48484848484848486,0.5151515151515151,0.48484848484848486,0.5151515151515151
1813EA,2151.0,519.0,1313.3,21,574,242,0,80,10,BU03610302,WK036103,GM0361,1238.0,12,12,315310.0,1.0,12,1142.0,True,5004.06699,4603.7416308,7200.7240892,11804.46572,0.61,1.0,0.0,1.0,0.0,1.0,0.0
1813EB,1749.0,0.0,1124.6999999999998,35,347,152,0,0,0,BU03610302,WK036103,GM0361,3755.0,38,18,1319450.0,0.8571428571428571,21,978.0,True,4285.444409999998,3942.608857199999,110333.74988595792,114276.35874315792,0.9654993482417372,0.8571428571428571,0.1428571428571429,0.8571428571428571,0.1428571428571429,0.8571428571428571,0.1428571428571429
1813EC,1775.0,0.0,760.15,34,443,152,0,0,0,BU03610302,WK036103,GM0361,1260.0,19,19,292320.0,0.8571428571428571,21,661.0,True,2896.399545,2664.6875814000005,4167.8446785999995,6832.53226,0.6099999999999999,0.8571428571428571,0.1428571428571429,0.8571428571428571,0.1428571428571429,0.8571428571428571,0.1428571428571429
1813ED,2658.0,46.0,1041.8999999999999,23,548,232,0,0,0,BU03610302,WK036103,GM0361,1198.0,12,12,263560.0,1.0,12,906.0,True,3969.951569999999,3652.355444399999,5712.658515599999,9365.013959999998,0.61,1.0,0.0,1.0,0.0,1.0,0.0
1813EE,2119.0,398.0,1058.0,21,547,232,0,80,10,BU03610302,WK036103,GM0361,1175.0,12,12,263555.0,1.0,12,920.0,True,4031.297400000001,3708.793608000001,5800.933592,9509.727200000001,0.61,1.0,0.0,1.0,0.0,1.0,0.0
1813EG,1608.0,53.0,1090.1999999999998,23,547,224,0,0,0,BU03610302,WK036103,GM0361,1204.0,12,12,269930.0,1.0,12,948.0,True,4153.989059999999,3821.6699351999996,5977.483744799998,9799.153679999998,0.61,1.0,0.0,1.0,0.0,1.0,0.0
1813EH,1525.0,0.0,990.15,35,525,151,0,0,0,BU03610302,WK036103,GM0361,1238.0,19,19,277220.0,0.9047619047619048,21,861.0,True,3772.768545,3470.9470614,5428.9171986,8899.86426,0.61,0.9047619047619048,0.09523809523809523,0.9047619047619048,0.09523809523809523,0.9047619047619048,0.09523809523809523
1813EJ,1465.0,0.0,721.05,30,346,152,0,0,0,BU03610302,WK036103,GM0361,1130.0,17,17,267465.0,0.8947368421052632,19,627.0,True,2747.416815,2527.6234698000003,3953.4623502,6481.08582,0.61,0.8947368421052632,0.10526315789473684,0.8947368421052632,0.10526315789473684,0.8947368421052632,0.10526315789473684
1813EK,1267.0,0.0,1053.3999999999999,33,345,152,0,0,0,BU03610302,WK036103,GM0361,1274.0,19,18,304220.0,0.8571428571428571,21,916.0,True,4013.7700199999995,3692.6684183999996,5775.7121416,9468.38056,0.61,0.8571428571428571,0.1428571428571429,0.8571428571428571,0.1428571428571429,0.8571428571428571,0.1428571428571429
1813EL,2120.0,0.0,863.65,22,547,229,0,0,0,BU03610302,WK036103,GM0361,1184.0,12,12,261820.0,1.0,12,751.0,True,3290.7655949999994,3027.5043473999995,4735.3273125999995,7762.831659999999,0.61,1.0,0.0,1.0,0.0,1.0,0.0
1813EM,1118.0,3.0,1105.1499999999999,42,1053,244,0,0,0,BU03610302,WK036103,GM0361,1318.0,5,5,460770.0,0.10869565217391304,46,961.0,True,4210.953044999999,3874.0768013999996,6059.4534586,9933.53026,0.61,0.10869565217391304,0.8913043478260869,0.10869565217391304,0.8913043478260869,0.10869565217391304,0.8913043478260869
1813EN,2012.0,321.0,1105.1499999999999,42,1053,234,0,0,0,BU03610302,WK036103,GM0361,1941.0,18,18,480827.5,0.6923076923076923,26,961.0,True,4210.953044999999,3874.0768013999996,6059.4534586,9933.53026,0.61,0.6923076923076923,0.3076923076923077,0.6923076923076923,0.3076923076923077,0.6923076923076923,0.3076923076923077
1813EP,2154.0,3.0,883.1999999999999,23,547,228,0,70,10,BU03610302,WK036103,GM0361,1194.0,12,12,338680.0,1.0,12,768.0,True,3365.2569599999997,3096.0364031999998,4842.5184768,7938.55488,0.61,1.0,0.0,1.0,0.0,1.0,0.0
1813ER,1921.0,0.0,952.1999999999999,30,349,152,0,0,0,BU03610302,WK036103,GM0361,1184.0,18,18,267320.0,0.9,20,828.0,True,3628.16766,3337.9142472000003,5220.840232799999,8558.75448,0.61,0.9,0.09999999999999998,0.9,0.09999999999999998,0.9,0.09999999999999998
1813ES,1444.0,0.0,621.0,33,346,165,0,0,0,BU03610302,WK036103,GM0361,1182.0,18,18,275150.0,0.9,20,540.0,True,2366.1963,2176.900596,3404.895804,5581.7964,0.61,0.9,0.09999999999999998,0.9,0.09999999999999998,0.9,0.09999999999999998
1813ET,1641.0,0.0,804.9999999999999,34,417,165,0,0,0,BU03610302,WK036103,GM0361,1258.0,19,19,308605.0,0.8571428571428571,21,700.0,True,3067.2914999999994,2821.9081799999994,4413.75382,7235.661999999999,0.61,0.8571428571428571,0.1428571428571429,0.8571428571428571,0.1428571428571429,0.8571428571428571,0.1428571428571429
1813EV,2146.0,8.0,1000.4999999999999,22,585,0,40,60,5,BU03610302,WK036103,GM0361,1224.0,12,12,350980.0,1.0,12,870.0,True,3812.20515,3507.228738,5485.665461999999,8992.894199999999,0.61,1.0,0.0,1.0,0.0,1.0,0.0
1813JA,2878.0,26.0,0.0,0,0,152,0,0,0,BU03610302,WK036103,GM0361,1404.0,21,0,191182.5,0.875,24,0.0,True,0.0,0.0,191182.5,191182.5,1.0,0.875,0.125,0.875,0.125,0.875,0.125
1813JB,1793.0,13.0,0.0,0,0,152,0,0,0,BU03610302,WK036103,GM0361,1146.0,18,0,140625.0,1.0,18,0.0,True,0.0,0.0,140625.0,140625.0,1.0,1.0,0.0,1.0,0.0,1.0,0.0
1813JC,1651.0,912.0,0.0,0,0,159,0,0,0,BU03610302,WK036103,GM0361,1320.0,21,0,174900.0,1.0,21,0.0,True,0.0,0.0,174900.0,174900.0,1.0,1.0,0.0,1.0,0.0,1.0,0.0
1813JD,2095.0,663.0,1015.4499999999999,31,554,158,0,0,0,BU03610302,WK036103,GM0361,1576.0,26,6,264367.5,1.0,26,883.0,True,3869.1691349999996,3559.6356041999998,5567.635175799999,9127.270779999999,0.61,1.0,0.0,1.0,0.0,1.0,0.0
1813JE,1219.0,563.0,1081.0,52,2633,145,0,0,0,BU03610302,WK036103,GM0361,4682.0,70,6,338405.0,0.9210526315789473,76,940.0,True,4118.9343,3789.419556,92945.46941542857,96734.88897142856,0.9608267544802865,0.9210526315789473,0.07894736842105265,0.9210526315789473,0.07894736842105265,0.9210526315789473,0.07894736842105265
1813JG,2234.0,0.0,1081.0,52,2633,181,30,70,10,BU03610302,WK036103,GM0361,1779.0,23,23,560180.0,0.9565217391304348,23,940.0,True,4118.9343,3789.419556,5927.040844,9716.4604,0.61,0.9565217391304348,0.04347826086956519,0.9565217391304348,0.04347826086956519,0.9565217391304348,0.04347826086956519
1813JH,1031.0,0.0,691.15,35,1231,143,40,70,0,BU03610302,WK036103,GM0361,850.0,20,20,251655.0,1.0,20,601.0,True,2633.488845,2422.8097374,3789.522922599999,6212.332659999999,0.61,1.0,0.0,1.0,0.0,1.0,0.0
1813JJ,1632.0,0.0,510.59999999999997,35,1231,143,80,30,0,BU03610302,WK036103,GM0361,850.0,20,18,263450.0,1.0,20,444.0,True,1945.53918,1789.8960456,2799.5809944,4589.47704,0.61,1.0,0.0,1.0,0.0,1.0,0.0
1813JK,2384.0,0.0,565.8,34,1231,142,60,40,0,BU03610302,WK036103,GM0361,850.0,20,20,264290.0,1.0,20,492.0,True,2155.8677399999997,1983.3983208,3102.2383991999995,5085.6367199999995,0.61,1.0,0.0,1.0,0.0,1.0,0.0
1813JL,1816.0,0.0,1200.6,36,836,170,0,0,0,BU03610302,WK036103,GM0361,1292.0,18,18,330507.5,1.0,18,1044.0,True,4574.64618,4208.6744856,6582.798554399999,10791.473039999999,0.61,1.0,0.0,1.0,0.0,1.0,0.0
1813JM,1387.0,0.0,1067.1999999999998,31,509,163,0,0,0,BU03610302,WK036103,GM0361,1071.0,16,16,300170.0,1.0,16,928.0,True,4066.3521599999995,3741.0439871999997,5851.376492799999,9592.420479999999,0.61,1.0,0.0,1.0,0.0,1.0,0.0
1813JN,879.0,361.0,0.0,0,0,0,0,0,0,BU03610302,WK036103,GM0361,801.0,15,0,148207.5,0.7777777777777778,18,0.0,True,0.0,0.0,148207.5,148207.5,1.0,0.7777777777777778,0.2222222222222222,0.7777777777777778,0.2222222222222222,0.7777777777777778,0.2222222222222222
1813JP,1053.0,1.0,800.4,42,3426,147,0,0,0,BU03610302,WK036103,GM0361,1432.0,24,24,437245.0,0.6666666666666666,36,696.0,True,3049.76412,2805.7829904,4388.5323696,7194.31536,0.61,0.6666666666666666,0.33333333333333337,0.6666666666666666,0.33333333333333337,0.6666666666666666,0.33333333333333337
1813JR,2181.0,167.0,1115.5,34,1005,243,30,70,10,BU03610302,WK036103,GM0361,1986.0,19,19,496097.5,0.95,20,970.0,True,4250.38965,3910.358478,6116.201722,10026.5602,0.61,0.95,0.050000000000000044,0.95,0.050000000000000044,0.95,0.050000000000000044
1813JS,2004.0,0.0,1072.9499999999998,35,1009,170,0,0,0,BU03610302,WK036103,GM0361,1298.0,18,18,329922.5,1.0,18,933.0,True,4088.261384999999,3761.200474199999,5882.903305799999,9644.103779999998,0.61,1.0,0.0,1.0,0.0,1.0,0.0
1813JT,1324.0,0.0,945.3,28,685,162,0,0,0,BU03610302,WK036103,GM0361,1055.0,16,16,309575.0,1.0,16,822.0,True,3601.876589999999,3313.7264627999994,5183.008057199999,8496.734519999998,0.61,1.0,0.0,1.0,0.0,1.0,0.0
1813JV,1134.0,422.0,1060.3,46,2775,175,0,0,0,BU03610302,WK036103,GM0361,7467.0,99,24,1155877.5,0.9340659340659341,91,922.0,True,4040.0610899999992,3716.8562027999997,624616.650377806,628333.506580606,0.9940845806186159,0.9340659340659341,0.06593406593406592,0.9340659340659341,0.06593406593406592,0.9340659340659341,0.06593406593406592
1813JW,1379.0,0.0,768.1999999999999,33,691,165,0,0,0,BU03610302,WK036103,GM0361,1182.0,18,18,288700.0,0.9,20,668.0,True,2927.0724599999994,2692.9066631999995,4211.9822168,6904.8888799999995,0.6100000000000001,0.9,0.09999999999999998,0.9,0.09999999999999998,0.9,0.09999999999999998
1813JX,1553.0,0.0,951.05,54,1629,163,0,100,0,BU03610302,WK036103,GM0361,2165.0,30,30,631772.5,1.0,30,827.0,True,3623.785815,3333.8829498000005,5214.5348702,8548.41782,0.61,1.0,0.0,1.0,0.0,1.0,0.0
1813JZ,2068.0,0.0,1222.4499999999998,29,779,193,0,0,0,BU03610302,WK036103,GM0361,1359.0,16,16,429775.0,1.0,16,1063.0,True,4657.901234999999,4285.2691362,6702.600443799999,10987.869579999999,0.61,1.0,0.0,1.0,0.0,1.0,0.0
1813KA,2289.0,371.0,1880.2499999999998,43,1649,260,90,0,0,BU03610303,WK036103,GM0361,3254.0,30,25,1064280.0,0.96,25,1635.0,True,7164.316574999999,6591.171248999999,10309.267850999997,16900.439099999996,0.61,0.96,0.040000000000000036,0.96,0.040000000000000036,0.96,0.040000000000000036
1813KB,2531.0,722.0,1091.35,40,2170,269,0,0,0,BU03610303,WK036103,GM0361,764.0,7,7,243362.5,0.875,8,949.0,True,4158.370904999999,3825.7012325999995,5983.789107399999,9809.490339999998,0.61,0.875,0.125,0.875,0.125,0.875,0.125
1813KC,2416.0,1076.0,1091.35,40,2170,278,100,0,0,BU03610303,WK036103,GM0361,1478.0,14,14,549660.0,1.0,14,949.0,True,4158.370904999999,3825.7012325999995,5983.789107399999,9809.490339999998,0.61,1.0,0.0,1.0,0.0,1.0,0.0
1813KD,1436.0,0.0,647.4499999999999,47,5154,252,0,0,0,BU03610303,WK036103,GM0361,2062.0,25,25,311550.0,1.0,25,563.0,True,2466.9787349999997,2269.6204362,3549.9191438,5819.53958,0.61,1.0,0.0,1.0,0.0,1.0,0.0
1813KE,5319.0,494.0,923.4499999999999,27,4584,364,100,0,0,BU03610303,WK036103,GM0361,4799.0,36,16,1166447.5,0.9375,16,803.0,True,3518.6215349999993,3237.1318121999993,296675.0811678,299912.21298,0.9892064021667037,0.9375,0.0625,0.9375,0.0625,0.9375,0.0625
1813KG,2731.0,627.0,1206.35,54,2915,279,80,20,0,BU03610303,WK036103,GM0361,3638.0,33,30,1036247.5,0.9411764705882353,34,1049.0,True,4596.555404999999,4228.8309726,6614.3253674,10843.15634,0.61,0.9411764705882353,0.05882352941176472,0.9411764705882353,0.05882352941176472,0.9411764705882353,0.05882352941176472
1813KH,2435.0,827.0,1013.15,28,956,265,70,0,0,BU03610303,WK036103,GM0361,1514.0,15,15,558865.0,1.0,15,881.0,True,3860.405445,3551.5730094,5555.024450599999,9106.597459999999,0.61,1.0,0.0,1.0,0.0,1.0,0.0
1813KJ,2407.0,292.0,948.7499999999999,28,1135,257,80,0,0,BU03610303,WK036103,GM0361,1463.0,15,15,463270.0,1.0,15,825.0,True,3615.0221249999995,3325.820355,5201.924144999999,8527.744499999999,0.61,1.0,0.0,1.0,0.0,1.0,0.0
1813KK,2580.0,623.0,1145.3999999999999,27,1323,265,90,0,0,BU03610303,WK036103,GM0361,1550.0,15,15,534022.5,1.0,15,996.0,True,4364.31762,4015.1722104,6280.1411496,10295.31336,0.61,1.0,0.0,1.0,0.0,1.0,0.0
1813KL,2048.0,347.0,1107.4499999999998,27,758,256,70,30,0,BU03610303,WK036103,GM0361,1458.0,15,15,536702.5,1.0,15,963.0,True,4219.716735,3882.1393962,6072.064183799999,9954.20358,0.61,1.0,0.0,1.0,0.0,1.0,0.0
1813KM,1591.0,436.0,1223.6,28,762,252,70,0,0,BU03610303,WK036103,GM0361,1531.0,15,15,509872.5,1.0,15,1064.0,True,4662.28308,4289.3004336,6708.905806399999,10998.20624,0.61,1.0,0.0,1.0,0.0,1.0,0.0
1813KN,13197.0,0.0,6932.2,20,11475,288,0,0,0,BU03610303,WK036103,GM0361,24390.0,196,11,3611172.5,0.3170731707317073,82,6028.0,True,26413.761660000004,24300.660727200004,3280694.235956881,3304994.8966840813,0.9926472925112286,0.3170731707317073,0.6829268292682926,0.3170731707317073,0.6829268292682926,0.3170731707317073,0.6829268292682926
1813KP,2978.0,336.0,0.0,0,0,0,0,0,0,BU03610303,WK036103,GM0361,1310.0,10,0,265275.0,0.0,1,0.0,True,0.0,0.0,265275.0,265275.0,1.0,0.0,1.0,0.0,1.0,0.0,1.0
1813KR,2978.0,336.0,1346.6499999999999,48,2017,260,70,30,0,BU03610303,WK036103,GM0361,2953.0,28,25,1026967.5,0.8518518518518519,27,1171.0,True,5131.140495,4720.6492554,7383.5796046,12104.22886,0.61,0.8518518518518519,0.14814814814814814,0.8518518518518519,0.14814814814814814,0.8518518518518519,0.14814814814814814
1813KS,2140.0,381.0,1416.8,30,2070,239,90,0,0,BU03610303,WK036103,GM0361,1862.0,17,17,649022.5,0.7727272727272727,22,1232.0,True,5398.43304,4966.5583968,7768.2067232,12734.76512,0.61,0.7727272727272727,0.2272727272727273,0.7727272727272727,0.2272727272727273,0.7727272727272727,0.2272727272727273
1813KT,2435.0,339.0,1309.85,46,3102,229,80,20,0,BU03610303,WK036103,GM0361,2557.0,24,24,828027.5,0.8,30,1139.0,True,4990.921455,4591.6477386,7181.8080014,11773.45574,0.61,0.8,0.19999999999999996,0.8,0.19999999999999996,0.8,0.19999999999999996
1813KV,0.0,0.0,0.0,0,0,0,0,0,0,BU03610303,WK036103,GM0361,7937.0,63,0,2844640.0,0.0,20,0.0,True,0.0,0.0,2844640.0,2844640.0,1.0,0.0,1.0,0.0,1.0,0.0,1.0
1813KW,2271.0,132.0,1036.1499999999999,128,6774,261,60,40,0,BU03610303,WK036103,GM0361,6830.0,81,70,1429892.5,0.8586956521739131,92,901.0,True,3948.042344999999,3632.198957399999,5681.131702599999,9313.330659999998,0.61,0.8586956521739131,0.14130434782608692,0.8586956521739131,0.14130434782608692,0.8586956521739131,0.14130434782608692
1813KX,3150.0,1617.0,1645.6499999999999,29,2920,0,90,0,0,BU03610303,WK036103,GM0361,2480.0,15,15,661952.5,1.0,15,1431.0,True,6270.420195000001,5768.786579400001,9022.973880599999,14791.76046,0.6099999999999999,1.0,0.0,1.0,0.0,1.0,0.0
1813KZ,4739.0,1658.0,1407.6,61,2286,580,0,0,0,BU03610303,WK036103,GM0361,1663.0,8,8,452115.0,1.0,8,1224.0,True,5363.378279999999,4934.308017599999,7717.763822399999,12652.071839999999,0.61,1.0,0.0,1.0,0.0,1.0,0.0
1813LA,1585.0,0.0,1407.6,61,2286,182,0,0,0,BU03610302,WK036103,GM0361,1934.0,24,24,543327.5,1.0,24,1224.0,True,5363.378279999999,4934.308017599999,7717.763822399999,12652.071839999999,0.61,1.0,0.0,1.0,0.0,1.0,0.0
1813LB,1466.0,0.0,767.05,39,665,164,0,0,0,BU03610302,WK036103,GM0361,1501.0,22,22,358397.5,1.0,22,667.0,True,2922.6906149999995,2688.8753657999996,4205.6768542,6894.55222,0.61,1.0,0.0,1.0,0.0,1.0,0.0
1813LC,1586.0,0.0,1007.4,45,1174,183,0,0,0,BU03610302,WK036103,GM0361,1980.0,24,24,556347.5,0.96,25,876.0,True,3838.4962199999995,3531.4165224,5523.497637599999,9054.914159999998,0.61,0.96,0.040000000000000036,0.96,0.040000000000000036,0.96,0.040000000000000036
1813LD,1505.0,0.0,750.9499999999999,39,673,164,0,0,0,BU03610302,WK036103,GM0361,1501.0,22,22,439910.0,1.0,22,653.0,True,2861.344785,2632.4372022,4117.4017778,6749.8389799999995,0.61,1.0,0.0,1.0,0.0,1.0,0.0
1813LE,1416.0,0.0,1059.1499999999999,44,909,182,0,0,0,BU03610302,WK036103,GM0361,1952.0,24,24,532495.0,1.0,24,921.0,True,4035.679245,3712.8249054,5807.238954599999,9520.063859999998,0.61,1.0,0.0,1.0,0.0,1.0,0.0
1813LG,1637.0,0.0,1016.5999999999999,38,675,166,0,0,0,BU03610302,WK036103,GM0361,1497.0,22,22,391162.5,1.0,22,884.0,True,3873.5509799999995,3563.6669015999996,5573.9405384,9137.60744,0.61,1.0,0.0,1.0,0.0,1.0,0.0
1813LH,8548.0,168.0,3103.85,26,2133,220,60,0,0,BU03610302,WK036103,GM0361,2003.0,18,15,734830.0,0.6111111111111112,18,2699.0,True,11826.599655,10880.4716826,17018.1736574,27898.64534,0.61,0.6111111111111112,0.38888888888888884,0.6111111111111112,0.38888888888888884,0.6111111111111112,0.38888888888888884
1813LJ,2079.0,263.0,1291.4499999999998,24,916,247,100,0,0,BU03610302,WK036103,GM0361,1461.0,13,13,503767.5,1.0,13,1123.0,True,4920.811934999999,4527.146980199999,7080.9221997999975,11608.069179999997,0.61,1.0,0.0,1.0,0.0,1.0,0.0
1813LK,2022.0,426.0,1355.85,37,1808,276,0,0,0,BU03610302,WK036103,GM0361,922.0,7,7,359680.0,1.0,7,1179.0,True,5166.195254999999,4752.899634599999,7434.022505399999,12186.922139999999,0.61,1.0,0.0,1.0,0.0,1.0,0.0
1813LL,2022.0,426.0,1355.85,37,1808,248,80,0,0,BU03610302,WK036103,GM0361,1269.0,12,12,474287.5,1.0,12,1179.0,True,5166.195254999999,4752.899634599999,7434.022505399999,12186.922139999999,0.61,1.0,0.0,1.0,0.0,1.0,0.0
1813LM,2102.0,867.0,1361.6,22,998,240,80,0,0,BU03610302,WK036103,GM0361,1256.0,12,12,445997.5,1.0,12,1184.0,True,5188.104479999999,4773.0561216,7465.5493184,12238.60544,0.61,1.0,0.0,1.0,0.0,1.0,0.0
1813LN,2359.0,56.0,1006.2499999999999,31,823,227,0,0,0,BU03610302,WK036103,GM0361,1815.0,18,18,404250.0,1.0,18,875.0,True,3834.1143749999997,3527.385225,5517.192274999999,9044.5775,0.61,1.0,0.0,1.0,0.0,1.0,0.0
1813LP,1594.0,0.0,810.7499999999999,34,683,165,0,0,0,BU03610302,WK036103,GM0361,1184.0,18,18,285395.0,0.9,20,705.0,True,3089.2007249999997,2842.0646669999996,4445.280632999999,7287.345299999999,0.61,0.9,0.09999999999999998,0.9,0.09999999999999998,0.9,0.09999999999999998
1813LR,1792.0,0.0,831.4499999999999,20,548,232,0,0,0,BU03610302,WK036103,GM0361,1192.0,12,12,262240.0,1.0,12,723.0,True,3168.0739349999994,2914.6280202,4558.777159799999,7473.405179999999,0.61,1.0,0.0,1.0,0.0,1.0,0.0
1813LS,3161.0,747.0,1017.7499999999999,45,1053,245,0,0,0,BU03610302,WK036103,GM0361,497.0,5,5,156400.0,1.0,5,885.0,True,3877.9328249999994,3567.6981989999995,5580.245900999999,9147.944099999999,0.61,1.0,0.0,1.0,0.0,1.0,0.0
1813LT,3161.0,747.0,1017.7499999999999,45,1053,234,0,0,0,BU03610302,WK036103,GM0361,3942.0,33,18,702510.0,0.6666666666666666,27,885.0,True,3877.9328249999994,3567.6981989999995,5580.245900999999,9147.944099999999,0.61,0.6666666666666666,0.33333333333333337,0.6666666666666666,0.33333333333333337,0.6666666666666666,0.33333333333333337
1813LV,1810.0,3.0,948.7499999999999,38,1169,0,0,80,15,BU03610302,WK036103,GM0361,1846.0,19,19,463900.0,1.0,19,825.0,True,3615.0221249999995,3325.820355,5201.924144999999,8527.744499999999,0.61,1.0,0.0,1.0,0.0,1.0,0.0
1813LW,1535.0,0.0,821.0999999999999,45,685,165,0,0,0,BU03610302,WK036103,GM0361,1660.0,25,25,406130.0,0.8928571428571429,28,714.0,True,3128.63733,2878.3463436,4502.028896399999,7380.375239999999,0.61,0.8928571428571429,0.1071428571428571,0.8928571428571429,0.1071428571428571,0.8928571428571429,0.1071428571428571
1813LX,1239.0,0.0,611.8,19,838,164,0,0,0,BU03610302,WK036103,GM0361,729.0,11,11,184970.0,0.8461538461538461,13,532.0,True,2331.14154,2144.6502168,3354.4529031999996,5499.10312,0.61,0.8461538461538461,0.15384615384615385,0.8461538461538461,0.15384615384615385,0.8461538461538461,0.15384615384615385
1813LZ,2028.0,0.0,846.4,32,793,165,0,0,0,BU03610302,WK036103,GM0361,1205.0,18,18,299700.0,0.85,20,736.0,True,3225.0379199999998,2967.0348864,4640.7468736,7607.78176,0.61,0.85,0.15000000000000002,0.85,0.15000000000000002,0.85,0.15000000000000002
1813MH,1932.0,0.0,654.3499999999999,42,1001,192,70,30,0,BU03610303,WK036103,GM0361,1752.0,24,24,561410.0,0.8275862068965517,29,569.0,True,2493.269805,2293.8082206,3587.7513193999994,5881.559539999999,0.61,0.8275862068965517,0.1724137931034483,0.8275862068965517,0.1724137931034483,0.8275862068965517,0.1724137931034483
1813MJ,1560.0,0.0,629.05,46,993,192,60,40,0,BU03610303,WK036103,GM0361,1796.0,24,24,565170.0,0.7741935483870968,31,547.0,True,2396.8692149999997,2205.1196778,3449.0333422,5654.15302,0.61,0.7741935483870968,0.22580645161290325,0.7741935483870968,0.22580645161290325,0.7741935483870968,0.22580645161290325
1813MK,1501.0,0.0,589.9499999999999,44,989,191,50,50,0,BU03610303,WK036103,GM0361,1800.0,24,24,507310.0,0.7741935483870968,31,513.0,True,2247.8864849999995,2068.0555661999997,3234.6510137999994,5302.706579999999,0.61,0.7741935483870968,0.22580645161290325,0.7741935483870968,0.22580645161290325,0.7741935483870968,0.22580645161290325
1813ML,1368.0,0.0,715.3,36,977,191,60,40,0,BU03610303,WK036103,GM0361,1776.0,24,24,593180.0,0.8,30,622.0,True,2725.50759,2507.4669828,3921.9355371999995,6429.40252,0.61,0.8,0.19999999999999996,0.8,0.19999999999999996,0.8,0.19999999999999996
1813PA,4858.0,1281.0,1439.8,33,1467,0,0,0,0,BU03610300,WK036103,GM0361,6568.73,52,20,2108139.3,0.11538461538461539,26,1252.0,True,5486.069939999999,5047.1843448,778175.9812828924,783223.1656276924,0.9935558796441433,0.11538461538461539,0.8846153846153846,0.11538461538461539,0.8846153846153846,0.11538461538461539,0.8846153846153846
1813RX,3599.0,1050.0,0.0,0,0,0,0,0,0,BU03610801,WK036108,GM0361,4631.0,27,0,600237.5,1.0,27,0.0,True,0.0,0.0,600237.5,600237.5,1.0,1.0,0.0,1.0,0.0,1.0,0.0
1813SB,3062.0,164.0,1219.0,29,1066,440,70,30,10,BU03610801,WK036108,GM0361,13861.29,119,12,2239608.9,0.957983193277311,119,1060.0,True,4644.7557,4273.175244,1700505.541498857,1704778.7167428571,0.9974934135427475,0.957983193277311,0.04201680672268904,0.957983193277311,0.04201680672268904,0.957983193277311,0.04201680672268904
1813SC,3362.0,2.0,1635.3,51,56782,0,0,0,0,BU03610801,WK036108,GM0361,651.0,2,2,81375.0,0.0,12,1422.0,True,6230.983590000001,5732.504902800001,8966.2256172,14698.730520000001,0.61,0.0,1.0,0.0,1.0,0.0,1.0
1813SE,3362.0,2.0,1635.3,51,56782,317,30,70,0,BU03610801,WK036108,GM0361,8620.0,108,1,1255917.5,0.9813084112149533,107,1422.0,True,6230.983590000001,5732.504902800001,671811.5728394223,677544.0777422222,0.9915392885996401,0.9813084112149533,0.01869158878504673,0.9813084112149533,0.01869158878504673,0.9813084112149533,0.01869158878504673
1813SG,2418.0,507.0,1635.3,51,56782,247,80,20,0,BU03610300,WK036103,GM0361,2775.62,29,24,1048136.7,0.8620689655172413,29,1422.0,True,6230.983590000001,5732.504902800001,8966.2256172,14698.730520000001,0.61,0.8620689655172413,0.13793103448275867,0.8620689655172413,0.13793103448275867,0.8620689655172413,0.13793103448275867
1813SH,2357.0,309.0,1083.3,44,1563,285,100,0,0,BU03610300,WK036103,GM0361,2141.99,22,23,712678.4,0.9130434782608695,23,942.0,True,4127.697990000001,3797.4821508000005,5939.651569199999,9737.13372,0.61,0.9130434782608695,0.08695652173913049,0.9130434782608695,0.08695652173913049,0.9130434782608695,0.08695652173913049
1813SJ,1859.0,328.0,1016.5999999999999,47,1875,266,90,0,0,BU03610300,WK036103,GM0361,2691.7,29,28,799207.0,0.8620689655172413,29,884.0,True,3873.5509799999995,3563.6669015999996,5573.9405384,9137.60744,0.61,0.8620689655172413,0.13793103448275867,0.8620689655172413,0.13793103448275867,0.8620689655172413,0.13793103448275867
1813SK,2035.0,154.0,1415.6499999999999,25,820,220,70,30,5,BU03610300,WK036103,GM0361,1776.97,17,15,637467.7,0.45454545454545453,33,1231.0,True,5394.051195,4962.5270994,7761.901360599999,12724.42846,0.61,0.45454545454545453,0.5454545454545454,0.45454545454545453,0.5454545454545454,0.45454545454545453,0.5454545454545454
1813SL,2171.0,273.0,1305.25,28,1554,252,60,40,0,BU03610300,WK036103,GM0361,1653.0,16,16,546665.0,1.0,16,1135.0,True,4973.394075,4575.522549,7156.586550999999,11732.1091,0.61,1.0,0.0,1.0,0.0,1.0,0.0
1813SM,2718.0,169.0,1116.6499999999999,36,1024,226,60,50,10,BU03610300,WK036103,GM0361,1836.0,20,20,579340.0,1.0,20,971.0,True,4254.771495,3914.3897754,6122.507084599999,10036.896859999999,0.61,1.0,0.0,1.0,0.0,1.0,0.0
1813SN,2105.0,92.0,1254.6499999999999,47,1120,199,70,30,10,BU03610300,WK036103,GM0361,1821.0,24,24,580345.0,1.0,24,1091.0,True,4780.592894999999,4398.145463399999,6879.1505965999995,11277.296059999999,0.61,1.0,0.0,1.0,0.0,1.0,0.0
1813SP,2324.0,340.0,1608.85,45,1390,216,30,70,15,BU03610300,WK036103,GM0361,2048.0,23,23,606130.0,1.0,23,1399.0,True,6130.201155,5639.7850626,8821.2022774,14460.98734,0.61,1.0,0.0,1.0,0.0,1.0,0.0
1813SR,2410.0,171.0,937.2499999999999,43,2327,229,100,0,0,BU03610300,WK036103,GM0361,2419.0,24,24,889762.5,0.96,25,815.0,True,3571.203675,3285.5073810000004,5138.870518999999,8424.3779,0.61,0.96,0.040000000000000036,0.96,0.040000000000000036,0.96,0.040000000000000036
1813ST,3387.0,120.0,1163.8,44,2416,248,100,0,0,BU03610300,WK036103,GM0361,2426.0,24,24,870135.0,0.96,25,1012.0,True,4434.42714,4079.6729687999996,6381.0269511999995,10460.69992,0.61,0.96,0.040000000000000036,0.96,0.040000000000000036,0.96,0.040000000000000036
1813SV,4289.0,111.0,1313.3,42,7206,214,20,80,15,BU03610300,WK036103,GM0361,5094.0,47,23,1822055.0,0.9130434782608695,23,1142.0,True,5004.06699,4603.7416308,201036.3623870724,205640.10401787242,0.9776126273968433,0.9130434782608695,0.08695652173913049,0.9130434782608695,0.08695652173913049,0.9130434782608695,0.08695652173913049
1813SW,3751.0,881.0,0.0,0,0,512,90,0,0,BU03610801,WK036108,GM0361,6372.0,39,0,829882.5,1.0,39,0.0,True,0.0,0.0,829882.5,829882.5,1.0,1.0,0.0,1.0,0.0,1.0,0.0
1813SX,2189.0,119.0,0.0,0,0,354,40,60,0,BU03610801,WK036108,GM0361,6700.0,69,0,887750.0,1.0,69,0.0,True,0.0,0.0,887750.0,887750.0,1.0,1.0,0.0,1.0,0.0,1.0,0.0
1813SZ,2436.0,824.0,780.8499999999999,64,3135,317,0,0,0,BU03610300,WK036103,GM0361,887.0,9,9,142517.5,1.0,9,679.0,True,2975.2727549999995,2737.2509345999997,4281.341205399999,7018.592139999999,0.61,1.0,0.0,1.0,0.0,1.0,0.0
1813TA,2436.0,824.0,780.8499999999999,64,3135,317,60,40,15,BU03610300,WK036103,GM0361,4169.0,44,19,762665.0,1.0,44,679.0,True,2975.2727549999995,2737.2509345999997,4281.341205399999,7018.592139999999,0.61,1.0,0.0,1.0,0.0,1.0,0.0
1813TB,5128.0,1306.0,0.0,0,0,592,90,0,0,BU03610300,WK036103,GM0361,1645.0,11,0,217962.5,1.0,11,0.0,True,0.0,0.0,217962.5,217962.5,1.0,1.0,0.0,1.0,0.0,1.0,0.0
1813TD,2299.0,369.0,0.0,0,0,205,0,0,0,BU03610300,WK036103,GM0361,1748.0,20,0,402010.0,1.0,20,0.0,True,0.0,0.0,402010.0,402010.0,1.0,1.0,0.0,1.0,0.0,1.0,0.0
1813TE,2849.0,563.0,0.0,0,0,205,0,0,0,BU03610300,WK036103,GM0361,1739.0,20,0,400030.0,1.0,20,0.0,True,0.0,0.0,400030.0,400030.0,1.0,1.0,0.0,1.0,0.0,1.0,0.0
1813TG,1716.0,301.0,0.0,0,0,205,0,0,0,BU03610300,WK036103,GM0361,1298.0,15,0,285560.0,1.0,15,0.0,True,0.0,0.0,285560.0,285560.0,1.0,1.0,0.0,1.0,0.0,1.0,0.0
1813TH,1987.0,550.0,0.0,0,0,0,0,0,0,BU03610300,WK036103,GM0361,1356.0,17,0,212505.0,1.0,17,0.0,True,0.0,0.0,212505.0,212505.0,1.0,1.0,0.0,1.0,0.0,1.0,0.0
1813TJ,2064.0,431.0,955.65,41,1339,265,50,50,10,BU03610300,WK036103,GM0361,2154.0,23,23,457395.0,1.0,23,831.0,True,3641.3131949999997,3350.0081394,5239.7563206,8589.76446,0.61,1.0,0.0,1.0,0.0,1.0,0.0
1813TK,2469.0,407.0,1262.6999999999998,26,518,207,0,0,0,BU03610300,WK036103,GM0361,1762.0,20,8,393795.0,1.0,20,1098.0,True,4811.26581,4426.3645452,6923.288134799999,11349.65268,0.61,1.0,0.0,1.0,0.0,1.0,0.0
1813TL,2163.0,693.0,1459.35,22,332,213,0,0,0,BU03610300,WK036103,GM0361,1674.0,20,4,393340.0,1.0,20,1269.0,True,5560.561304999999,5115.716400599999,8001.505139399999,13117.221539999999,0.61,1.0,0.0,1.0,0.0,1.0,0.0
1813TM,2281.0,612.0,1298.35,42,1374,0,0,0,0,BU03610300,WK036103,GM0361,90.0,1,1,19800.0,1.0,1,1129.0,True,4947.103005,4551.3347646,7118.7543754,11670.08914,0.61,1.0,0.0,1.0,0.0,1.0,0.0
1813TN,2281.0,612.0,1298.35,42,1374,0,0,0,0,BU03610300,WK036103,GM0361,837.0,9,8,250195.0,1.0,9,1129.0,True,4947.103005,4551.3347646,7118.7543754,11670.08914,0.61,1.0,0.0,1.0,0.0,1.0,0.0
1813TR,2715.0,29.0,1298.35,42,1374,200,0,0,0,BU03610300,WK036103,GM0361,1275.0,16,16,418597.5,1.0,16,1129.0,True,4947.103005,4551.3347646,7118.7543754,11670.08914,0.61,1.0,0.0,1.0,0.0,1.0,0.0
1813TS,1941.0,0.0,1177.6,27,595,203,0,0,0,BU03610300,WK036103,GM0361,1279.0,16,16,390567.5,1.0,16,1024.0,True,4487.009279999999,4128.0485376,6456.691302399999,10584.739839999998,0.61,1.0,0.0,1.0,0.0,1.0,0.0
1813TT,2301.0,0.0,1116.6499999999999,43,1445,202,50,50,10,BU03610300,WK036103,GM0361,1947.0,24,24,504690.0,1.0,24,971.0,True,4254.771495,3914.3897754,6122.507084599999,10036.896859999999,0.61,1.0,0.0,1.0,0.0,1.0,0.0
1813TV,2717.0,258.0,1242.0,44,1634,222,70,30,5,BU03610300,WK036103,GM0361,2179.0,25,24,727620.0,1.0,25,1080.0,True,4732.3926,4353.801192,6809.791608,11163.5928,0.61,1.0,0.0,1.0,0.0,1.0,0.0
1813TW,2272.0,833.0,1084.4499999999998,20,682,0,0,0,0,BU03610300,WK036103,GM0361,1471.0,13,11,310752.5,0.5217391304347826,23,943.0,True,4132.079835,3801.5134481999994,5945.956931799999,9747.470379999999,0.61,0.5217391304347826,0.4782608695652174,0.5217391304347826,0.4782608695652174,0.5217391304347826,0.4782608695652174
1813TX,1708.0,1231.0,867.0999999999999,33,915,0,0,0,0,BU03610300,WK036103,GM0361,1911.0,18,18,363180.0,1.0,18,754.0,True,3303.91113,3039.5982396,4754.2434004,7793.84164,0.61,1.0,0.0,1.0,0.0,1.0,0.0
1813TZ,2405.0,1217.0,993.5999999999999,65,1757,221,0,100,0,BU03610300,WK036103,GM0361,3458.0,33,33,686245.0,1.0,33,864.0,True,3785.9140799999996,3483.0409535999997,5447.833286399999,8930.87424,0.61,1.0,0.0,1.0,0.0,1.0,0.0
1813VA,2088.0,116.0,1143.1,26,724,216,30,70,10,BU03610300,WK036103,GM0361,1281.0,16,16,351845.0,1.0,16,994.0,True,4355.553929999999,4007.1096155999994,6267.530424399999,10274.640039999998,0.61,1.0,0.0,1.0,0.0,1.0,0.0
1813VB,1763.0,0.0,1007.4,19,435,0,0,70,5,BU03610300,WK036103,GM0361,825.0,10,10,246712.5,1.0,10,876.0,True,3838.4962199999995,3531.4165224,5523.497637599999,9054.914159999998,0.61,1.0,0.0,1.0,0.0,1.0,0.0
1813VC,2294.0,106.0,1132.75,40,874,200,20,80,20,BU03610300,WK036103,GM0361,1798.0,23,23,527575.0,0.9583333333333334,24,985.0,True,4316.117324999999,3970.827939,6210.782161,10181.6101,0.61,0.9583333333333334,0.04166666666666663,0.9583333333333334,0.04166666666666663,0.9583333333333334,0.04166666666666663
1813VD,1876.0,0.0,933.8,31,661,216,0,80,10,BU03610300,WK036103,GM0361,1259.0,17,17,394932.5,1.0,17,812.0,True,3558.0581399999996,3273.4134888,5119.954431199999,8393.367919999999,0.61,1.0,0.0,1.0,0.0,1.0,0.0
1813VE,2063.0,0.0,985.55,29,629,0,0,0,0,BU03610300,WK036103,GM0361,1180.0,16,16,357585.0,1.0,16,857.0,True,3755.2411649999995,3454.8218718,5403.695748199999,8858.517619999999,0.61,1.0,0.0,1.0,0.0,1.0,0.0
1813VG,2060.0,0.0,1302.9499999999998,20,708,177,0,0,0,BU03610300,WK036103,GM0361,863.0,13,11,238927.5,1.0,13,1133.0,True,4964.6303849999995,4567.4599542,7143.975825799998,11711.435779999998,0.61,1.0,0.0,1.0,0.0,1.0,0.0
1813VH,1675.0,0.0,970.5999999999999,33,1188,0,0,0,0,BU03610300,WK036103,GM0361,1559.0,20,20,416700.0,1.0,20,844.0,True,3698.2771799999996,3402.4150056,5321.726034399999,8724.141039999999,0.61,1.0,0.0,1.0,0.0,1.0,0.0
1813VJ,1584.0,0.0,726.8,45,552,148,0,0,0,BU03610300,WK036103,GM0361,1164.0,24,24,405895.0,1.0,24,632.0,True,2769.32604,2547.7799568,3984.9891632,6532.76912,0.61,1.0,0.0,1.0,0.0,1.0,0.0
1813VK,1505.0,0.0,1002.8,28,753,192,0,0,0,BU03610300,WK036103,GM0361,1308.0,16,16,359300.0,1.0,16,872.0,True,3820.9688400000005,3515.2913328000004,5498.2761872,9013.56752,0.61,1.0,0.0,1.0,0.0,1.0,0.0
1813VL,1838.0,0.0,884.3499999999999,32,749,184,0,0,0,BU03610300,WK036103,GM0361,1294.0,16,16,418902.5,1.0,16,769.0,True,3369.6388049999996,3100.0677005999996,4848.823839399999,7948.891539999999,0.61,1.0,0.0,1.0,0.0,1.0,0.0
1813VM,1574.0,0.0,893.55,25,356,146,0,0,0,BU03610300,WK036103,GM0361,710.0,13,13,212702.5,1.0,13,777.0,True,3404.693564999999,3132.3180797999994,4899.2667402,8031.584819999999,0.61,1.0,0.0,1.0,0.0,1.0,0.0
1813VN,1300.0,0.0,863.65,26,356,131,0,0,0,BU03610300,WK036103,GM0361,599.0,13,13,209052.5,1.0,13,751.0,True,3290.7655949999994,3027.5043473999995,4735.3273125999995,7762.831659999999,0.61,1.0,0.0,1.0,0.0,1.0,0.0
1813VP,2323.0,22.0,1319.05,30,671,195,0,0,0,BU03610300,WK036103,GM0361,1389.0,16,16,505690.0,1.0,16,1147.0,True,5025.976214999999,4623.898117799999,7232.2509021999995,11856.149019999999,0.61,1.0,0.0,1.0,0.0,1.0,0.0
1813VR,1773.0,116.0,932.65,31,704,181,0,0,0,BU03610300,WK036103,GM0361,1185.0,16,16,330240.0,1.0,16,811.0,True,3553.6762949999998,3269.3821914,5113.6490686,8383.03126,0.61,1.0,0.0,1.0,0.0,1.0,0.0
1813VS,1938.0,0.0,1254.6499999999999,28,820,196,0,0,0,BU03610300,WK036103,GM0361,1276.0,15,15,346840.0,1.0,15,1091.0,True,4780.592894999999,4398.145463399999,6879.1505965999995,11277.296059999999,0.61,1.0,0.0,1.0,0.0,1.0,0.0
1813VX,1449.0,182.0,830.3,37,712,133,0,0,0,BU03610300,WK036103,GM0361,1332.0,24,20,163160.0,1.0,24,722.0,True,3163.69209,2910.5967228,4552.4717972,7463.06852,0.61,1.0,0.0,1.0,0.0,1.0,0.0
1813VZ,3274.0,12.0,809.5999999999999,135,30487,266,40,60,20,BU03610300,WK036103,GM0361,9498.0,103,79,1406350.0,0.9782608695652174,92,704.0,True,3084.81888,2838.0333696,4438.975270399999,7277.008639999999,0.61,0.9782608695652174,0.021739130434782594,0.9782608695652174,0.021739130434782594,0.9782608695652174,0.021739130434782594
1813XA,2059.0,934.0,0.0,0,0,235,0,90,40,BU03610300,WK036103,GM0361,3090.0,44,0,67715.0,1.0,44,0.0,True,0.0,0.0,67715.0,67715.0,1.0,1.0,0.0,1.0,0.0,1.0,0.0
1813XC,4300.0,70.0,0.0,0,0,232,0,0,0,BU03610300,WK036103,GM0361,503.0,8,0,66647.5,1.0,8,0.0,True,0.0,0.0,66647.5,66647.5,1.0,1.0,0.0,1.0,0.0,1.0,0.0
1813XE,2657.0,278.0,0.0,0,0,354,100,0,0,BU03610300,WK036103,GM0361,1186.0,10,0,152172.5,1.0,10,0.0,True,0.0,0.0,152172.5,152172.5,1.0,1.0,0.0,1.0,0.0,1.0,0.0
1813XH,3612.0,0.0,0.0,0,0,364,90,0,0,BU03610300,WK036103,GM0361,1502.0,14,0,199015.0,1.0,14,0.0,True,0.0,0.0,199015.0,199015.0,1.0,1.0,0.0,1.0,0.0,1.0,0.0
1813XJ,1790.0,0.0,0.0,0,0,395,100,0,0,BU03610300,WK036103,GM0361,1230.0,14,0,162975.0,1.0,14,0.0,True,0.0,0.0,162975.0,162975.0,1.0,1.0,0.0,1.0,0.0,1.0,0.0
1813XK,1796.0,0.0,0.0,0,0,349,0,0,0,BU03610300,WK036103,GM0361,1070.0,9,0,136802.5,1.0,9,0.0,True,0.0,0.0,136802.5,136802.5,1.0,1.0,0.0,1.0,0.0,1.0,0.0
1813XL,1994.0,774.0,1118.9499999999998,23,288,426,0,0,0,BU03610300,WK036103,GM0361,802.0,5,4,120587.5,1.0,5,973.0,True,4263.535185,3922.4523701999997,6135.117809799999,10057.570179999999,0.61,1.0,0.0,1.0,0.0,1.0,0.0
1813XM,2228.0,42.0,1051.1,21,750,260,70,30,0,BU03610300,WK036103,GM0361,1940.0,24,12,526690.0,1.0,24,914.0,True,4005.0063299999997,3684.6058236,71599.3514164,75283.95723999999,0.9510572244249366,1.0,0.0,1.0,0.0,1.0,0.0
1813XN,2046.0,0.0,0.0,0,0,340,20,80,15,BU03610300,WK036103,GM0361,2253.0,24,0,298522.5,1.0,24,0.0,True,0.0,0.0,298522.5,298522.5,1.0,1.0,0.0,1.0,0.0,1.0,0.0
1813XP,2542.0,0.0,0.0,0,0,273,10,90,35,BU03610300,WK036103,GM0361,4162.0,44,0,551465.0,1.0,44,0.0,True,0.0,0.0,551465.0,551465.0,1.0,1.0,0.0,1.0,0.0,1.0,0.0
1813XR,2412.0,171.0,0.0,0,0,391,70,30,10,BU03610300,WK036103,GM0361,2875.0,24,0,380937.5,1.0,24,0.0,True,0.0,0.0,380937.5,380937.5,1.0,1.0,0.0,1.0,0.0,1.0,0.0
1813XS,1602.0,0.0,0.0,0,0,351,0,0,0,BU03610300,WK036103,GM0361,1615.0,19,0,213987.5,1.0,19,0.0,True,0.0,0.0,213987.5,213987.5,1.0,1.0,0.0,1.0,0.0,1.0,0.0
1813XV,3427.0,324.0,0.0,0,0,391,100,0,0,BU03610300,WK036103,GM0361,3094.0,31,0,401180.0,0.9565217391304348,23,0.0,True,0.0,0.0,401180.0,401180.0,1.0,0.9565217391304348,0.04347826086956519,0.9565217391304348,0.04347826086956519,0.9565217391304348,0.04347826086956519
1813ZA,2351.0,0.0,0.0,0,0,290,80,0,0,BU03610300,WK036103,GM0361,1437.0,16,16,235367.5,1.0,16,0.0,True,0.0,0.0,235367.5,235367.5,1.0,1.0,0.0,1.0,0.0,1.0,0.0
1813ZB,1745.0,0.0,699.1999999999999,43,2467,275,40,60,10,BU03610300,WK036103,GM0361,1954.0,22,22,299620.0,1.0,22,608.0,True,2664.1617599999995,2451.0288192,3833.6604608,6284.68928,0.61,1.0,0.0,1.0,0.0,1.0,0.0
1813ZC,3207.0,213.0,884.3499999999999,29,1717,338,50,50,20,BU03610300,WK036103,GM0361,6270.0,63,20,873865.0,0.9841269841269841,63,769.0,True,3369.6388049999996,3100.0677005999996,476458.5063790826,479558.57407968264,0.9935355807024213,0.9841269841269841,0.015873015873015928,0.9841269841269841,0.015873015873015928,0.9841269841269841,0.015873015873015928
1813ZD,2974.0,0.0,859.05,30,12510,140,0,0,0,BU03610300,WK036103,GM0361,528.0,16,16,119460.0,1.0,16,747.0,True,3273.238215,3011.3791578,4710.1058622,7721.48502,0.61,1.0,0.0,1.0,0.0,1.0,0.0
1813ZE,2722.0,73.0,970.5999999999999,58,12757,256,20,80,20,BU03610300,WK036103,GM0361,3590.36,36,32,923230.1,0.7073170731707317,41,844.0,True,3698.2771799999996,3402.4150056,5321.726034399999,8724.141039999999,0.61,0.7073170731707317,0.29268292682926833,0.7073170731707317,0.29268292682926833,0.7073170731707317,0.29268292682926833
1814AB,0.0,0.0,0.0,0,0,168,30,70,10,BU03610102,WK036101,GM0361,1959.0,24,22,613015.0,0.782608695652174,23,0.0,True,0.0,0.0,613015.0,613015.0,1.0,0.782608695652174,0.21739130434782605,0.782608695652174,0.21739130434782605,0.782608695652174,0.21739130434782605
1814AC,4940.0,0.0,817.65,32,2199,164,0,0,0,BU03610102,WK036101,GM0361,1791.0,18,16,505507.5,0.7058823529411765,17,711.0,True,3115.4917950000004,2866.2524514000006,4483.1128086,7349.3652600000005,0.61,0.7058823529411765,0.2941176470588235,0.7058823529411765,0.2941176470588235,0.7058823529411765,0.2941176470588235
1814BA,1926.0,289.0,1199.4499999999998,34,1003,289,30,70,10,BU03610102,WK036101,GM0361,1603.0,17,17,462842.5,0.9411764705882353,17,1043.0,True,4570.264335,4204.6431882,6576.4931918,10781.13638,0.61,0.9411764705882353,0.05882352941176472,0.9411764705882353,0.05882352941176472,0.9411764705882353,0.05882352941176472
1814BB,1724.0,0.0,1038.4499999999998,23,879,259,80,0,0,BU03610102,WK036101,GM0361,980.0,12,12,335987.5,1.0,12,903.0,True,3956.8060349999996,3640.2615521999996,5693.742427799998,9334.003979999998,0.61,1.0,0.0,1.0,0.0,1.0,0.0
1814BC,2101.0,494.0,1001.65,36,1611,299,100,0,0,BU03610102,WK036101,GM0361,1711.0,19,19,676610.0,1.0,19,871.0,True,3816.5869949999997,3511.2600353999997,5491.9708246,9003.23086,0.61,1.0,0.0,1.0,0.0,1.0,0.0
1814BD,1604.0,369.0,1008.55,46,2057,263,60,40,10,BU03610102,WK036101,GM0361,2174.0,24,24,706322.5,1.0,24,877.0,True,3842.8780649999994,3535.4478197999997,5529.8030002,9065.25082,0.61,1.0,0.0,1.0,0.0,1.0,0.0
1814BE,1764.0,404.0,885.4999999999999,35,996,289,90,0,0,BU03610102,WK036101,GM0361,1528.0,18,18,523985.0,1.0,18,770.0,True,3374.0206499999995,3104.0989979999995,4855.129202,7959.2282,0.6100000000000001,1.0,0.0,1.0,0.0,1.0,0.0
1814BG,2086.0,672.0,1288.0,37,1977,309,90,0,0,BU03610102,WK036101,GM0361,2016.0,21,21,731175.0,0.9545454545454546,22,1120.0,True,4907.6664,4515.053088000001,7062.006112000001,11577.059200000002,0.61,0.9545454545454546,0.045454545454545414,0.9545454545454546,0.045454545454545414,0.9545454545454546,0.045454545454545414
1814BH,2353.0,205.0,1108.6,42,1950,260,70,30,0,BU03610102,WK036101,GM0361,2160.0,26,23,821210.0,1.0,26,964.0,True,4224.09858,3886.1706936,6078.3695464,9964.54024,0.61,1.0,0.0,1.0,0.0,1.0,0.0
1814BJ,2167.0,370.0,1089.05,41,1681,265,90,0,0,BU03610102,WK036101,GM0361,1910.0,23,23,720300.0,1.0,23,947.0,True,4149.607214999999,3817.6386377999997,5971.178382199999,9788.817019999999,0.61,1.0,0.0,1.0,0.0,1.0,0.0
1814BK,1782.0,0.0,1269.6,30,1708,240,40,60,10,BU03610102,WK036101,GM0361,1288.0,15,15,499615.0,0.8823529411764706,17,1104.0,True,4837.55688,4450.5523296,6961.120310399999,11411.672639999999,0.61,0.8823529411764706,0.11764705882352944,0.8823529411764706,0.11764705882352944,0.8823529411764706,0.11764705882352944
1814BL,1657.0,79.0,1200.6,41,1803,221,30,70,15,BU03610102,WK036101,GM0361,1643.0,21,21,649365.0,1.0,21,1044.0,True,4574.64618,4208.6744856,6582.798554399999,10791.473039999999,0.61,1.0,0.0,1.0,0.0,1.0,0.0
1814BM,1530.0,0.0,1040.75,32,1399,210,0,0,0,BU03610102,WK036101,GM0361,1410.0,18,18,456500.0,1.0,18,905.0,True,3965.5697250000003,3648.3241470000003,5706.353152999999,9354.6773,0.61,1.0,0.0,1.0,0.0,1.0,0.0
1814BN,1745.0,0.0,1252.35,33,1853,0,0,0,0,BU03610102,WK036101,GM0361,1783.0,19,19,596430.0,0.7037037037037037,27,1089.0,True,4771.829204999999,4390.0828685999995,6866.539871399999,11256.622739999999,0.61,0.7037037037037037,0.2962962962962963,0.7037037037037037,0.2962962962962963,0.7037037037037037,0.2962962962962963
1814BP,2498.0,552.0,1859.55,39,2689,443,90,0,0,BU03610102,WK036101,GM0361,2921.0,21,21,1061042.5,1.0,21,1617.0,True,7085.443364999999,6518.6078958,10195.771324199999,16714.37922,0.61,1.0,0.0,1.0,0.0,1.0,0.0
1814BR,2721.0,535.0,1590.4499999999998,46,2846,449,100,0,0,BU03610102,WK036101,GM0361,3421.0,25,25,1267705.0,1.0,25,1383.0,True,6060.091635,5575.2843042,8720.316475799998,14295.600779999999,0.61,1.0,0.0,1.0,0.0,1.0,0.0
1814BS,3177.0,209.0,1862.9999999999998,32,2182,469,100,0,0,BU03610102,WK036101,GM0361,2317.0,17,17,738010.0,0.9444444444444444,18,1620.0,True,7098.588899999998,6530.7017879999985,10214.687412,16745.389199999998,0.61,0.9444444444444444,0.05555555555555558,0.9444444444444444,0.05555555555555558,0.9444444444444444,0.05555555555555558
1814BT,2725.0,625.0,1412.1999999999998,40,2667,462,100,0,0,BU03610102,WK036101,GM0361,3423.0,23,22,1322640.0,0.43137254901960786,51,1228.0,True,5380.905659999999,4950.4332072,7742.985272799999,12693.418479999998,0.61,0.43137254901960786,0.5686274509803921,0.43137254901960786,0.5686274509803921,0.43137254901960786,0.5686274509803921
1814BV,2306.0,899.0,1317.8999999999999,27,1794,444,100,0,0,BU03610102,WK036101,GM0361,1853.0,15,15,628887.5,1.0,15,1146.0,True,5021.594369999999,4619.8668204,7225.9455395999985,11845.812359999998,0.61,1.0,0.0,1.0,0.0,1.0,0.0
1814CA,2577.0,598.0,1600.8,21,1330,0,100,0,0,BU03610102,WK036101,GM0361,1358.0,11,11,520022.5,1.0,11,1392.0,True,6099.52824,5611.5659808,8777.0647392,14388.63072,0.61,1.0,0.0,1.0,0.0,1.0,0.0
1814CB,2196.0,303.0,1312.1499999999999,39,2550,341,100,0,0,BU03610102,WK036101,GM0361,2510.0,22,21,948635.0,0.9545454545454546,22,1141.0,True,4999.685145,4599.7103334,7194.418726599999,11794.12906,0.61,0.9545454545454546,0.045454545454545414,0.9545454545454546,0.045454545454545414,0.9545454545454546,0.045454545454545414
1814CC,2449.0,451.0,1446.6999999999998,42,1795,372,90,0,0,BU03610102,WK036101,GM0361,2626.0,22,22,1023010.0,1.0,22,1258.0,True,5512.361009999999,5071.372129199999,7932.146150799999,13003.518279999998,0.61,1.0,0.0,1.0,0.0,1.0,0.0
1814CD,2295.0,1068.0,1254.6499999999999,22,1280,343,90,0,0,BU03610102,WK036101,GM0361,1343.0,13,13,498630.0,1.0,13,1091.0,True,4780.592894999999,4398.145463399999,6879.1505965999995,11277.296059999999,0.61,1.0,0.0,1.0,0.0,1.0,0.0
1814CE,2459.0,892.0,1335.1499999999999,28,1588,334,100,0,0,BU03610102,WK036101,GM0361,1558.0,16,16,519055.0,1.0,16,1161.0,True,5087.322044999999,4680.336281399999,7320.525978599999,12000.862259999998,0.61,1.0,0.0,1.0,0.0,1.0,0.0
1814CG,3728.0,608.0,1808.9499999999998,21,38005,443,90,0,0,BU03610102,WK036101,GM0361,10434.0,80,11,4213417.5,0.9090909090909091,11,1573.0,True,6892.642184999999,6341.230810199999,3117313.7416198,3123654.97243,0.997969932381723,0.9090909090909091,0.09090909090909094,0.9090909090909091,0.09090909090909094,0.9090909090909091,0.09090909090909094
1814CH,2306.0,234.0,961.4,33,1104,300,70,30,0,BU03610102,WK036101,GM0361,1385.0,18,18,428352.5,1.0,18,836.0,True,3663.22242,3370.1646264,5271.283133599999,8641.44776,0.61,1.0,0.0,1.0,0.0,1.0,0.0
1814CJ,6013.0,422.0,1975.6999999999998,32,5940,305,90,0,0,BU03610102,WK036101,GM0361,3434.0,31,19,1363897.5,0.8947368421052632,19,1718.0,True,7528.009709999998,6925.768933199999,10832.612946799998,17758.381879999997,0.61,0.8947368421052632,0.10526315789473684,0.8947368421052632,0.10526315789473684,0.8947368421052632,0.10526315789473684
1814CK,4464.0,80.0,2995.7499999999995,36,4603,614,90,0,0,BU03610104,WK036101,GM0361,4147.0,25,18,1606187.5,0.8695652173913043,23,2605.0,True,11414.706224999996,10501.529726999997,16425.469573,26926.999299999996,0.61,0.8695652173913043,0.13043478260869568,0.8695652173913043,0.13043478260869568,0.8695652173913043,0.13043478260869568
1814CL,4444.0,682.0,1263.85,30,3299,344,90,0,0,BU03610104,WK036101,GM0361,2558.0,24,17,978692.5,0.9130434782608695,23,1099.0,True,4815.647655,4430.3958426,6929.5934974,11359.98934,0.61,0.9130434782608695,0.08695652173913049,0.9130434782608695,0.08695652173913049,0.9130434782608695,0.08695652173913049
1814DA,6752.0,994.0,1696.2499999999998,23,2472,470,90,0,0,BU03610104,WK036101,GM0361,2134.0,14,14,714250.0,1.0,14,1475.0,True,6463.221374999997,5946.163664999998,9300.409834999999,15246.573499999997,0.61,1.0,0.0,1.0,0.0,1.0,0.0
1814DB,3600.0,908.0,1519.1499999999999,26,1813,427,100,0,0,BU03610104,WK036101,GM0361,2037.0,15,14,795227.5,1.0,15,1321.0,True,5788.417245,5325.3438654,8329.383994599999,13654.727859999999,0.61,1.0,0.0,1.0,0.0,1.0,0.0
1814DC,2014.0,178.0,1290.3,23,1026,287,40,60,10,BU03610104,WK036101,GM0361,1375.0,14,14,506770.0,0.875,16,1122.0,True,4916.43009,4523.1156828,7074.616837199999,11597.73252,0.61,0.875,0.125,0.875,0.125,0.875,0.125
1814DD,1432.0,70.0,790.05,24,508,0,0,0,0,BU03610104,WK036101,GM0361,1062.0,13,13,326800.0,1.0,13,687.0,True,3010.3275150000004,2769.5013138000004,4331.7841062,7101.28542,0.61,1.0,0.0,1.0,0.0,1.0,0.0
1814DE,2170.0,0.0,3267.1499999999996,32,720,123,0,100,0,BU03610104,WK036101,GM0361,11433.0,222,18,4245445.0,0.9946524064171123,187,2841.0,True,12448.821645,11452.9159134,3651402.499110564,3662855.415023964,0.9968732274098444,0.9946524064171123,0.005347593582887722,0.9946524064171123,0.005347593582887722,0.9946524064171123,0.005347593582887722
1814DG,2751.0,389.0,1767.55,35,2453,528,100,0,0,BU03610104,WK036101,GM0361,3165.0,21,21,1117960.0,0.9523809523809523,21,1537.0,True,6734.895765,6196.1041038,9691.342316199998,15887.446419999998,0.61,0.9523809523809523,0.04761904761904767,0.9523809523809523,0.04761904761904767,0.9523809523809523,0.04761904761904767
1814DH,4813.0,172.0,1776.7499999999998,34,2872,568,90,0,0,BU03610104,WK036101,GM0361,2982.0,17,18,961730.0,1.0,17,1545.0,True,6769.950524999998,6228.354482999999,9741.785216999999,15970.139699999998,0.61,1.0,0.0,1.0,0.0,1.0,0.0
1814DJ,2402.0,362.0,1462.8,43,3149,367,40,60,15,BU03610104,WK036101,GM0361,2389.0,23,23,702320.0,1.0,23,1272.0,True,5573.70684,5127.8102928,8020.4212271999995,13148.23152,0.61,1.0,0.0,1.0,0.0,1.0,0.0
1814DK,1601.0,0.0,873.9999999999999,22,1139,283,0,80,10,BU03610104,WK036101,GM0361,883.0,11,11,188037.5,1.0,11,760.0,True,3330.202199999999,3063.786023999999,4792.075575999999,7855.861599999998,0.61,1.0,0.0,1.0,0.0,1.0,0.0
1814DL,4369.0,1979.0,2381.6499999999996,27,3302,759,100,0,0,BU03610104,WK036101,GM0361,3471.0,15,14,1328522.5,1.0,15,2071.0,True,9074.800994999998,8348.816915399999,13058.4059446,21407.222859999998,0.61,1.0,0.0,1.0,0.0,1.0,0.0
1814DM,3027.0,177.0,1316.75,63,4041,313,50,50,10,BU03610104,WK036101,GM0361,3774.0,42,33,1153937.5,1.0,42,1145.0,True,5017.212525,4615.835523,7219.640176999999,11835.475699999999,0.61,1.0,0.0,1.0,0.0,1.0,0.0
1814DN,5084.0,796.0,2484.0,64,8305,740,0,0,0,BU03610104,WK036101,GM0361,1857.0,10,9,628395.0,0.8888888888888888,9,2160.0,True,9464.7852,8707.602384,13619.583216,22327.1856,0.61,0.8888888888888888,0.11111111111111116,0.8888888888888888,0.11111111111111116,0.8888888888888888,0.11111111111111116
1814DP,5084.0,796.0,2484.0,64,8305,861,0,0,0,BU03610104,WK036101,GM0361,1980.0,11,8,769747.5,0.8,10,2160.0,True,9464.7852,8707.602384,13619.583216,22327.1856,0.61,0.8,0.19999999999999996,0.8,0.19999999999999996,0.8,0.19999999999999996
1814DR,5084.0,796.0,2484.0,64,8305,837,100,0,0,BU03610104,WK036101,GM0361,3997.0,21,17,903742.5,0.9444444444444444,18,2160.0,True,9464.7852,8707.602384,13619.583216,22327.1856,0.61,0.9444444444444444,0.05555555555555558,0.9444444444444444,0.05555555555555558,0.9444444444444444,0.05555555555555558
1814DS,1810.0,0.0,908.4999999999999,41,988,331,80,0,0,BU03610104,WK036101,GM0361,2203.0,24,24,378560.0,1.0,24,790.0,True,3461.657549999999,3184.7249459999994,4981.236453999999,8165.961399999998,0.61,1.0,0.0,1.0,0.0,1.0,0.0
1814DT,2337.0,0.0,916.55,31,2182,359,70,30,0,BU03610104,WK036101,GM0361,1746.0,18,18,313007.5,1.0,18,797.0,True,3492.330465,3212.9440278,5025.3739922,8238.31802,0.61,1.0,0.0,1.0,0.0,1.0,0.0
1814DV,4666.0,274.0,1428.3,36,5300,462,30,70,15,BU03610104,WK036101,GM0361,3150.0,24,22,810110.0,1.0,24,1242.0,True,5442.25149,5006.8713708,7831.2603492,12838.13172,0.61,1.0,0.0,1.0,0.0,1.0,0.0
1814DW,2078.0,0.0,603.75,74,18450,369,90,0,0,BU03610104,WK036101,GM0361,3577.0,41,40,584602.5,1.0,41,525.0,True,2300.468625,2116.4311350000003,3310.315365,5426.7465,0.61,1.0,0.0,1.0,0.0,1.0,0.0
1814EA,1994.0,512.0,1344.35,30,1184,328,90,0,0,BU03610104,WK036101,GM0361,1637.0,18,16,594882.5,1.0,18,1169.0,True,5122.376805,4712.5866606,7370.968879399999,12083.55554,0.61,1.0,0.0,1.0,0.0,1.0,0.0
1814EB,2702.0,33.0,1305.25,33,2652,353,90,0,0,BU03610104,WK036101,GM0361,2763.0,34,32,1062580.0,1.0,34,1135.0,True,4973.394075,4575.522549,38408.939492176476,42984.46204117648,0.8935540348366595,1.0,0.0,1.0,0.0,1.0,0.0
1814EC,6123.0,565.0,2714.0,26,3461,595,100,0,0,BU03610104,WK036101,GM0361,3606.0,25,15,993142.5,0.8666666666666667,15,2360.0,True,10341.1542,9513.861864,14880.655735999999,24394.5176,0.61,0.8666666666666667,0.1333333333333333,0.8666666666666667,0.1333333333333333,0.8666666666666667,0.1333333333333333
1814ED,1931.0,295.0,1207.5,55,3003,279,60,40,10,BU03610104,WK036101,GM0361,3120.0,35,32,971647.5,0.9722222222222222,36,1050.0,True,4600.93725,4232.8622700000005,6620.63073,10853.493,0.61,0.9722222222222222,0.02777777777777779,0.9722222222222222,0.02777777777777779,0.9722222222222222,0.02777777777777779
1814EE,3064.0,207.0,1616.8999999999999,23,1694,471,100,0,0,BU03610104,WK036101,GM0361,1682.0,12,12,634790.0,1.0,12,1406.0,True,6160.87407,5668.0041444,8865.339815599998,14533.343959999998,0.61,1.0,0.0,1.0,0.0,1.0,0.0
1814EG,3797.0,181.0,1369.6499999999999,38,2157,475,0,0,0,BU03610104,WK036101,GM0361,1514.0,8,6,507032.5,1.0,8,1191.0,True,5218.777394999999,4801.2752034,7509.6868565999985,12310.962059999998,0.61,1.0,0.0,1.0,0.0,1.0,0.0
1814EH,3797.0,181.0,1369.6499999999999,38,2157,360,100,0,0,BU03610104,WK036101,GM0361,1669.0,14,14,612857.5,1.0,14,1191.0,True,5218.777394999999,4801.2752034,7509.6868565999985,12310.962059999998,0.61,1.0,0.0,1.0,0.0,1.0,0.0
1814EJ,2207.0,500.0,1574.35,41,2274,339,90,0,0,BU03610104,WK036101,GM0361,2931.0,27,21,996242.5,0.65625,32,1369.0,True,5998.745804999999,5518.846140599999,8632.0413994,14150.887539999998,0.61,0.65625,0.34375,0.65625,0.34375,0.65625,0.34375
1814EK,5176.0,94.0,6037.499999999999,20,6441,303,50,50,10,BU03610104,WK036101,GM0361,2105.0,21,10,627172.5,0.8888888888888888,18,5250.0,True,23004.686249999995,21164.311349999996,62968.51079285717,84132.82214285716,0.7484416805362468,0.8888888888888888,0.11111111111111116,0.8888888888888888,0.11111111111111116,0.8888888888888888,0.11111111111111116
1814EL,2702.0,163.0,1530.6499999999999,45,2917,421,100,0,0,BU03610104,WK036101,GM0361,3128.0,24,24,1163717.5,1.0,24,1331.0,True,5832.2356949999985,5365.656839399999,8392.4376206,13758.094459999998,0.6100000000000001,1.0,0.0,1.0,0.0,1.0,0.0
1814EM,0.0,0.0,0.0,0,0,104,0,0,0,BU03610104,WK036101,GM0361,506.0,19,0,145720.0,1.0,19,0.0,True,0.0,0.0,145720.0,145720.0,1.0,1.0,0.0,1.0,0.0,1.0,0.0
1814EN,11335.0,203.0,3584.5499999999997,40,11405,219,30,70,10,BU03610104,WK036101,GM0361,1809.0,22,7,588980.0,0.9444444444444444,18,3117.0,True,13658.210865000001,12565.5539958,19653.815224199996,32219.369219999997,0.61,0.9444444444444444,0.05555555555555558,0.9444444444444444,0.05555555555555558,0.9444444444444444,0.05555555555555558
1814GA,11335.0,203.0,3584.5499999999997,40,11405,0,0,0,0,BU03610104,WK036101,GM0361,7682.0,71,31,2776122.5,0.65625,32,3117.0,True,13658.210865000001,12565.5539958,1231763.639167862,1244329.193163662,0.9899017445987485,0.65625,0.34375,0.65625,0.34375,0.65625,0.34375
1814GB,3916.0,980.0,2457.5499999999997,26,3839,476,70,0,0,BU03610104,WK036101,GM0361,2973.0,17,15,929987.5,0.8823529411764706,17,2137.0,True,9364.002765,8614.8825438,13474.559876199999,22089.44242,0.61,0.8823529411764706,0.11764705882352944,0.8823529411764706,0.11764705882352944,0.8823529411764706,0.11764705882352944
1814GC,3808.0,191.0,1722.6999999999998,39,2487,508,90,0,0,BU03610104,WK036101,GM0361,3901.0,25,23,997477.5,0.7857142857142857,28,1498.0,True,6564.003809999999,6038.8835051999995,9445.4331748,15484.31668,0.61,0.7857142857142857,0.2142857142857143,0.7857142857142857,0.2142857142857143,0.7857142857142857,0.2142857142857143
1814GD,4072.0,0.0,2107.95,17,1046,305,0,0,0,BU03610104,WK036101,GM0361,1516.0,15,10,585572.5,0.5833333333333334,12,1833.0,True,8031.921884999998,7389.368134199998,11557.729645799998,18947.097779999996,0.61,0.5833333333333334,0.41666666666666663,0.5833333333333334,0.41666666666666663,0.5833333333333334,0.41666666666666663
1814GE,8433.0,1132.0,2785.2999999999997,16,2592,0,0,0,0,BU03610104,WK036101,GM0361,2442.0,16,10,813140.0,0.5384615384615384,13,2422.0,True,10612.82859,9763.802302799999,15271.588217199998,25035.390519999997,0.61,0.5384615384615384,0.46153846153846156,0.5384615384615384,0.46153846153846156,0.5384615384615384,0.46153846153846156
1814GG,2474.0,526.0,1575.4999999999998,25,2565,535,100,0,0,BU03610109,WK036101,GM0361,2484.0,14,14,854290.0,1.0,14,1370.0,True,6003.127649999999,5522.8774379999995,8638.346761999997,14161.224199999997,0.61,1.0,0.0,1.0,0.0,1.0,0.0
1814GH,3263.0,668.0,1963.05,38,3252,418,90,0,0,BU03610109,WK036101,GM0361,3173.0,23,20,1048817.5,0.9,20,1707.0,True,7479.809415,6881.4246618,10763.253958199999,17644.67862,0.61,0.9,0.09999999999999998,0.9,0.09999999999999998,0.9,0.09999999999999998
1814GJ,4115.0,496.0,1741.1,33,2292,395,90,0,0,BU03610109,WK036101,GM0361,2934.0,18,17,1041182.5,0.26153846153846155,65,1514.0,True,6634.113329999998,6103.384263599999,9546.3189764,15649.703239999999,0.61,0.26153846153846155,0.7384615384615385,0.26153846153846155,0.7384615384615385,0.26153846153846155,0.7384615384615385
1814GK,5333.0,436.0,2065.3999999999996,28,2282,444,100,0,0,BU03610109,WK036101,GM0361,2814.0,17,16,856017.5,0.9411764705882353,17,1796.0,True,7869.793619999999,7240.210130399999,11324.431229599999,18564.641359999998,0.61,0.9411764705882353,0.05882352941176472,0.9411764705882353,0.05882352941176472,0.9411764705882353,0.05882352941176472
1814GL,2067.0,315.0,1596.1999999999998,23,1390,365,100,0,0,BU03610109,WK036101,GM0361,1606.0,14,12,624015.0,0.9230769230769231,13,1388.0,True,6082.00086,5595.440791200001,8751.843288799999,14347.28408,0.61,0.9230769230769231,0.07692307692307687,0.9230769230769231,0.07692307692307687,0.9230769230769231,0.07692307692307687
1814GM,3167.0,627.0,2520.7999999999997,51,3658,0,0,0,0,BU03610109,WK036101,GM0361,2308.0,18,8,540067.5,0.7777777777777778,9,2192.0,True,9605.00424,8836.6039008,13821.354819199998,22657.95872,0.61,0.7777777777777778,0.2222222222222222,0.7777777777777778,0.2222222222222222,0.7777777777777778,0.2222222222222222
1814GN,3483.0,117.0,2520.7999999999997,51,3658,406,0,0,0,BU03610109,WK036101,GM0361,6733.0,65,7,671167.5,1.0,65,2192.0,True,9605.00424,8836.6039008,158380.50866535385,167217.11256615384,0.9471549067844113,1.0,0.0,1.0,0.0,1.0,0.0
1814GP,3789.0,425.0,2520.7999999999997,51,3658,302,90,0,0,BU03610109,WK036101,GM0361,1790.0,16,12,584950.0,0.8,15,2192.0,True,9605.00424,8836.6039008,13821.354819199998,22657.95872,0.61,0.8,0.19999999999999996,0.8,0.19999999999999996,0.8,0.19999999999999996
1814GR,3196.0,392.0,919.9999999999999,41,15384,344,90,0,0,BU03610109,WK036101,GM0361,7575.0,59,24,558605.0,0.7419354838709677,31,800.0,True,3505.4759999999987,3225.037919999999,175466.15448677965,178691.19240677965,0.9819518921074833,0.7419354838709677,0.25806451612903225,0.7419354838709677,0.25806451612903225,0.7419354838709677,0.25806451612903225
1814GS,3439.0,271.0,800.4,111,10746,325,90,0,0,BU03610109,WK036101,GM0361,7656.0,69,62,1152895.0,0.9104477611940298,67,696.0,True,3049.76412,2805.7829904,4388.5323696,7194.31536,0.61,0.9104477611940298,0.08955223880597019,0.9104477611940298,0.08955223880597019,0.9104477611940298,0.08955223880597019
1814GT,2818.0,1448.0,953.3499999999999,47,2068,300,100,0,0,BU03610100,WK036101,GM0361,2948.0,26,26,607450.0,1.0,26,829.0,True,3632.549505,3341.9455446,5227.1455954,8569.09114,0.61,1.0,0.0,1.0,0.0,1.0,0.0
1814GV,2856.0,1478.0,1104.0,73,6303,380,100,0,0,BU03610100,WK036101,GM0361,5043.0,39,40,1085475.0,0.975,40,960.0,True,4206.5712,3870.0455040000006,6053.148096,9923.1936,0.61,0.975,0.025000000000000022,0.975,0.025000000000000022,0.975,0.025000000000000022
1814GW,2580.0,1046.0,932.65,64,2925,307,100,0,0,BU03610100,WK036101,GM0361,3670.0,32,32,788545.0,1.0,32,811.0,True,3553.6762949999998,3269.3821914,5113.6490686,8383.03126,0.61,1.0,0.0,1.0,0.0,1.0,0.0
1814GX,2250.0,1281.0,1032.6999999999998,24,923,307,100,0,0,BU03610100,WK036101,GM0361,1462.0,13,13,306700.0,1.0,13,898.0,True,3934.8968099999993,3620.1050651999994,5662.2156147999995,9282.320679999999,0.61,1.0,0.0,1.0,0.0,1.0,0.0
1814GZ,2388.0,706.0,1070.6499999999999,22,934,307,100,0,0,BU03610100,WK036101,GM0361,1235.0,11,11,271700.0,1.0,11,931.0,True,4079.497695,3753.1378794,5870.292580599999,9623.43046,0.61,1.0,0.0,1.0,0.0,1.0,0.0
1814HA,3189.0,179.0,1804.35,114,134272,460,50,50,30,BU03610104,WK036101,GM0361,10880.0,89,64,2974425.0,0.8076923076923077,78,1569.0,True,6875.114804999999,6325.105620599999,9893.113919399999,16218.219539999998,0.61,0.8076923076923077,0.1923076923076923,0.8076923076923077,0.1923076923076923,0.8076923076923077,0.1923076923076923
1814HB,4081.0,371.0,2028.6,27,2536,497,70,30,0,BU03610104,WK036101,GM0361,8221.0,59,15,1378552.5,0.8823529411764706,17,1764.0,True,7729.5745799999995,7111.2086136,758812.1511518237,765923.3597654237,0.9907155089044707,0.8823529411764706,0.11764705882352944,0.8823529411764706,0.11764705882352944,0.8823529411764706,0.11764705882352944
1814HC,4885.0,691.0,1846.8999999999999,21,2041,0,100,0,0,BU03610109,WK036101,GM0361,2047.0,11,10,692115.0,1.0,11,1606.0,True,7037.243069999999,6474.263624399999,10126.412335599998,16600.675959999997,0.61,1.0,0.0,1.0,0.0,1.0,0.0
1814HD,2256.0,621.0,1258.1,18,737,495,100,0,0,BU03610109,WK036101,GM0361,1564.0,11,10,366447.5,0.7692307692307693,13,1094.0,True,4793.738429999999,4410.2393556,6898.0666844,11308.30604,0.61,0.7692307692307693,0.23076923076923073,0.7692307692307693,0.23076923076923073,0.7692307692307693,0.23076923076923073
1814HE,2431.0,758.0,1442.1,39,2128,465,100,0,0,BU03610109,WK036101,GM0361,3188.0,23,23,854115.0,0.9583333333333334,24,1254.0,True,5494.83363,5055.246939600001,7906.9247004,12962.17164,0.61,0.9583333333333334,0.04166666666666663,0.9583333333333334,0.04166666666666663,0.9583333333333334,0.04166666666666663
1814HG,3152.0,326.0,1598.4999999999998,32,2320,436,100,0,0,BU03610109,WK036101,GM0361,2203.0,17,17,793565.0,0.9411764705882353,17,1390.0,True,6090.764549999998,5603.5033859999985,8764.454013999999,14367.957399999998,0.61,0.9411764705882353,0.05882352941176472,0.9411764705882353,0.05882352941176472,0.9411764705882353,0.05882352941176472
1814HH,3061.0,259.0,1488.1,19,1244,406,0,0,0,BU03610109,WK036101,GM0361,1196.0,10,10,462865.0,0.9,10,1294.0,True,5670.10743,5216.4988356,8159.1392043999995,13375.63804,0.61,0.9,0.09999999999999998,0.9,0.09999999999999998,0.9,0.09999999999999998
1814HJ,3500.0,660.0,2026.3,28,2947,505,90,0,0,BU03610109,WK036101,GM0361,2412.0,15,15,813277.5,0.9375,16,1762.0,True,7720.81089,7103.1460188,11110.048901199998,18213.194919999998,0.61,0.9375,0.0625,0.9375,0.0625,0.9375,0.0625
1814HK,2498.0,685.0,1665.1999999999998,39,2822,448,100,0,0,BU03610109,WK036101,GM0361,2978.0,22,22,1008530.0,0.9166666666666666,24,1448.0,True,6344.911559999999,5837.318635199999,9130.165044799998,14967.483679999998,0.61,0.9166666666666666,0.08333333333333337,0.9166666666666666,0.08333333333333337,0.9166666666666666,0.08333333333333337
1814HL,2297.0,333.0,1527.1999999999998,41,2613,443,100,0,0,BU03610109,WK036101,GM0361,2713.0,22,22,963247.5,1.0,22,1328.0,True,5819.09016,5353.5629472,8373.521532799998,13727.084479999998,0.6099999999999999,1.0,0.0,1.0,0.0,1.0,0.0
1814HM,2112.0,327.0,1462.8,39,2125,398,90,0,0,BU03610109,WK036101,GM0361,2613.0,22,22,880422.5,1.0,22,1272.0,True,5573.70684,5127.8102928,8020.4212271999995,13148.23152,0.61,1.0,0.0,1.0,0.0,1.0,0.0
1814HN,4369.0,702.0,1570.8999999999999,38,2741,448,100,0,0,BU03610109,WK036101,GM0361,2693.0,20,20,994135.0,1.0,20,1366.0,True,5985.60027,5506.7522484,8613.125311599999,14119.877559999999,0.61,1.0,0.0,1.0,0.0,1.0,0.0
1814HP,2448.0,223.0,1790.55,48,3370,466,100,0,0,BU03610109,WK036101,GM0361,3509.0,25,25,1253087.5,1.0,25,1557.0,True,6822.532664999999,6276.730051799999,9817.4495682,16094.179619999999,0.61,1.0,0.0,1.0,0.0,1.0,0.0
1814HR,2640.0,552.0,1500.7499999999998,43,3176,402,100,0,0,BU03610109,WK036101,GM0361,2976.0,24,24,1165932.5,1.0,24,1305.0,True,5718.307724999999,5260.843106999999,8228.498193,13489.341299999998,0.61,1.0,0.0,1.0,0.0,1.0,0.0
1814HS,4312.0,130.0,1739.9499999999998,31,2375,408,90,0,0,BU03610109,WK036101,GM0361,2205.0,17,16,832197.5,0.9411764705882353,17,1513.0,True,6629.7314849999975,6099.352966199998,9540.013613799998,15639.366579999996,0.61,0.9411764705882353,0.05882352941176472,0.9411764705882353,0.05882352941176472,0.9411764705882353,0.05882352941176472
1814HT,2225.0,825.0,1346.6499999999999,24,1642,426,100,0,0,BU03610109,WK036101,GM0361,1766.0,13,13,607137.5,1.0,13,1171.0,True,5131.140495,4720.6492554,7383.5796046,12104.22886,0.61,1.0,0.0,1.0,0.0,1.0,0.0
1814HV,2782.0,176.0,1690.4999999999998,37,2878,400,100,0,0,BU03610109,WK036101,GM0361,2467.0,20,20,922215.0,1.0,20,1470.0,True,6441.31215,5926.007178,9268.883021999998,15194.890199999998,0.61,1.0,0.0,1.0,0.0,1.0,0.0
1814HW,2366.0,317.0,1472.0,40,2622,379,100,0,0,BU03610109,WK036101,GM0361,2839.0,24,23,944425.0,1.0,24,1280.0,True,5608.761599999999,5160.060672,8070.864127999999,13230.924799999999,0.61,1.0,0.0,1.0,0.0,1.0,0.0
1814HX,2047.0,380.0,1572.05,30,2675,389,90,0,0,BU03610109,WK036101,GM0361,2256.0,17,17,863515.0,0.9444444444444444,18,1367.0,True,5989.982114999999,5510.783545799999,8619.430674199999,14130.214219999998,0.61,0.9444444444444444,0.05555555555555558,0.9444444444444444,0.05555555555555558,0.9444444444444444,0.05555555555555558
1814HZ,2631.0,135.0,1480.05,29,1942,378,100,0,0,BU03610109,WK036101,GM0361,1921.0,16,16,702030.0,1.0,16,1287.0,True,5639.434514999999,5188.2797537999995,8115.0016662,13303.28142,0.61,1.0,0.0,1.0,0.0,1.0,0.0
1814JA,3276.0,525.0,1215.55,44,1961,287,80,0,0,BU03610101,WK036101,GM0361,2970.0,30,22,880172.5,0.7666666666666667,30,1057.0,True,4631.610164999999,4261.0813517999995,6664.7682681999995,10925.849619999999,0.61,0.7666666666666667,0.23333333333333328,0.7666666666666667,0.23333333333333328,0.7666666666666667,0.23333333333333328
1814JB,3303.0,254.0,1113.1999999999998,40,3411,325,50,50,0,BU03610101,WK036101,GM0361,2410.0,22,22,719407.5,1.0,22,968.0,True,4241.625959999999,3902.2958831999995,6103.590996799999,10005.886879999998,0.61,1.0,0.0,1.0,0.0,1.0,0.0
1814JC,2030.0,127.0,1415.6499999999999,22,7282,202,20,80,55,BU03610101,WK036101,GM0361,4321.0,66,13,1249002.5,1.0,66,1231.0,True,5394.051195,4962.5270994,840430.2346939334,845392.7617933333,0.99412991532022,1.0,0.0,1.0,0.0,1.0,0.0
1814JD,2232.0,271.0,1330.55,48,2826,318,100,0,0,BU03610101,WK036101,GM0361,2771.0,26,26,1058305.0,0.8666666666666667,30,1157.0,True,5069.794664999999,4664.2110918,7295.3045281999985,11959.515619999998,0.61,0.8666666666666667,0.1333333333333333,0.8666666666666667,0.1333333333333333,0.8666666666666667,0.1333333333333333
1814JE,2303.0,507.0,1225.8999999999999,39,2281,330,100,0,0,BU03610101,WK036101,GM0361,2540.0,22,21,892905.0,0.9166666666666666,24,1066.0,True,4671.04677,4297.3630284,6721.516531599999,11018.87956,0.61,0.9166666666666666,0.08333333333333337,0.9166666666666666,0.08333333333333337,0.9166666666666666,0.08333333333333337
1814JG,2102.0,357.0,1235.1,31,1649,342,100,0,0,BU03610101,WK036101,GM0361,1924.0,17,18,639015.0,0.9444444444444444,18,1074.0,True,4706.10153,4329.6134076,6771.959432399999,11101.572839999999,0.61,0.9444444444444444,0.05555555555555558,0.9444444444444444,0.05555555555555558,0.9444444444444444,0.05555555555555558
1814JH,2399.0,359.0,1229.35,52,3067,313,70,30,0,BU03610101,WK036101,GM0361,2817.0,28,28,991670.0,1.0,28,1069.0,True,4684.192305,4309.4569206,6740.432619399999,11049.889539999998,0.61,1.0,0.0,1.0,0.0,1.0,0.0
1814JJ,2408.0,558.0,1087.8999999999999,34,1367,312,80,0,0,BU03610101,WK036101,GM0361,2214.0,22,17,768495.0,1.0,22,946.0,True,4145.225369999998,3813.607340399999,5964.873019599999,9778.480359999998,0.61,1.0,0.0,1.0,0.0,1.0,0.0
1814JK,2325.0,807.0,1258.1,30,1507,339,100,0,0,BU03610101,WK036101,GM0361,1798.0,16,16,620172.5,1.0,16,1094.0,True,4793.738429999999,4410.2393556,6898.0666844,11308.30604,0.61,1.0,0.0,1.0,0.0,1.0,0.0
1814JL,2774.0,431.0,1426.0,40,2030,384,100,0,0,BU03610101,WK036101,GM0361,2573.0,21,21,911560.0,1.0,21,1240.0,True,5433.4878,4998.808776,7818.649624,12817.4584,0.61,1.0,0.0,1.0,0.0,1.0,0.0
1814JM,4316.0,183.0,1150.0,18,2276,322,0,0,0,BU03610101,WK036101,GM0361,1253.0,11,10,461345.0,0.5833333333333334,12,1000.0,True,4381.845,4031.2974000000004,6305.3625999999995,10336.66,0.61,0.5833333333333334,0.41666666666666663,0.5833333333333334,0.41666666666666663,0.5833333333333334,0.41666666666666663
1814JN,4569.0,304.0,1317.8999999999999,36,2319,394,0,0,0,BU03610101,WK036101,GM0361,1224.0,9,9,372897.5,1.0,9,1146.0,True,5021.594369999999,4619.8668204,7225.9455395999985,11845.812359999998,0.61,1.0,0.0,1.0,0.0,1.0,0.0
1814JP,4658.0,383.0,1317.8999999999999,36,2319,225,30,70,0,BU03610101,WK036101,GM0361,2867.0,32,10,709900.0,0.7941176470588235,34,1146.0,True,5021.594369999999,4619.8668204,7225.9455395999985,11845.812359999998,0.61,0.7941176470588235,0.20588235294117652,0.7941176470588235,0.20588235294117652,0.7941176470588235,0.20588235294117652
1814JR,3287.0,996.0,1291.4499999999998,19,989,360,90,0,0,BU03610101,WK036101,GM0361,1146.0,10,9,314792.5,1.0,10,1123.0,True,4920.811934999999,4527.146980199999,7080.9221997999975,11608.069179999997,0.61,1.0,0.0,1.0,0.0,1.0,0.0
1814JS,2184.0,682.0,1131.6,37,2929,276,90,0,0,BU03610101,WK036101,GM0361,2104.0,22,20,780622.5,0.95,20,984.0,True,4311.735479999999,3966.7966416,6204.476798399999,10171.273439999999,0.61,0.95,0.050000000000000044,0.95,0.050000000000000044,0.95,0.050000000000000044
1814JT,1520.0,883.0,714.15,121,5947,295,0,0,0,BU03610101,WK036101,GM0361,713.0,7,7,236680.0,1.0,7,621.0,True,2721.125745,2503.4356854,3915.6301746,6419.06586,0.61,1.0,0.0,1.0,0.0,1.0,0.0
1814JV,1520.0,883.0,714.15,121,5947,0,0,0,0,BU03610101,WK036101,GM0361,2938.0,23,1,367250.0,0.0,1,621.0,True,2721.125745,2503.4356854,3915.6301746,6419.06586,0.61,0.0,1.0,0.0,1.0,0.0,1.0
1814JZ,1520.0,883.0,714.15,121,5947,245,0,100,105,BU03610101,WK036101,GM0361,8506.0,106,3,812460.0,1.0,106,621.0,True,2721.125745,2503.4356854,3915.6301746,6419.06586,0.61,1.0,0.0,1.0,0.0,1.0,0.0
1814KA,1585.0,0.0,911.9499999999999,23,405,232,60,40,0,BU03610103,WK036101,GM0361,1521.0,18,12,485385.0,1.0,18,793.0,True,3474.8030849999996,3196.8188382,5000.152541799999,8196.971379999999,0.61,1.0,0.0,1.0,0.0,1.0,0.0
1814KB,1846.0,0.0,1082.1499999999999,34,606,0,70,30,0,BU03610103,WK036101,GM0361,1590.0,18,18,552100.0,1.0,18,941.0,True,4123.316145,3793.4508533999997,5933.346206599999,9726.797059999999,0.61,1.0,0.0,1.0,0.0,1.0,0.0
1814KC,1686.0,0.0,1038.4499999999998,34,608,0,70,30,0,BU03610103,WK036101,GM0361,1590.0,18,18,505887.5,1.0,18,903.0,True,3956.8060349999996,3640.2615521999996,5693.742427799998,9334.003979999998,0.61,1.0,0.0,1.0,0.0,1.0,0.0
1814KD,1664.0,0.0,962.55,34,368,265,90,0,0,BU03610101,WK036101,GM0361,1410.0,20,20,530362.5,0.8333333333333334,24,837.0,True,3667.604265,3374.1959238,5277.5884962,8651.78442,0.61,0.8333333333333334,0.16666666666666663,0.8333333333333334,0.16666666666666663,0.8333333333333334,0.16666666666666663
1814KE,1289.0,0.0,865.9499999999999,32,833,204,70,30,0,BU03610101,WK036101,GM0361,1278.0,18,18,428300.0,0.6206896551724138,29,753.0,True,3299.529285,3035.5669422,4747.938037799999,7783.504979999999,0.6099999999999999,0.6206896551724138,0.3793103448275862,0.6206896551724138,0.3793103448275862,0.6206896551724138,0.3793103448275862
1814KG,5806.0,0.0,867.0999999999999,24,788,196,60,40,0,BU03610101,WK036101,GM0361,820.0,12,13,286150.0,0.631578947368421,19,754.0,True,3303.91113,3039.5982396,4754.2434004,7793.84164,0.61,0.631578947368421,0.368421052631579,0.631578947368421,0.368421052631579,0.631578947368421,0.368421052631579
1814KH,2509.0,8.0,1173.0,39,2915,227,90,0,0,BU03610101,WK036101,GM0361,2288.0,26,20,842520.0,0.7037037037037037,27,1020.0,True,4469.4819,4111.923348,6431.469852,10543.3932,0.61,0.7037037037037037,0.2962962962962963,0.7037037037037037,0.2962962962962963,0.7037037037037037,0.2962962962962963
1814KJ,1217.0,0.0,808.4499999999999,23,921,232,80,0,0,BU03610101,WK036101,GM0361,856.0,12,12,287935.0,0.75,16,703.0,True,3080.437035,2834.0020722,4432.669907799999,7266.671979999999,0.61,0.75,0.25,0.75,0.25,0.75,0.25
1814KK,2301.0,194.0,1288.0,46,2018,222,70,40,5,BU03610101,WK036101,GM0361,1652.0,20,7,437242.5,0.9523809523809523,21,1120.0,True,4907.6664,4515.053088000001,7062.006112000001,11577.059200000002,0.61,0.9523809523809523,0.04761904761904767,0.9523809523809523,0.04761904761904767,0.9523809523809523,0.04761904761904767
1814KL,2301.0,194.0,1288.0,46,2018,172,0,0,0,BU03610101,WK036101,GM0361,1206.0,18,18,285420.0,1.0,18,1120.0,True,4907.6664,4515.053088000001,7062.006112000001,11577.059200000002,0.61,1.0,0.0,1.0,0.0,1.0,0.0
1814KM,1511.0,0.0,872.8499999999999,28,305,147,0,0,0,BU03610103,WK036101,GM0361,896.0,14,14,193205.0,1.0,14,759.0,True,3325.820355,3059.7547266,4785.770213399999,7845.524939999999,0.61,1.0,0.0,1.0,0.0,1.0,0.0
1814KN,1603.0,0.0,1016.5999999999999,27,304,149,0,0,0,BU03610103,WK036101,GM0361,920.0,14,14,198215.0,1.0,14,884.0,True,3873.5509799999995,3563.6669015999996,5573.9405384,9137.60744,0.61,1.0,0.0,1.0,0.0,1.0,0.0
1814KP,1604.0,0.0,917.6999999999999,26,305,147,0,0,0,BU03610103,WK036101,GM0361,896.0,14,14,193205.0,1.0,14,798.0,True,3496.71231,3216.9753252,5031.6793548,8248.65468,0.61,1.0,0.0,1.0,0.0,1.0,0.0
1814KR,3014.0,642.0,1143.1,40,1575,318,90,0,0,BU03610103,WK036101,GM0361,2306.0,24,23,809910.0,0.88,25,994.0,True,4355.553929999999,4007.1096155999994,6267.530424399999,10274.640039999998,0.61,0.88,0.12,0.88,0.12,0.88,0.12
1814KS,1543.0,504.0,1168.3999999999999,26,708,306,100,0,0,BU03610103,WK036101,GM0361,1537.0,14,14,521780.0,0.5384615384615384,26,1016.0,True,4451.954519999999,4095.7981584,6406.248401599999,10502.046559999999,0.61,0.5384615384615384,0.46153846153846156,0.5384615384615384,0.46153846153846156,0.5384615384615384,0.46153846153846156
1814KT,1844.0,406.0,823.4,52,1414,255,0,0,0,BU03610101,WK036101,GM0361,2888.0,30,27,516587.5,0.9629629629629629,27,716.0,True,3137.40102,2886.4089384,4514.6396216,7401.04856,0.61,0.9629629629629629,0.03703703703703709,0.9629629629629629,0.03703703703703709,0.9629629629629629,0.03703703703703709
1814KV,2364.0,0.0,694.5999999999999,120,54324,334,50,50,25,BU03610102,WK036101,GM0361,6057.0,62,62,1075072.5,1.0,62,604.0,True,2646.6343799999995,2434.9036295999995,3808.4390103999995,6243.342639999999,0.61,1.0,0.0,1.0,0.0,1.0,0.0
1814LA,1875.0,333.0,1007.4,30,889,216,50,50,10,BU03610101,WK036101,GM0361,1476.0,16,16,471490.0,0.7272727272727273,22,876.0,True,3838.4962199999995,3531.4165224,5523.497637599999,9054.914159999998,0.61,0.7272727272727273,0.2727272727272727,0.7272727272727273,0.2727272727272727,0.7272727272727273,0.2727272727272727
1814LB,1219.0,0.0,808.4499999999999,46,755,154,0,0,0,BU03610101,WK036101,GM0361,1450.0,24,24,332540.0,0.9230769230769231,26,703.0,True,3080.437035,2834.0020722,4432.669907799999,7266.671979999999,0.61,0.9230769230769231,0.07692307692307687,0.9230769230769231,0.07692307692307687,0.9230769230769231,0.07692307692307687
1814LC,1275.0,0.0,703.8,42,582,162,0,0,0,BU03610101,WK036101,GM0361,1398.0,24,24,325660.0,1.0,24,612.0,True,2681.6891399999995,2467.1540087999997,3858.8819111999996,6326.035919999999,0.61,1.0,0.0,1.0,0.0,1.0,0.0
1814LD,971.0,0.0,833.7499999999999,31,425,0,0,0,0,BU03610101,WK036101,GM0361,1060.0,18,18,247750.0,1.0,18,725.0,True,3176.837624999999,2922.6906149999995,4571.387884999999,7494.078499999999,0.61,1.0,0.0,1.0,0.0,1.0,0.0
1814LE,1288.0,0.0,754.4,48,660,162,0,0,0,BU03610101,WK036101,GM0361,1610.0,24,25,407805.0,0.6486486486486487,37,656.0,True,2874.4903200000003,2644.5310944000003,4136.317865599999,6780.848959999999,0.6099999999999999,0.6486486486486487,0.3513513513513513,0.6486486486486487,0.3513513513513513,0.6486486486486487,0.3513513513513513
1814LG,2181.0,606.0,1315.6,31,1253,274,100,0,0,BU03610101,WK036101,GM0361,1618.0,16,16,563535.0,0.9411764705882353,17,1144.0,True,5012.83068,4611.8042256,7213.334814399998,11825.139039999998,0.61,0.9411764705882353,0.05882352941176472,0.9411764705882353,0.05882352941176472,0.9411764705882353,0.05882352941176472
1814LH,2438.0,118.0,1416.8,24,1246,0,100,0,0,BU03610101,WK036101,GM0361,1180.0,12,12,444932.5,1.0,12,1232.0,True,5398.43304,4966.5583968,7768.2067232,12734.76512,0.61,1.0,0.0,1.0,0.0,1.0,0.0
1814LJ,2998.0,868.0,1242.0,33,2695,305,90,0,0,BU03610101,WK036101,GM0361,2147.0,17,18,703585.0,0.9444444444444444,18,1080.0,True,4732.3926,4353.801192,6809.791608,11163.5928,0.61,0.9444444444444444,0.05555555555555558,0.9444444444444444,0.05555555555555558,0.9444444444444444,0.05555555555555558
1814LK,4035.0,193.0,1954.9999999999998,26,2049,0,80,0,0,BU03610109,WK036101,GM0361,2087.0,17,13,782277.5,0.9230769230769231,13,1700.0,True,7449.1365,6853.20558,10719.11642,17572.322,0.61,0.9230769230769231,0.07692307692307687,0.9230769230769231,0.07692307692307687,0.9230769230769231,0.07692307692307687
1814LL,2438.0,468.0,1355.85,32,1445,286,100,0,0,BU03610100,WK036101,GM0361,2010.0,17,17,707325.0,0.9444444444444444,18,1179.0,True,5166.195254999999,4752.899634599999,7434.022505399999,12186.922139999999,0.61,0.9444444444444444,0.05555555555555558,0.9444444444444444,0.05555555555555558,0.9444444444444444,0.05555555555555558
1814LM,2358.0,433.0,1256.9499999999998,39,1622,270,90,0,0,BU03610100,WK036101,GM0361,2244.0,21,20,717290.0,1.0,21,1093.0,True,4789.3565849999995,4406.2080582,6891.761321799999,11297.969379999999,0.61,1.0,0.0,1.0,0.0,1.0,0.0
1814LN,2568.0,490.0,1369.6499999999999,22,1405,343,100,0,0,BU03610109,WK036101,GM0361,1468.0,13,13,508910.0,0.9230769230769231,13,1191.0,True,5218.777394999999,4801.2752034,7509.6868565999985,12310.962059999998,0.61,0.9230769230769231,0.07692307692307687,0.9230769230769231,0.07692307692307687,0.9230769230769231,0.07692307692307687
1814LP,5245.0,1433.0,3778.8999999999996,30,9657,383,90,0,0,BU03610109,WK036101,GM0361,9286.0,71,13,3208142.5,0.6111111111111112,18,3286.0,True,14398.74267,13246.8432564,1873308.7524895156,1886555.5957459155,0.9929782916091787,0.6111111111111112,0.38888888888888884,0.6111111111111112,0.38888888888888884,0.6111111111111112,0.38888888888888884
1814LR,2879.0,0.0,1145.3999999999999,24,1368,286,0,80,10,BU03610100,WK036101,GM0361,1416.0,12,12,357650.0,0.631578947368421,19,996.0,True,4364.31762,4015.1722104,6280.1411496,10295.31336,0.61,0.631578947368421,0.368421052631579,0.631578947368421,0.368421052631579,0.631578947368421,0.368421052631579
1814LS,6311.0,881.0,1087.8999999999999,32,3318,289,0,70,10,BU03610100,WK036101,GM0361,3354.0,28,17,967720.0,0.7368421052631579,19,946.0,True,4145.225369999998,3813.607340399999,5964.873019599999,9778.480359999998,0.61,0.7368421052631579,0.26315789473684215,0.7368421052631579,0.26315789473684215,0.7368421052631579,0.26315789473684215
1814LT,3717.0,1179.0,913.0999999999999,57,1987,428,100,0,0,BU03610109,WK036101,GM0361,5328.0,39,29,615607.5,0.8444444444444444,45,794.0,True,3479.1849299999994,3200.8501355999997,5006.4579044,8207.30804,0.61,0.8444444444444444,0.15555555555555556,0.8444444444444444,0.15555555555555556,0.8444444444444444,0.15555555555555556
1814LV,2247.0,1785.0,0.0,0,0,0,0,0,0,BU03610100,WK036101,GM0361,4295.0,41,0,554897.5,1.0,41,0.0,True,0.0,0.0,554897.5,554897.5,1.0,1.0,0.0,1.0,0.0,1.0,0.0
1814MA,1774.0,0.0,1064.8999999999999,60,1750,149,0,90,0,BU03610100,WK036101,GM0361,2144.0,32,32,532150.0,0.8,40,926.0,True,4057.5884699999997,3732.9813924,5838.765767599999,9571.747159999999,0.61,0.8,0.19999999999999996,0.8,0.19999999999999996,0.8,0.19999999999999996
1814MB,3677.0,0.0,1329.3999999999999,20,2286,195,0,0,0,BU03610100,WK036101,GM0361,3460.0,34,1,676550.0,0.6333333333333333,30,1156.0,True,5065.412819999999,4660.179794399999,285868.41093030584,290528.59072470583,0.9839596516722314,0.6333333333333333,0.3666666666666667,0.6333333333333333,0.3666666666666667,0.6333333333333333,0.3666666666666667
1814MC,2007.0,0.0,0.0,0,0,151,0,0,0,BU03610100,WK036101,GM0361,1536.0,24,0,203520.0,1.0,24,0.0,True,0.0,0.0,203520.0,203520.0,1.0,1.0,0.0,1.0,0.0,1.0,0.0
1814MD,3982.0,113.0,1039.6,27,1790,49,0,100,15,BU03610100,WK036101,GM0361,11274.0,141,16,1282940.0,0.9928571428571429,140,904.0,True,3961.1878799999995,3644.2928495999995,1042970.6860882724,1046614.9789378723,0.9965180195937017,0.9928571428571429,0.0071428571428571175,0.9928571428571429,0.0071428571428571175,0.9928571428571429,0.0071428571428571175
1814ME,3140.0,0.0,0.0,0,0,152,0,0,0,BU03610100,WK036101,GM0361,1569.0,19,0,261070.0,0.6333333333333333,30,0.0,True,0.0,0.0,261070.0,261070.0,1.0,0.6333333333333333,0.3666666666666667,0.6333333333333333,0.3666666666666667,0.6333333333333333,0.3666666666666667
1814MG,1955.0,0.0,0.0,0,0,152,0,0,0,BU03610100,WK036101,GM0361,1680.0,24,0,222600.0,1.0,24,0.0,True,0.0,0.0,222600.0,222600.0,1.0,1.0,0.0,1.0,0.0,1.0,0.0
1814MH,3512.0,0.0,983.2499999999999,31,5241,280,90,0,0,BU03610102,WK036101,GM0361,2032.0,22,19,374840.0,0.9473684210526315,19,855.0,True,3746.477475,3446.759277,5391.085022999999,8837.844299999999,0.61,0.9473684210526315,0.052631578947368474,0.9473684210526315,0.052631578947368474,0.9473684210526315,0.052631578947368474
1814MJ,1619.0,0.0,685.4,21,649,335,90,0,0,BU03610102,WK036101,GM0361,1316.0,13,13,252340.0,1.0,13,596.0,True,2611.5796199999995,2402.6532503999997,3757.9961095999997,6160.649359999999,0.61,1.0,0.0,1.0,0.0,1.0,0.0
1814NA,3234.0,0.0,1309.85,60,3420,149,0,90,0,BU03610100,WK036101,GM0361,2144.0,32,32,568545.0,0.8,40,1139.0,True,4990.921455,4591.6477386,7181.8080014,11773.45574,0.61,0.8,0.19999999999999996,0.8,0.19999999999999996,0.8,0.19999999999999996
1814NB,5112.0,353.0,1023.4999999999999,32,1655,285,0,0,0,BU03610100,WK036101,GM0361,1943.0,16,16,343190.0,0.6153846153846154,26,890.0,True,3899.8420499999993,3587.8546859999997,5611.772714,9199.6274,0.61,0.6153846153846154,0.3846153846153846,0.6153846153846154,0.3846153846153846,0.6153846153846154,0.3846153846153846
1814NC,2518.0,1418.0,1245.4499999999998,40,2543,362,50,50,15,BU03610100,WK036101,GM0361,3053.0,24,23,641982.5,1.0,24,1083.0,True,4745.538134999999,4365.8950841999995,6828.7076958,11194.60278,0.61,1.0,0.0,1.0,0.0,1.0,0.0
1814NE,2636.0,386.0,1016.5999999999999,32,17084,0,0,0,0,BU03610100,WK036101,GM0361,1800.0,13,2,639000.0,0.0,2,884.0,True,3873.5509799999995,3563.6669015999996,5573.9405384,9137.60744,0.61,0.0,1.0,0.0,1.0,0.0,1.0
1814NG,2636.0,386.0,1016.5999999999999,32,17084,127,0,0,0,BU03610100,WK036101,GM0361,872.0,16,16,215370.0,0.5714285714285714,28,884.0,True,3873.5509799999995,3563.6669015999996,5573.9405384,9137.60744,0.61,0.5714285714285714,0.4285714285714286,0.5714285714285714,0.4285714285714286,0.5714285714285714,0.4285714285714286
1814NH,2205.0,0.0,1152.3,31,13895,157,0,0,0,BU03610100,WK036101,GM0361,1252.0,16,16,273820.0,0.7619047619047619,21,1002.0,True,4390.60869,4039.3599948,6317.9733252,10357.33332,0.61,0.7619047619047619,0.23809523809523814,0.7619047619047619,0.23809523809523814,0.7619047619047619,0.23809523809523814
1814NJ,1900.0,0.0,911.9499999999999,29,13895,157,0,0,0,BU03610100,WK036101,GM0361,1152.0,16,16,221400.0,1.0,16,793.0,True,3474.8030849999996,3196.8188382,5000.152541799999,8196.971379999999,0.61,1.0,0.0,1.0,0.0,1.0,0.0
1814NK,1509.0,0.0,1052.25,30,13895,158,0,0,0,BU03610100,WK036101,GM0361,1152.0,16,16,353520.0,1.0,16,915.0,True,4009.3881750000005,3688.6371210000007,5769.406779,9458.0439,0.61,1.0,0.0,1.0,0.0,1.0,0.0
1814NL,3610.0,0.0,0.0,0,0,127,0,0,0,BU03610100,WK036101,GM0361,664.0,10,0,151170.0,0.4166666666666667,24,0.0,True,0.0,0.0,151170.0,151170.0,1.0,0.4166666666666667,0.5833333333333333,0.4166666666666667,0.5833333333333333,0.4166666666666667,0.5833333333333333
1814NM,3365.0,0.0,0.0,0,0,156,0,0,0,BU03610100,WK036101,GM0361,1108.0,14,0,169060.0,0.7368421052631579,19,0.0,True,0.0,0.0,169060.0,169060.0,1.0,0.7368421052631579,0.26315789473684215,0.7368421052631579,0.26315789473684215,0.7368421052631579,0.26315789473684215
1814NN,1952.0,0.0,0.0,0,0,156,0,0,0,BU03610100,WK036101,GM0361,1008.0,14,0,133560.0,1.0,14,0.0,True,0.0,0.0,133560.0,133560.0,1.0,1.0,0.0,1.0,0.0,1.0,0.0
1814NP,1581.0,0.0,0.0,0,0,156,0,0,0,BU03610100,WK036101,GM0361,1008.0,14,0,133560.0,1.0,14,0.0,True,0.0,0.0,133560.0,133560.0,1.0,1.0,0.0,1.0,0.0,1.0,0.0
1814NR,1657.0,0.0,0.0,0,0,156,0,0,0,BU03610100,WK036101,GM0361,1152.0,16,0,152640.0,1.0,16,0.0,True,0.0,0.0,152640.0,152640.0,1.0,1.0,0.0,1.0,0.0,1.0,0.0
1814NS,4051.0,0.0,0.0,0,0,0,0,0,0,BU03610100,WK036101,GM0361,507.0,7,0,89427.5,0.5833333333333334,12,0.0,True,0.0,0.0,89427.5,89427.5,1.0,0.5833333333333334,0.41666666666666663,0.5833333333333334,0.41666666666666663,0.5833333333333334,0.41666666666666663
1814NT,4051.0,0.0,0.0,0,0,156,0,0,0,BU03610100,WK036101,GM0361,1308.0,14,0,240060.0,0.4827586206896552,29,0.0,True,0.0,0.0,240060.0,240060.0,1.0,0.4827586206896552,0.5172413793103448,0.4827586206896552,0.5172413793103448,0.4827586206896552,0.5172413793103448
1814NV,1765.0,0.0,0.0,0,0,156,0,0,0,BU03610100,WK036101,GM0361,1008.0,14,0,133560.0,1.0,14,0.0,True,0.0,0.0,133560.0,133560.0,1.0,1.0,0.0,1.0,0.0,1.0,0.0
1814NW,1764.0,0.0,0.0,0,0,156,0,0,0,BU03610100,WK036101,GM0361,1008.0,14,0,133560.0,1.0,14,0.0,True,0.0,0.0,133560.0,133560.0,1.0,1.0,0.0,1.0,0.0,1.0,0.0
1814NX,1997.0,0.0,0.0,0,0,156,0,0,0,BU03610100,WK036101,GM0361,1152.0,16,0,152640.0,1.0,16,0.0,True,0.0,0.0,152640.0,152640.0,1.0,1.0,0.0,1.0,0.0,1.0,0.0
1814NZ,2443.0,451.0,1382.3,59,2300,283,0,0,0,BU03610100,WK036101,GM0361,868.0,8,8,143900.0,1.0,8,1202.0,True,5266.97769,4845.6194748,7579.045845199998,12424.665319999998,0.61,1.0,0.0,1.0,0.0,1.0,0.0
1814RA,2443.0,451.0,1382.3,59,2300,261,0,0,0,BU03610102,WK036101,GM0361,2778.0,25,23,673040.0,0.5365853658536586,41,1202.0,True,5266.97769,4845.6194748,7579.045845199998,12424.665319999998,0.61,0.5365853658536586,0.46341463414634143,0.5365853658536586,0.46341463414634143,0.5365853658536586,0.46341463414634143
1814RB,2123.0,865.0,1345.5,42,2359,340,0,0,0,BU03610102,WK036101,GM0361,694.0,8,8,234230.0,1.0,8,1170.0,True,5126.75865,4716.617958,7377.274242,12093.8922,0.61,1.0,0.0,1.0,0.0,1.0,0.0
1814RC,2123.0,865.0,1345.5,42,2359,0,100,0,0,BU03610102,WK036101,GM0361,1629.0,14,14,592707.5,1.0,14,1170.0,True,5126.75865,4716.617958,7377.274242,12093.8922,0.61,1.0,0.0,1.0,0.0,1.0,0.0
1814RD,2230.0,272.0,1247.75,31,1822,394,100,0,0,BU03610102,WK036101,GM0361,2045.0,17,17,783800.0,1.0,17,1085.0,True,4754.301825,4373.957679,6841.318421000001,11215.276100000001,0.61,1.0,0.0,1.0,0.0,1.0,0.0
1814RE,1959.0,0.0,1160.35,23,534,225,0,0,0,BU03610102,WK036101,GM0361,991.0,12,12,242620.0,1.0,12,1009.0,True,4421.281605,4067.5790766,6362.1108634,10429.68994,0.61,1.0,0.0,1.0,0.0,1.0,0.0
1814RG,1300.0,1258.0,619.8499999999999,100,6076,167,0,100,0,BU03610102,WK036101,GM0361,3055.0,55,55,404830.0,1.0,55,539.0,True,2361.8144549999997,2172.8692985999996,3398.590441399999,5571.459739999998,0.61,1.0,0.0,1.0,0.0,1.0,0.0
1814RH,1475.0,0.0,876.3,44,563,0,0,0,0,BU03610102,WK036101,GM0361,1368.0,24,24,374062.5,1.0,24,762.0,True,3338.9658899999995,3071.8486187999997,4804.686301199999,7876.534919999999,0.61,1.0,0.0,1.0,0.0,1.0,0.0
1814RJ,1767.0,0.0,926.9,29,495,160,0,0,0,BU03610102,WK036101,GM0361,1224.0,18,18,316880.0,1.0,18,806.0,True,3531.767070000001,3249.2257044000007,5082.1222556,8331.347960000001,0.61,1.0,0.0,1.0,0.0,1.0,0.0
1814RK,1339.0,0.0,909.65,35,406,0,0,0,0,BU03610102,WK036101,GM0361,936.0,18,18,265200.0,1.0,18,791.0,True,3466.039395,3188.7562434,4987.541816599999,8176.298059999999,0.61,1.0,0.0,1.0,0.0,1.0,0.0
1814RL,1320.0,99.0,1197.1499999999999,17,546,148,0,0,0,BU03610102,WK036101,GM0361,564.0,10,10,205160.0,1.0,10,1041.0,True,4561.500645,4196.5805934,6563.8824666,10760.46306,0.61,1.0,0.0,1.0,0.0,1.0,0.0
1814RM,1698.0,0.0,1003.9499999999999,22,416,150,0,0,0,BU03610102,WK036101,GM0361,654.0,11,11,186580.0,1.0,11,873.0,True,3825.3506850000003,3519.3226302000003,5504.581549799999,9023.90418,0.61,1.0,0.0,1.0,0.0,1.0,0.0
1814RN,1226.0,0.0,714.15,22,273,134,0,0,0,BU03610102,WK036101,GM0361,636.0,12,12,171182.5,1.0,12,621.0,True,2721.125745,2503.4356854,3915.6301746,6419.06586,0.61,1.0,0.0,1.0,0.0,1.0,0.0
1814RP,1590.0,0.0,760.15,30,410,140,0,0,0,BU03610102,WK036101,GM0361,1032.0,18,18,255767.5,1.0,18,661.0,True,2896.399545,2664.6875814000005,4167.8446785999995,6832.53226,0.6099999999999999,1.0,0.0,1.0,0.0,1.0,0.0
1814RR,1287.0,0.0,763.5999999999999,28,743,132,0,0,0,BU03610102,WK036101,GM0361,909.0,18,18,276632.5,1.0,18,664.0,True,2909.54508,2676.7814736,4186.760766399999,6863.542239999999,0.6099999999999999,1.0,0.0,1.0,0.0,1.0,0.0
1814RS,2456.0,0.0,765.9,25,578,157,0,0,0,BU03610102,WK036101,GM0361,791.0,13,13,217000.0,1.0,13,666.0,True,2918.3087700000005,2684.8440684000007,4199.3714916,6884.215560000001,0.61,1.0,0.0,1.0,0.0,1.0,0.0
1814RT,1341.0,0.0,768.1999999999999,30,773,0,0,0,0,BU03610102,WK036101,GM0361,1080.0,18,18,309625.0,1.0,18,668.0,True,2927.0724599999994,2692.9066631999995,4211.9822168,6904.8888799999995,0.6100000000000001,1.0,0.0,1.0,0.0,1.0,0.0
1814RV,2544.0,0.0,998.1999999999999,32,660,136,0,0,0,BU03610102,WK036101,GM0361,1144.0,18,18,323400.0,0.9473684210526315,19,868.0,True,3803.44146,3499.1661432,5473.054736799999,8972.220879999999,0.61,0.9473684210526315,0.052631578947368474,0.9473684210526315,0.052631578947368474,0.9473684210526315,0.052631578947368474
1814RW,1352.0,0.0,740.5999999999999,42,1064,137,0,0,0,BU03610102,WK036101,GM0361,1308.0,24,24,365227.5,1.0,24,644.0,True,2821.9081799999994,2596.1555255999997,4060.6535143999995,6656.809039999999,0.61,1.0,0.0,1.0,0.0,1.0,0.0
1814RX,1402.0,0.0,722.1999999999999,33,568,140,0,0,0,BU03610102,WK036101,GM0361,1009.0,18,18,288502.5,1.0,18,628.0,True,2751.7986599999995,2531.6547671999997,3959.7677127999996,6491.422479999999,0.61,1.0,0.0,1.0,0.0,1.0,0.0
1814RZ,3089.0,186.0,1485.8,29,1064,316,100,0,0,BU03610102,WK036101,GM0361,1323.0,15,15,481660.0,1.0,15,1292.0,True,5661.343739999999,5208.4362408,8146.5284792,13354.96472,0.61,1.0,0.0,1.0,0.0,1.0,0.0
1814SB,1663.0,16.0,999.3499999999999,21,381,173,0,0,0,BU03610102,WK036101,GM0361,766.0,11,11,223050.0,1.0,11,869.0,True,3807.823305,3503.1974406,5479.3600994,8982.55754,0.61,1.0,0.0,1.0,0.0,1.0,0.0
1814SC,1463.0,0.0,1085.6,30,446,151,0,0,0,BU03610102,WK036101,GM0361,900.0,15,15,283650.0,1.0,15,944.0,True,4136.461679999999,3805.5447455999993,5952.262294399999,9757.807039999998,0.61,1.0,0.0,1.0,0.0,1.0,0.0
1814SE,1423.0,0.0,914.2499999999999,32,552,0,0,0,0,BU03610102,WK036101,GM0361,1040.0,20,20,349830.0,1.0,20,795.0,True,3483.5667749999993,3204.8814329999996,5012.763266999999,8217.644699999999,0.61,1.0,0.0,1.0,0.0,1.0,0.0
1814SG,1497.0,0.0,1031.55,35,656,155,0,0,0,BU03610102,WK036101,GM0361,1263.0,20,20,382695.0,1.0,20,897.0,True,3930.5149650000003,3616.0737678000005,5655.910252199999,9271.98402,0.61,1.0,0.0,1.0,0.0,1.0,0.0
1814TA,1884.0,1.0,1244.3,37,1388,0,0,0,0,BU03610103,WK036101,GM0361,1456.0,21,21,531512.5,0.9545454545454546,22,1082.0,True,4741.156290000001,4361.8637868000005,6822.4023332,11184.26612,0.61,0.9545454545454546,0.045454545454545414,0.9545454545454546,0.045454545454545414,0.9545454545454546,0.045454545454545414
1814TB,3100.0,0.0,1718.1,42,3390,197,0,0,0,BU03610103,WK036101,GM0361,2596.0,29,22,830515.0,0.9545454545454546,22,1494.0,True,6546.47643,6022.7583156,9420.2117244,15442.97004,0.61,0.9545454545454546,0.045454545454545414,0.9545454545454546,0.045454545454545414,0.9545454545454546,0.045454545454545414
1814TC,1698.0,11.0,1097.1,23,677,190,0,0,0,BU03610103,WK036101,GM0361,814.0,12,12,300590.0,1.0,12,954.0,True,4180.280129999999,3845.8577195999997,6015.315920399999,9861.173639999999,0.61,1.0,0.0,1.0,0.0,1.0,0.0
1814TD,1424.0,0.0,1390.35,20,631,189,0,0,0,BU03610103,WK036101,GM0361,773.0,11,11,282122.5,1.0,11,1209.0,True,5297.650605000001,4873.838556600001,7623.1833834,12497.02194,0.61,1.0,0.0,1.0,0.0,1.0,0.0
1814TE,1838.0,0.0,1275.35,18,633,195,0,0,0,BU03610103,WK036101,GM0361,696.0,10,10,243302.5,1.0,10,1109.0,True,4859.466105,4470.7088166,6992.647123399999,11463.35594,0.61,1.0,0.0,1.0,0.0,1.0,0.0
1814TG,1662.0,2.0,1242.0,36,1403,202,0,0,0,BU03610103,WK036101,GM0361,1624.0,20,20,571995.0,1.0,20,1080.0,True,4732.3926,4353.801192,6809.791608,11163.5928,0.61,1.0,0.0,1.0,0.0,1.0,0.0
1814TH,1621.0,0.0,1130.4499999999998,40,1613,182,0,0,0,BU03610103,WK036101,GM0361,1800.0,23,22,620587.5,0.9545454545454546,22,983.0,True,4307.353634999999,3962.765344199999,6198.171435799999,10160.936779999998,0.61,0.9545454545454546,0.045454545454545414,0.9545454545454546,0.045454545454545414,0.9545454545454546,0.045454545454545414
1814TJ,2248.0,0.0,1770.9999999999998,40,3254,194,0,0,0,BU03610103,WK036101,GM0361,3345.0,34,24,1234887.5,0.84,25,1540.0,True,6748.041299999999,6208.197995999999,9710.258404,15918.4564,0.6100000000000001,0.84,0.16000000000000003,0.84,0.16000000000000003,0.84,0.16000000000000003
1814TK,1452.0,0.0,1626.1,36,2288,133,0,0,0,BU03610103,WK036101,GM0361,774.0,21,14,284525.0,1.0,21,1414.0,True,6195.928829999998,5700.254523599999,8915.7827164,14616.037239999998,0.61,1.0,0.0,1.0,0.0,1.0,0.0
1814TL,1262.0,0.0,111.55,32,2288,108,0,0,0,BU03610103,WK036101,GM0361,742.0,24,13,272040.0,1.0,24,97.0,True,425.038965,391.03584780000006,611.6201722,1002.65602,0.61,1.0,0.0,1.0,0.0,1.0,0.0
1814TM,1817.0,0.0,1276.5,36,1242,0,0,0,0,BU03610103,WK036101,GM0361,1554.0,20,20,519135.0,1.0,20,1110.0,True,4863.84795,4474.740114,6998.952486,11473.6926,0.61,1.0,0.0,1.0,0.0,1.0,0.0
1814TN,1578.0,0.0,1082.1499999999999,19,656,193,0,0,0,BU03610103,WK036101,GM0361,732.0,10,10,228890.0,1.0,10,941.0,True,4123.316145,3793.4508533999997,5933.346206599999,9726.797059999999,0.61,1.0,0.0,1.0,0.0,1.0,0.0
1814TP,1478.0,0.0,1139.6499999999999,29,915,197,0,0,0,BU03610103,WK036101,GM0361,1343.0,16,16,504377.5,1.0,16,991.0,True,4342.408394999999,3995.015723399999,6248.614336599999,10243.630059999998,0.61,1.0,0.0,1.0,0.0,1.0,0.0
1814TR,1863.0,0.0,1283.3999999999999,21,700,192,0,0,0,BU03610103,WK036101,GM0361,838.0,12,12,295437.5,1.0,12,1116.0,True,4890.139019999999,4498.927898399999,7036.784661599999,11535.712559999998,0.61,1.0,0.0,1.0,0.0,1.0,0.0
1814TS,1440.0,0.0,1178.75,30,907,0,0,0,0,BU03610103,WK036101,GM0361,1104.0,16,16,378702.5,1.0,16,1025.0,True,4491.391124999999,4132.079835,6462.996665,10595.0765,0.61,1.0,0.0,1.0,0.0,1.0,0.0
1814TT,1697.0,0.0,1273.05,48,1613,207,0,0,0,BU03610103,WK036101,GM0361,2254.0,26,26,831380.0,1.0,26,1107.0,True,4850.702415,4462.6462218,6980.0363982,11442.68262,0.61,1.0,0.0,1.0,0.0,1.0,0.0
1814TV,1448.0,0.0,1127.0,20,914,199,0,0,0,BU03610103,WK036101,GM0361,903.0,12,12,293635.0,1.0,12,980.0,True,4294.208099999999,3950.6714519999996,6179.255348,10129.9268,0.61,1.0,0.0,1.0,0.0,1.0,0.0
1814TW,1593.0,0.0,873.9999999999999,23,304,149,0,0,0,BU03610103,WK036101,GM0361,920.0,14,14,198215.0,1.0,14,760.0,True,3330.202199999999,3063.786023999999,4792.075575999999,7855.861599999998,0.61,1.0,0.0,1.0,0.0,1.0,0.0
1814TX,1830.0,0.0,1196.0,44,1225,205,0,0,0,BU03610103,WK036101,GM0361,466.0,6,6,146652.5,1.0,6,1040.0,True,4557.1188,4192.549296,6557.577104000001,10750.126400000001,0.61,1.0,0.0,1.0,0.0,1.0,0.0
1814VA,1830.0,0.0,1196.0,44,1225,176,0,0,0,BU03610103,WK036101,GM0361,1153.0,16,16,442977.5,1.0,16,1040.0,True,4557.1188,4192.549296,6557.577104000001,10750.126400000001,0.61,1.0,0.0,1.0,0.0,1.0,0.0
1814VB,7754.0,0.0,1191.3999999999999,57,2608,0,0,0,0,BU03610103,WK036101,GM0361,726.0,9,8,252210.0,0.3333333333333333,9,1036.0,True,4539.591419999999,4176.424106399999,6532.355653599999,10708.779759999998,0.61,0.3333333333333333,0.6666666666666667,0.3333333333333333,0.6666666666666667,0.3333333333333333,0.6666666666666667
1814VC,7754.0,0.0,1191.3999999999999,57,2608,0,0,0,0,BU03610103,WK036101,GM0361,1621.0,21,21,543245.0,1.0,21,1036.0,True,4539.591419999999,4176.424106399999,6532.355653599999,10708.779759999998,0.61,1.0,0.0,1.0,0.0,1.0,0.0
1814VD,1419.0,0.0,816.4999999999999,37,445,148,0,0,0,BU03610103,WK036101,GM0361,1276.0,20,20,283335.0,1.0,20,710.0,True,3111.1099499999996,2862.221154,4476.807445999999,7339.028599999999,0.61,1.0,0.0,1.0,0.0,1.0,0.0
1814VE,1598.0,0.0,1170.6999999999998,41,1255,0,0,0,0,BU03610103,WK036101,GM0361,675.0,9,9,260752.5,1.0,9,1018.0,True,4460.718209999999,4103.8607532,6418.859126799999,10522.719879999999,0.61,1.0,0.0,1.0,0.0,1.0,0.0
1814VG,1598.0,0.0,1170.6999999999998,41,1255,190,0,0,0,BU03610103,WK036101,GM0361,1028.0,13,13,375595.0,1.0,13,1018.0,True,4460.718209999999,4103.8607532,6418.859126799999,10522.719879999999,0.61,1.0,0.0,1.0,0.0,1.0,0.0
1814XA,1630.0,739.0,1044.1999999999998,25,1400,297,50,50,5,BU03610100,WK036101,GM0361,1460.0,12,12,385517.5,0.6666666666666666,18,908.0,True,3978.7152599999995,3660.4180392,5725.269240799998,9385.687279999998,0.61,0.6666666666666666,0.33333333333333337,0.6666666666666666,0.33333333333333337,0.6666666666666666,0.33333333333333337
1814XB,3411.0,220.0,2179.25,25,2251,282,0,0,0,BU03610100,WK036101,GM0361,2806.0,23,13,703232.5,0.6666666666666666,18,1895.0,True,8303.596275,7639.308573,11948.662127000001,19587.9707,0.61,0.6666666666666666,0.33333333333333337,0.6666666666666666,0.33333333333333337,0.6666666666666666,0.33333333333333337
1814XD,0.0,0.0,0.0,0,0,0,0,80,10,BU03610100,WK036101,GM0361,1916.0,16,16,386355.0,0.6666666666666666,24,0.0,True,0.0,0.0,386355.0,386355.0,1.0,0.6666666666666666,0.33333333333333337,0.6666666666666666,0.33333333333333337,0.6666666666666666,0.33333333333333337
1814XG,0.0,0.0,0.0,0,0,292,0,80,20,BU03610100,WK036101,GM0361,2942.0,24,24,590920.0,0.6,40,0.0,True,0.0,0.0,590920.0,590920.0,1.0,0.6,0.4,0.6,0.4,0.6,0.4
1814XH,5263.0,1712.0,2703.6499999999996,26,2616,652,100,0,0,BU03610100,WK036101,GM0361,3116.0,13,13,859922.5,1.0,13,2351.0,True,10301.717594999998,9477.580187399999,14823.907472599996,24301.487659999995,0.61,1.0,0.0,1.0,0.0,1.0,0.0
1814XJ,3209.0,658.0,970.5999999999999,29,1430,0,70,30,5,BU03610100,WK036101,GM0361,1775.0,16,16,376730.0,1.0,16,844.0,True,3698.2771799999996,3402.4150056,5321.726034399999,8724.141039999999,0.61,1.0,0.0,1.0,0.0,1.0,0.0
1814XK,1710.0,0.0,0.0,0,0,55,0,100,45,BU03610100,WK036101,GM0361,8756.0,155,0,2585790.0,0.9925925925925926,135,0.0,True,0.0,0.0,2585790.0,2585790.0,1.0,0.9925925925925926,0.007407407407407418,0.9925925925925926,0.007407407407407418,0.9925925925925926,0.007407407407407418
1814XL,1591.0,0.0,0.0,0,0,208,0,100,0,BU03610100,WK036101,GM0361,2082.0,31,0,149347.5,1.0,31,0.0,True,0.0,0.0,149347.5,149347.5,1.0,1.0,0.0,1.0,0.0,1.0,0.0
1814XM,1443.0,0.0,653.1999999999999,58,1172,0,0,100,0,BU03610100,WK036101,GM0361,2592.0,31,31,347137.5,1.0,31,568.0,True,2488.8879599999996,2289.7769231999996,3581.4459567999997,5871.222879999999,0.61,1.0,0.0,1.0,0.0,1.0,0.0
1814XS,1939.0,286.0,1069.5,30,1832,285,0,80,15,BU03610100,WK036101,GM0361,2052.0,16,16,424502.5,0.47058823529411764,34,930.0,True,4075.11585,3749.1065820000003,5863.987218,9613.0938,0.61,0.47058823529411764,0.5294117647058824,0.47058823529411764,0.5294117647058824,0.47058823529411764,0.5294117647058824
1814XT,3454.0,0.0,0.0,0,0,206,0,0,0,BU03610100,WK036101,GM0361,1196.0,18,0,82230.0,1.0,18,0.0,True,0.0,0.0,82230.0,82230.0,1.0,1.0,0.0,1.0,0.0,1.0,0.0
1814XW,1244.0,216.0,0.0,0,0,178,0,0,0,BU03610100,WK036101,GM0361,1534.0,26,0,337480.0,1.0,26,0.0,True,0.0,0.0,337480.0,337480.0,1.0,1.0,0.0,1.0,0.0,1.0,0.0
1814XZ,0.0,0.0,0.0,0,0,0,0,0,0,BU03610100,WK036101,GM0361,324.0,2,0,98820.0,0.0,1,0.0,True,0.0,0.0,98820.0,98820.0,1.0,0.0,1.0,0.0,1.0,0.0,1.0
1814ZH,1930.0,79.0,869.4,46,1573,283,30,70,15,BU03610102,WK036101,GM0361,2274.0,24,24,437070.0,1.0,24,756.0,True,3312.6748199999993,3047.6608343999997,4766.8541256,7814.5149599999995,0.61,1.0,0.0,1.0,0.0,1.0,0.0
1814ZJ,1770.0,0.0,625.5999999999999,24,995,276,50,50,5,BU03610102,WK036101,GM0361,1296.0,15,15,204402.5,1.0,15,544.0,True,2383.7236799999996,2193.0257856,3430.1172544,5623.14304,0.61,1.0,0.0,1.0,0.0,1.0,0.0
1814ZK,3030.0,79.0,901.5999999999999,46,1584,236,90,0,0,BU03610102,WK036101,GM0361,1806.0,25,25,643000.0,0.9615384615384616,26,784.0,True,3435.36648,3160.5371616,4943.404278399999,8103.94144,0.61,0.9615384615384616,0.038461538461538436,0.9615384615384616,0.038461538461538436,0.9615384615384616,0.038461538461538436
1814ZL,2226.0,192.0,1238.55,32,1411,0,90,0,0,BU03610102,WK036101,GM0361,1481.0,17,17,525022.5,0.68,25,1077.0,True,4719.2470650000005,4341.7072998,6790.875520199999,11132.58282,0.61,0.68,0.31999999999999995,0.68,0.31999999999999995,0.68,0.31999999999999995
1815AB,4458.0,0.0,4843.799999999999,16,14905,304,80,20,0,BU03610802,WK036108,GM0361,16450.0,156,7,2037312.5,0.8811881188118812,101,4212.0,True,18456.33114,16979.8246488,1854915.5590660716,1871895.3837148717,0.9909290739234033,0.8811881188118812,0.1188118811881188,0.8811881188118812,0.1188118811881188,0.8811881188118812,0.1188118811881188
1815AC,6891.0,0.0,1029.25,67,11738,0,0,0,0,BU03610108,WK036101,GM0361,12013.0,95,10,4882310.0,0.9,10,895.0,True,3921.7512749999996,3608.011173,1444639.9311059474,1448247.9422789474,0.9975087061630327,0.9,0.09999999999999998,0.9,0.09999999999999998,0.9,0.09999999999999998
1815AD,2011.0,101.0,1029.25,67,11738,211,40,60,0,BU03610802,WK036108,GM0361,2371.0,31,28,728435.0,0.9375,32,895.0,True,3921.7512749999996,3608.011173,5643.299527,9251.3107,0.61,0.9375,0.0625,0.9375,0.0625,0.9375,0.0625
1815AE,8179.0,189.0,2212.6,47,41660,0,0,0,0,BU03610802,WK036108,GM0361,830.0,5,1,340300.0,0.1111111111111111,9,1924.0,True,8430.66978,7756.216197600001,12131.5176424,19887.73384,0.61,0.1111111111111111,0.8888888888888888,0.1111111111111111,0.8888888888888888,0.1111111111111111,0.8888888888888888
1815AG,8179.0,189.0,2212.6,47,41660,0,0,0,0,BU03610802,WK036108,GM0361,13413.0,104,4,993197.5,0.0,5,1924.0,True,8430.66978,7756.216197600001,556480.1474500924,564236.3636476924,0.9862536045223009,0.0,1.0,0.0,1.0,0.0,1.0
1815BA,8179.0,189.0,2212.6,47,41660,311,70,30,0,BU03610802,WK036108,GM0361,2371.0,22,22,814192.5,0.8636363636363636,22,1924.0,True,8430.66978,7756.216197600001,12131.5176424,19887.73384,0.61,0.8636363636363636,0.13636363636363635,0.8636363636363636,0.13636363636363635,0.8636363636363636,0.13636363636363635
1815BB,3405.0,72.0,861.3499999999999,123,25093,354,60,40,20,BU03610802,WK036108,GM0361,9027.0,76,77,1978997.5,0.8888888888888888,81,749.0,True,3282.0019049999996,3019.4417525999997,4722.7165874,7742.15834,0.61,0.8888888888888888,0.11111111111111116,0.8888888888888888,0.11111111111111116,0.8888888888888888,0.11111111111111116
1815BC,2552.0,81.0,895.8499999999999,58,2252,244,70,30,0,BU03610802,WK036108,GM0361,4281.0,65,30,1342027.5,0.9848484848484849,66,779.0,True,3413.457254999999,3140.380674599999,149437.91592693838,152578.29660153837,0.9794179071037792,0.9848484848484849,0.015151515151515138,0.9848484848484849,0.015151515151515138,0.9848484848484849,0.015151515151515138
1815BD,1909.0,447.0,1283.3999999999999,44,2821,288,90,0,0,BU03610802,WK036108,GM0361,2485.0,23,23,953447.5,1.0,23,1116.0,True,4890.139019999999,4498.927898399999,7036.784661599999,11535.712559999998,0.61,1.0,0.0,1.0,0.0,1.0,0.0
1815BE,1509.0,302.0,948.7499999999999,30,1427,251,90,0,0,BU03610802,WK036108,GM0361,1465.0,17,17,509410.0,1.0,17,825.0,True,3615.0221249999995,3325.820355,5201.924144999999,8527.744499999999,0.61,1.0,0.0,1.0,0.0,1.0,0.0
1815BG,3722.0,95.0,1875.6499999999999,25,2214,312,80,0,0,BU03610802,WK036108,GM0361,2163.0,19,16,820020.0,1.0,19,1631.0,True,7146.789194999999,6575.0460594,10284.046400599997,16859.092459999996,0.61,1.0,0.0,1.0,0.0,1.0,0.0
1815BH,4589.0,180.0,1136.1999999999998,29,2126,213,40,60,0,BU03610802,WK036108,GM0361,1688.0,21,16,652267.5,0.95,20,988.0,True,4329.262859999999,3982.9218311999994,6229.698248799999,10212.620079999999,0.61,0.95,0.050000000000000044,0.95,0.050000000000000044,0.95,0.050000000000000044
1815BJ,3240.0,384.0,1724.9999999999998,31,2142,274,70,30,0,BU03610802,WK036108,GM0361,2305.0,22,17,888995.0,0.9130434782608695,23,1500.0,True,6572.767499999999,6046.946099999999,9458.043899999999,15504.989999999998,0.61,0.9130434782608695,0.08695652173913049,0.9130434782608695,0.08695652173913049,0.9130434782608695,0.08695652173913049
1815BK,2703.0,230.0,1766.3999999999999,35,3081,290,60,40,0,BU03610802,WK036108,GM0361,2906.0,26,20,1040220.0,0.9615384615384616,26,1536.0,True,6730.513919999999,6192.0728063999995,9685.0369536,15877.10976,0.61,0.9615384615384616,0.038461538461538436,0.9615384615384616,0.038461538461538436,0.9615384615384616,0.038461538461538436
1815BL,2798.0,588.0,1246.6,23,1838,326,70,0,0,BU03610802,WK036108,GM0361,1747.0,14,12,570050.0,1.0,14,1084.0,True,4749.91998,4369.9263816,6835.0130584,11204.93944,0.61,1.0,0.0,1.0,0.0,1.0,0.0
1815BM,2520.0,223.0,1818.1499999999999,30,2174,319,80,0,0,BU03610802,WK036108,GM0361,2024.0,17,16,722517.5,0.9411764705882353,17,1581.0,True,6927.696944999999,6373.4811893999995,9968.7782706,16342.25946,0.61,0.9411764705882353,0.05882352941176472,0.9411764705882353,0.05882352941176472,0.9411764705882353,0.05882352941176472
1815BN,1759.0,55.0,1000.4999999999999,36,1249,216,0,80,15,BU03610802,WK036108,GM0361,1700.0,21,21,505287.5,1.0,21,870.0,True,3812.20515,3507.228738,5485.665461999999,8992.894199999999,0.61,1.0,0.0,1.0,0.0,1.0,0.0
1815BP,1682.0,25.0,1159.1999999999998,33,642,204,40,60,10,BU03610802,WK036108,GM0361,1308.0,18,18,481272.5,1.0,18,1008.0,True,4416.89976,4063.5477792,6355.805500799999,10419.35328,0.61,1.0,0.0,1.0,0.0,1.0,0.0
1815BR,3039.0,156.0,1236.25,30,1747,275,50,50,0,BU03610802,WK036108,GM0361,1882.0,20,17,737750.0,1.0,20,1075.0,True,4710.483375000001,4333.644705000001,6778.264795000001,11111.909500000002,0.61,1.0,0.0,1.0,0.0,1.0,0.0
1815BS,2184.0,218.0,1330.55,25,1421,234,80,0,0,BU03610802,WK036108,GM0361,1504.0,18,16,559617.5,1.0,18,1157.0,True,5069.794664999999,4664.2110918,7295.3045281999985,11959.515619999998,0.61,1.0,0.0,1.0,0.0,1.0,0.0
1815BT,2132.0,19.0,1159.1999999999998,31,1244,259,80,0,0,BU03610802,WK036108,GM0361,1522.0,16,16,512675.0,0.9411764705882353,17,1008.0,True,4416.89976,4063.5477792,6355.805500799999,10419.35328,0.61,0.9411764705882353,0.05882352941176472,0.9411764705882353,0.05882352941176472,0.9411764705882353,0.05882352941176472
1815BV,2234.0,0.0,1328.25,29,1245,245,60,40,0,BU03610802,WK036108,GM0361,1323.0,16,16,467560.0,1.0,16,1155.0,True,5061.030974999999,4656.148496999999,7282.693802999999,11938.842299999998,0.61,1.0,0.0,1.0,0.0,1.0,0.0
1815CA,4153.0,97.0,1566.3,31,2548,326,60,40,0,BU03610802,WK036108,GM0361,2330.0,19,17,751420.0,0.9444444444444444,18,1362.0,True,5968.07289,5490.627058800001,8587.903861199999,14078.53092,0.61,0.9444444444444444,0.05555555555555558,0.9444444444444444,0.05555555555555558,0.9444444444444444,0.05555555555555558
1815CB,4555.0,21.0,3284.3999999999996,24,5600,268,0,0,0,BU03610802,WK036108,GM0361,7237.0,72,14,1887605.0,0.6545454545454545,55,2856.0,True,12514.54932,11513.3853744,1276411.4489189335,1287924.8342933336,0.9910605145053226,0.6545454545454545,0.34545454545454546,0.6545454545454545,0.34545454545454546,0.6545454545454545,0.34545454545454546
1815CC,5314.0,63.0,1435.1999999999998,39,3257,257,40,60,0,BU03610802,WK036108,GM0361,3780.0,36,26,1332607.5,0.7714285714285715,35,1248.0,True,5468.542559999998,5031.059155199999,7869.0925247999985,12900.151679999997,0.61,0.7714285714285715,0.22857142857142854,0.7714285714285715,0.22857142857142854,0.7714285714285715,0.22857142857142854
1815CD,6150.0,0.0,2000.9999999999998,39,4002,240,30,70,0,BU03610802,WK036108,GM0361,4024.0,38,24,1285272.5,0.7222222222222222,36,1740.0,True,7624.4103,7014.457476,10971.330923999998,17985.788399999998,0.61,0.7222222222222222,0.2777777777777778,0.7222222222222222,0.2777777777777778,0.7222222222222222,0.2777777777777778
1815CE,3106.0,91.0,1613.4499999999998,39,2771,247,50,50,0,BU03610802,WK036108,GM0361,3767.0,41,23,1414572.5,0.8125,32,1403.0,True,6147.728534999999,5655.910252199999,77849.96031316591,83505.87056536591,0.9322693097634049,0.8125,0.1875,0.8125,0.1875,0.8125,0.1875
1815CG,3944.0,390.0,1551.35,39,2298,195,40,70,0,BU03610802,WK036108,GM0361,2691.0,40,25,962312.5,1.0,40,1349.0,True,5911.108904999999,5438.2201926,32563.74664740002,38001.96684000002,0.8568963491943303,1.0,0.0,1.0,0.0,1.0,0.0
1815CH,1411.0,0.0,788.9,43,2642,162,20,80,0,BU03610802,WK036108,GM0361,2836.0,33,26,979567.5,0.8787878787878788,33,686.0,True,3005.9456700000005,2765.4700164000005,4325.4787436,7090.94876,0.61,0.8787878787878788,0.12121212121212122,0.8787878787878788,0.12121212121212122,0.8787878787878788,0.12121212121212122
1815CJ,2104.0,142.0,962.55,46,1905,244,80,0,0,BU03610802,WK036108,GM0361,2112.0,26,25,784570.0,1.0,26,837.0,True,3667.604265,3374.1959238,5277.5884962,8651.78442,0.61,1.0,0.0,1.0,0.0,1.0,0.0
1815CK,1640.0,370.0,1146.55,22,766,242,100,0,0,BU03610802,WK036108,GM0361,987.0,12,12,348825.0,1.0,12,997.0,True,4368.699465000001,4019.203507800001,6286.4465122,10305.650020000001,0.61,1.0,0.0,1.0,0.0,1.0,0.0
1815CL,3294.0,43.0,995.9,58,2195,0,0,0,0,BU03610802,WK036108,GM0361,731.0,8,7,280260.0,0.6666666666666666,9,866.0,True,3794.6777699999993,3491.1035483999995,5460.4440116,8951.547559999999,0.61,0.6666666666666666,0.33333333333333337,0.6666666666666666,0.33333333333333337,0.6666666666666666,0.33333333333333337
1815CM,1963.0,62.0,995.9,58,2195,251,80,20,0,BU03610802,WK036108,GM0361,2192.0,26,24,795780.0,0.9629629629629629,27,866.0,True,3794.6777699999993,3491.1035483999995,5460.4440116,8951.547559999999,0.61,0.9629629629629629,0.03703703703703709,0.9629629629629629,0.03703703703703709,0.9629629629629629,0.03703703703703709
1815CN,8652.0,42.0,2286.2,34,3767,233,0,80,0,BU03610108,WK036101,GM0361,3547.0,33,18,1030777.5,0.6129032258064516,31,1988.0,True,8711.107859999998,8014.219231199999,12535.060848799998,20549.280079999997,0.61,0.6129032258064516,0.3870967741935484,0.6129032258064516,0.3870967741935484,0.6129032258064516,0.3870967741935484
1815CP,6562.0,219.0,2229.85,36,2939,236,50,50,0,BU03610802,WK036108,GM0361,3734.0,30,20,1157030.0,0.59375,32,1939.0,True,8496.397454999998,7816.685658599999,12226.0980814,20042.78374,0.61,0.59375,0.40625,0.59375,0.40625,0.59375,0.40625
1815CR,4646.0,601.0,1724.9999999999998,35,8690,440,80,0,0,BU03610802,WK036108,GM0361,3654.0,25,19,1003582.5,0.6666666666666666,24,1500.0,True,6572.767499999999,6046.946099999999,9458.043899999999,15504.989999999998,0.61,0.6666666666666666,0.33333333333333337,0.6666666666666666,0.33333333333333337,0.6666666666666666,0.33333333333333337
1815CS,5139.0,83.0,2319.5499999999997,27,2125,452,80,0,0,BU03610802,WK036108,GM0361,2552.0,17,15,970322.5,0.8333333333333334,18,2017.0,True,8838.181364999999,8131.126855799999,12717.916364199997,20849.043219999996,0.61,0.8333333333333334,0.16666666666666663,0.8333333333333334,0.16666666666666663,0.8333333333333334,0.16666666666666663
1815DA,0.0,0.0,0.0,0,0,0,0,0,0,BU03610105,WK036101,GM0361,6370.0,49,1,2611700.0,0.0,1,0.0,True,0.0,0.0,2611700.0,2611700.0,1.0,0.0,1.0,0.0,1.0,0.0,1.0
1815DB,3942.0,520.0,2053.8999999999996,42,3594,558,100,0,0,BU03610105,WK036101,GM0361,3692.0,23,23,1390892.5,0.9565217391304348,23,1786.0,True,7825.975169999998,7199.8971563999985,11261.377603599998,18461.274759999997,0.61,0.9565217391304348,0.04347826086956519,0.9565217391304348,0.04347826086956519,0.9565217391304348,0.04347826086956519
1815DC,2841.0,336.0,1422.55,52,4472,549,0,0,0,BU03610105,WK036101,GM0361,1139.0,7,7,402550.0,1.0,7,1237.0,True,5420.342264999999,4986.714883799999,7799.733536199999,12786.448419999999,0.61,1.0,0.0,1.0,0.0,1.0,0.0
1815DD,2841.0,336.0,1422.55,52,4472,435,80,0,0,BU03610105,WK036101,GM0361,3006.0,23,23,1053340.0,1.0,23,1237.0,True,5420.342264999999,4986.714883799999,7799.733536199999,12786.448419999999,0.61,1.0,0.0,1.0,0.0,1.0,0.0
1815DE,5263.0,0.0,1413.35,27,2079,287,50,50,0,BU03610108,WK036101,GM0361,2846.0,25,13,853365.0,0.875,24,1229.0,True,5385.287504999999,4954.4645046,7749.2906354,12703.75514,0.61,0.875,0.125,0.875,0.125,0.875,0.125
1815DG,2698.0,166.0,1956.1499999999999,52,3824,342,0,0,0,BU03610108,WK036101,GM0361,1104.0,8,8,377567.5,0.7777777777777778,9,1701.0,True,7453.518344999999,6857.236877399999,10725.421782599999,17582.658659999997,0.61,0.7777777777777778,0.2222222222222222,0.7777777777777778,0.2222222222222222,0.7777777777777778,0.2222222222222222
1815DH,2897.0,45.0,1956.1499999999999,52,3824,499,90,0,0,BU03610108,WK036101,GM0361,3052.0,19,19,1166455.0,1.0,19,1701.0,True,7453.518344999999,6857.236877399999,10725.421782599999,17582.658659999997,0.61,1.0,0.0,1.0,0.0,1.0,0.0
1815DJ,1563.0,0.0,1156.8999999999999,31,758,228,80,0,0,BU03610108,WK036101,GM0361,1438.0,17,16,516727.5,1.0,17,1006.0,True,4408.13607,4055.4851843999995,6343.1947756,10398.67996,0.61,1.0,0.0,1.0,0.0,1.0,0.0
1815DK,3008.0,449.0,1949.2499999999998,34,3542,570,90,0,0,BU03610107,WK036101,GM0361,3106.0,19,18,1085542.5,1.0,19,1695.0,True,7427.227274999999,6833.049093,10687.589607,17520.6387,0.61,1.0,0.0,1.0,0.0,1.0,0.0
1815DL,3015.0,152.0,1940.05,37,3327,385,0,0,0,BU03610105,WK036101,GM0361,1263.0,9,8,468120.0,0.8,10,1687.0,True,7392.172515,6800.798713800001,10637.1467062,17437.94542,0.61,0.8,0.19999999999999996,0.8,0.19999999999999996,0.8,0.19999999999999996
1815DM,3015.0,152.0,1940.05,37,3327,644,100,0,0,BU03610105,WK036101,GM0361,2112.0,12,11,757717.5,1.0,12,1687.0,True,7392.172515,6800.798713800001,10637.1467062,17437.94542,0.61,1.0,0.0,1.0,0.0,1.0,0.0
1815DN,2574.0,162.0,1452.4499999999998,20,1356,472,100,0,0,BU03610105,WK036101,GM0361,1441.0,11,11,536122.5,1.0,11,1263.0,True,5534.270235,5091.5286162,7963.672963799999,13055.201579999999,0.61,1.0,0.0,1.0,0.0,1.0,0.0
1815DP,3405.0,290.0,2213.75,28,2094,444,90,0,0,BU03610105,WK036101,GM0361,2322.0,18,15,810882.5,0.9333333333333333,15,1925.0,True,8435.051625,7760.247495,12137.823004999998,19898.070499999998,0.61,0.9333333333333333,0.06666666666666665,0.9333333333333333,0.06666666666666665,0.9333333333333333,0.06666666666666665
1815DR,2704.0,486.0,1825.05,31,1673,458,90,0,0,BU03610105,WK036101,GM0361,2110.0,16,16,787470.0,0.9411764705882353,17,1587.0,True,6953.988015,6397.6689738000005,10006.610446199998,16404.27942,0.61,0.9411764705882353,0.05882352941176472,0.9411764705882353,0.05882352941176472,0.9411764705882353,0.05882352941176472
1815DS,2111.0,1132.0,1521.4499999999998,52,2730,448,0,0,0,BU03610107,WK036101,GM0361,1262.0,9,9,517420.0,1.0,9,1323.0,True,5797.180934999999,5333.4064602,8341.994719799997,13675.401179999997,0.6099999999999999,1.0,0.0,1.0,0.0,1.0,0.0
1815DT,3044.0,523.0,1521.4499999999998,52,2730,426,100,0,0,BU03610108,WK036101,GM0361,2197.0,17,16,777655.0,1.0,17,1323.0,True,5797.180934999999,5333.4064602,8341.994719799997,13675.401179999997,0.6099999999999999,1.0,0.0,1.0,0.0,1.0,0.0
1815EA,2189.0,627.0,1259.25,18,1025,380,90,0,0,BU03610107,WK036101,GM0361,1424.0,11,11,501677.5,1.0,11,1095.0,True,4798.120275,4414.2706530000005,6904.372047,11318.6427,0.61,1.0,0.0,1.0,0.0,1.0,0.0
1815EB,2937.0,155.0,1325.9499999999998,24,1137,364,100,0,0,BU03610107,WK036101,GM0361,1247.0,12,12,470360.0,1.0,12,1153.0,True,5052.267284999999,4648.0859021999995,7270.083077799999,11918.168979999999,0.61,1.0,0.0,1.0,0.0,1.0,0.0
1815EC,1937.0,674.0,1478.8999999999999,23,1203,376,100,0,0,BU03610107,WK036101,GM0361,1372.0,12,12,511987.5,1.0,12,1286.0,True,5635.052669999999,5184.2484564,8108.696303599999,13292.944759999998,0.61,1.0,0.0,1.0,0.0,1.0,0.0
1815ED,2652.0,218.0,1338.6,24,916,383,90,0,0,BU03610107,WK036101,GM0361,1338.0,12,12,501837.5,1.0,12,1164.0,True,5100.46758,4692.430173600001,7339.4420664,12031.87224,0.61,1.0,0.0,1.0,0.0,1.0,0.0
1815EE,2927.0,524.0,1506.4999999999998,44,1829,351,100,0,0,BU03610107,WK036101,GM0361,2972.0,24,24,1122017.5,1.0,24,1310.0,True,5740.216949999999,5280.999593999999,8260.025006,13541.024599999999,0.61,1.0,0.0,1.0,0.0,1.0,0.0
1815EG,1339.0,154.0,592.25,29,17872,272,80,0,0,BU03610107,WK036101,GM0361,968.0,15,15,128260.0,1.0,15,515.0,True,2256.6501749999998,2076.118161,3247.261739,5323.3799,0.61,1.0,0.0,1.0,0.0,1.0,0.0
1815EH,1573.0,0.0,430.09999999999997,70,17872,270,80,20,0,BU03610107,WK036101,GM0361,2392.0,37,37,322380.0,1.0,37,374.0,True,1638.8100299999999,1507.7052276,2358.2056123999996,3865.9108399999996,0.61,1.0,0.0,1.0,0.0,1.0,0.0
1815EJ,3661.0,0.0,1406.4499999999998,26,5957,0,100,0,0,BU03610107,WK036101,GM0361,2055.0,14,14,366832.5,0.9333333333333333,15,1223.0,True,5358.996434999999,4930.2767201999995,7711.458459799998,12641.735179999998,0.61,0.9333333333333333,0.06666666666666665,0.9333333333333333,0.06666666666666665,0.9333333333333333,0.06666666666666665
1815EK,2611.0,0.0,949.9,15,2553,558,100,0,0,BU03610107,WK036101,GM0361,1412.0,10,10,225935.0,1.0,10,826.0,True,3619.4039699999994,3329.8516523999997,5208.2295076,8538.08116,0.61,1.0,0.0,1.0,0.0,1.0,0.0
1815EL,2985.0,430.0,1566.3,17,1198,404,100,0,0,BU03610107,WK036101,GM0361,1248.0,10,10,491800.0,1.0,10,1362.0,True,5968.07289,5490.627058800001,8587.903861199999,14078.53092,0.61,1.0,0.0,1.0,0.0,1.0,0.0
1815EM,2361.0,0.0,1123.55,37,3968,532,100,0,0,BU03610107,WK036101,GM0361,2644.0,20,20,393985.0,1.0,20,977.0,True,4281.062565,3938.5775598,6160.3392601999985,10098.916819999999,0.61,1.0,0.0,1.0,0.0,1.0,0.0
1815GA,3238.0,29.0,1006.2499999999999,48,10899,421,90,0,0,BU03610105,WK036101,GM0361,7439.0,59,29,1322187.5,0.9354838709677419,31,875.0,True,3834.1143749999997,3527.385225,252026.726173305,255554.11139830502,0.9861971102491783,0.9354838709677419,0.06451612903225812,0.9354838709677419,0.06451612903225812,0.9354838709677419,0.06451612903225812
1815GB,4397.0,318.0,1911.3,40,12148,546,100,0,0,BU03610105,WK036101,GM0361,3376.0,22,20,1272565.0,0.9,20,1662.0,True,7282.626389999999,6700.0162788,10479.5126412,17179.52892,0.61,0.9,0.09999999999999998,0.9,0.09999999999999998,0.9,0.09999999999999998
1815GC,2644.0,392.0,1355.85,34,2036,380,70,30,0,BU03610105,WK036101,GM0361,2607.0,23,19,953325.0,0.9523809523809523,21,1179.0,True,5166.195254999999,4752.899634599999,7434.022505399999,12186.922139999999,0.61,0.9523809523809523,0.04761904761904767,0.9523809523809523,0.04761904761904767,0.9523809523809523,0.04761904761904767
1815GD,2877.0,285.0,1747.9999999999998,19,1690,0,90,0,0,BU03610105,WK036101,GM0361,1716.0,11,11,645922.5,1.0,11,1520.0,True,6660.404399999998,6127.572047999998,9584.151151999999,15711.723199999997,0.61,1.0,0.0,1.0,0.0,1.0,0.0
1815GE,5951.0,704.0,2824.3999999999996,67,30391,0,0,0,0,BU03610105,WK036101,GM0361,3698.0,28,3,1484220.0,0.42857142857142855,7,2456.0,True,10761.811319999999,9900.8664144,15485.970545599997,25386.836959999997,0.61,0.42857142857142855,0.5714285714285714,0.42857142857142855,0.5714285714285714,0.42857142857142855,0.5714285714285714
1815GG,5951.0,704.0,2824.3999999999996,67,30391,937,0,0,0,BU03610105,WK036101,GM0361,2051.0,9,8,751255.0,1.0,9,2456.0,True,10761.811319999999,9900.8664144,15485.970545599997,25386.836959999997,0.61,1.0,0.0,1.0,0.0,1.0,0.0
1815GH,5951.0,704.0,2824.3999999999996,67,30391,958,0,0,0,BU03610105,WK036101,GM0361,1914.0,9,9,784740.0,1.0,9,2456.0,True,10761.811319999999,9900.8664144,15485.970545599997,25386.836959999997,0.61,1.0,0.0,1.0,0.0,1.0,0.0
1815GJ,5951.0,704.0,2824.3999999999996,67,30391,1185,0,0,0,BU03610105,WK036101,GM0361,2232.0,10,7,830760.0,0.875,8,2456.0,True,10761.811319999999,9900.8664144,15485.970545599997,25386.836959999997,0.61,0.875,0.125,0.875,0.125,0.875,0.125
1815GK,5951.0,704.0,2824.3999999999996,67,30391,828,0,0,0,BU03610105,WK036101,GM0361,2078.0,10,10,766465.0,1.0,10,2456.0,True,10761.811319999999,9900.8664144,15485.970545599997,25386.836959999997,0.61,1.0,0.0,1.0,0.0,1.0,0.0
1815GL,4164.0,205.0,2050.45,68,11235,0,0,0,0,BU03610105,WK036101,GM0361,2202.0,12,8,865200.0,0.875,8,1783.0,True,7812.829635000002,7187.803264200002,11242.4615158,18430.26478,0.61,0.875,0.125,0.875,0.125,0.875,0.125
1815GM,4164.0,205.0,2050.45,68,11235,566,90,0,0,BU03610105,WK036101,GM0361,9287.0,57,33,3180802.5,0.9772727272727273,44,1783.0,True,7812.829635000002,7187.803264200002,11242.4615158,18430.26478,0.61,0.9772727272727273,0.022727272727272707,0.9772727272727273,0.022727272727272707,0.9772727272727273,0.022727272727272707
1815GN,3857.0,360.0,2811.75,30,4352,808,100,0,0,BU03610105,WK036101,GM0361,3412.0,17,17,1355835.0,1.0,17,2445.0,True,10713.611025000002,9856.522143000002,15416.611557,25273.133700000002,0.61,1.0,0.0,1.0,0.0,1.0,0.0
1815GP,2536.0,332.0,1545.6,25,2060,493,80,0,0,BU03610105,WK036101,GM0361,1734.0,13,13,667717.5,1.0,13,1344.0,True,5889.19968,5418.0637056,8474.4073344,13892.47104,0.61,1.0,0.0,1.0,0.0,1.0,0.0
1815GR,2145.0,301.0,1153.4499999999998,33,1913,0,0,0,0,BU03610105,WK036101,GM0361,521.0,5,5,213610.0,1.0,5,1003.0,True,4394.990535,4043.3912922,6324.278687799999,10367.669979999999,0.61,1.0,0.0,1.0,0.0,1.0,0.0
1815GS,2145.0,301.0,1153.4499999999998,33,1913,233,70,30,0,BU03610105,WK036101,GM0361,1235.0,16,12,357185.0,0.8888888888888888,18,1003.0,True,4394.990535,4043.3912922,6324.278687799999,10367.669979999999,0.61,0.8888888888888888,0.11111111111111116,0.8888888888888888,0.11111111111111116,0.8888888888888888,0.11111111111111116
1815GT,1639.0,198.0,1041.8999999999999,36,1648,252,40,60,10,BU03610105,WK036101,GM0361,1917.0,23,21,582627.5,0.9565217391304348,23,906.0,True,3969.951569999999,3652.355444399999,5712.658515599999,9365.013959999998,0.61,0.9565217391304348,0.04347826086956519,0.9565217391304348,0.04347826086956519,0.9565217391304348,0.04347826086956519
1815GV,2235.0,0.0,815.3499999999999,59,4845,321,90,0,0,BU03610105,WK036101,GM0361,2824.0,32,32,487060.0,1.0,32,709.0,True,3106.7281049999997,2858.1898566,4470.502083399999,7328.691939999999,0.61,1.0,0.0,1.0,0.0,1.0,0.0
1815GW,3370.0,458.0,975.1999999999999,26,2489,567,100,0,0,BU03610105,WK036101,GM0361,2563.0,13,13,373257.5,1.0,13,848.0,True,3715.80456,3418.5401952,5346.9474848,8765.48768,0.61,1.0,0.0,1.0,0.0,1.0,0.0
1815HA,6768.0,223.0,2080.35,48,3758,422,80,20,0,BU03610105,WK036101,GM0361,4554.0,32,26,1651985.0,0.8214285714285714,28,1809.0,True,7926.757605,7292.6169966,11406.400943399998,18699.017939999998,0.61,0.8214285714285714,0.1785714285714286,0.8214285714285714,0.1785714285714286,0.8214285714285714,0.1785714285714286
1815HB,2642.0,225.0,1156.8999999999999,32,1486,285,80,0,0,BU03610105,WK036101,GM0361,1722.0,18,18,512692.5,1.0,18,1006.0,True,4408.13607,4055.4851843999995,6343.1947756,10398.67996,0.61,1.0,0.0,1.0,0.0,1.0,0.0
1815HC,3308.0,497.0,1301.8,38,1595,298,70,30,0,BU03610105,WK036101,GM0361,2309.0,22,20,711897.5,1.0,22,1132.0,True,4960.2485400000005,4563.428656800001,7137.6704632,11701.09912,0.61,1.0,0.0,1.0,0.0,1.0,0.0
1815HD,2508.0,728.0,1322.5,34,1358,291,90,0,0,BU03610105,WK036101,GM0361,1848.0,19,18,666510.0,0.9473684210526315,19,1150.0,True,5039.121749999999,4635.99201,7251.16699,11887.159,0.61,0.9473684210526315,0.052631578947368474,0.9473684210526315,0.052631578947368474,0.9473684210526315,0.052631578947368474
1815HE,4006.0,100.0,2357.5,42,2457,266,70,30,0,BU03610105,WK036101,GM0361,3823.0,39,22,1429880.0,0.9642857142857143,28,2050.0,True,8982.782249999998,8264.15967,12925.99333,21190.153,0.61,0.9642857142857143,0.0357142857142857,0.9642857142857143,0.0357142857142857,0.9642857142857143,0.0357142857142857
1815HG,2453.0,123.0,1104.0,35,1521,301,100,0,0,BU03610105,WK036101,GM0361,1972.0,20,19,751277.5,0.95,20,960.0,True,4206.5712,3870.0455040000006,6053.148096,9923.1936,0.61,0.95,0.050000000000000044,0.95,0.050000000000000044,0.95,0.050000000000000044
1815HH,1996.0,24.0,852.15,52,1960,284,80,20,0,BU03610105,WK036101,GM0361,3361.0,31,27,1166532.5,0.7027027027027027,37,741.0,True,3246.9471449999996,2987.1913734,4672.2736866,7659.4650599999995,0.61,0.7027027027027027,0.29729729729729726,0.7027027027027027,0.29729729729729726,0.7027027027027027,0.29729729729729726
1815HJ,3616.0,479.0,1146.55,40,3234,284,50,50,0,BU03610105,WK036101,GM0361,2763.0,27,21,1065532.5,0.8333333333333334,24,997.0,True,4368.699465000001,4019.203507800001,6286.4465122,10305.650020000001,0.61,0.8333333333333334,0.16666666666666663,0.8333333333333334,0.16666666666666663,0.8333333333333334,0.16666666666666663
1815HK,4295.0,167.0,1925.1,23,1545,306,100,0,0,BU03610105,WK036101,GM0361,1663.0,17,15,499377.5,0.9444444444444444,18,1674.0,True,7335.20853,6748.3918476,10555.1769924,17303.56884,0.61,0.9444444444444444,0.05555555555555558,0.9444444444444444,0.05555555555555558,0.9444444444444444,0.05555555555555558
1815HL,5447.0,329.0,1570.8999999999999,56,3030,0,0,0,0,BU03610105,WK036101,GM0361,82.0,1,1,18040.0,1.0,1,1366.0,True,5985.60027,5506.7522484,8613.125311599999,14119.877559999999,0.61,1.0,0.0,1.0,0.0,1.0,0.0
1815HM,5447.0,329.0,1570.8999999999999,56,3030,0,0,0,0,BU03610105,WK036101,GM0361,1041.0,17,8,380100.0,1.0,17,1366.0,True,5985.60027,5506.7522484,8613.125311599999,14119.877559999999,0.61,1.0,0.0,1.0,0.0,1.0,0.0
1815HN,2823.0,132.0,1570.8999999999999,56,3030,283,60,40,0,BU03610105,WK036101,GM0361,2137.0,25,21,816182.5,1.0,25,1366.0,True,5985.60027,5506.7522484,8613.125311599999,14119.877559999999,0.61,1.0,0.0,1.0,0.0,1.0,0.0
1815HP,1734.0,139.0,687.6999999999999,48,2916,176,0,0,0,BU03610105,WK036101,GM0361,2628.0,29,30,469880.0,0.58,50,598.0,True,2620.3433099999997,2410.7158452,3770.6068347999994,6181.322679999999,0.61,0.58,0.42000000000000004,0.58,0.42000000000000004,0.58,0.42000000000000004
1815HR,4580.0,121.0,2084.95,24,2156,0,0,0,0,BU03610105,WK036101,GM0361,1051.0,7,1,376242.5,1.0,7,1813.0,True,7944.284984999998,7308.742186199999,11431.622393799998,18740.364579999998,0.61,1.0,0.0,1.0,0.0,1.0,0.0
1815JA,4580.0,121.0,2084.95,24,2156,727,100,0,0,BU03610105,WK036101,GM0361,2696.0,12,12,1084780.0,1.0,12,1813.0,True,7944.284984999998,7308.742186199999,11431.622393799998,18740.364579999998,0.61,1.0,0.0,1.0,0.0,1.0,0.0
1815JB,2650.0,135.0,1528.35,24,1520,405,60,40,0,BU03610105,WK036101,GM0361,1608.0,13,13,580140.0,1.0,13,1329.0,True,5823.472004999999,5357.594244599999,8379.8268954,13737.421139999999,0.61,1.0,0.0,1.0,0.0,1.0,0.0
1815JC,4077.0,301.0,5735.049999999999,18,5267,904,0,0,0,BU03610105,WK036101,GM0361,4787.0,25,10,1582945.0,0.8,10,4987.0,True,21852.261014999996,20104.0801338,474669.44328620005,494773.52342000004,0.9593671059946064,0.8,0.19999999999999996,0.8,0.19999999999999996,0.8,0.19999999999999996
1815JD,8088.0,466.0,3704.1499999999996,22,2625240,706,100,0,0,BU03610105,WK036101,GM0361,113215.0,863,16,40250715.0,0.8235294117647058,17,3221.0,True,14113.922744999996,12984.808925399997,39244934.50340968,39257919.31233508,0.9996692435780385,0.8235294117647058,0.17647058823529416,0.8235294117647058,0.17647058823529416,0.8235294117647058,0.17647058823529416
1815JE,5885.0,291.0,2210.2999999999997,37,22756,0,0,0,0,BU03610105,WK036101,GM0361,6686.0,49,7,821245.0,0.8333333333333334,6,1922.0,True,8421.906089999999,7748.153602799999,213240.13140699593,220988.28500979595,0.9649386228665626,0.8333333333333334,0.16666666666666663,0.8333333333333334,0.16666666666666663,0.8333333333333334,0.16666666666666663
1815JG,7726.0,0.0,2210.2999999999997,37,22756,248,0,0,0,BU03610106,WK036101,GM0361,8538.0,67,14,3134467.5,0.7142857142857143,14,1922.0,True,8421.906089999999,7748.153602799999,1415611.8173649611,1423359.9709677612,0.9945564342395184,0.7142857142857143,0.2857142857142857,0.7142857142857143,0.2857142857142857,0.7142857142857143,0.2857142857142857
1815JH,1700.0,348.0,1185.6499999999999,27,1693,378,90,0,0,BU03610106,WK036101,GM0361,1608.0,14,14,623220.0,0.9333333333333333,15,1031.0,True,4517.682194999999,4156.2676194,6500.828840599999,10657.096459999999,0.61,0.9333333333333333,0.06666666666666665,0.9333333333333333,0.06666666666666665,0.9333333333333333,0.06666666666666665
1815JJ,2775.0,871.0,1668.6499999999999,43,3134,473,100,0,0,BU03610106,WK036101,GM0361,3459.0,25,24,1047385.0,1.0,25,1451.0,True,6358.057094999999,5849.4125274,9149.081132599998,14998.493659999998,0.61,1.0,0.0,1.0,0.0,1.0,0.0
1815JK,5393.0,424.0,1650.2499999999998,34,1871,448,90,0,0,BU03610107,WK036101,GM0361,2917.0,20,19,938190.0,0.8421052631578947,19,1435.0,True,6287.947574999998,5784.9117689999985,9048.195330999999,14833.107099999997,0.61,0.8421052631578947,0.1578947368421053,0.8421052631578947,0.1578947368421053,0.8421052631578947,0.1578947368421053
1815JL,2656.0,637.0,1458.1999999999998,31,2009,444,90,0,0,BU03610107,WK036101,GM0361,2504.0,18,18,895145.0,1.0,18,1268.0,True,5556.179459999999,5111.6851031999995,7995.199776799998,13106.884879999998,0.61,1.0,0.0,1.0,0.0,1.0,0.0
1815JM,3642.0,392.0,1935.4499999999998,60,4424,550,100,0,0,BU03610107,WK036101,GM0361,4815.0,31,31,1488742.5,1.0,31,1683.0,True,7374.645134999999,6784.6735241999995,10611.925255799997,17396.598779999997,0.61,1.0,0.0,1.0,0.0,1.0,0.0
1815JN,7395.0,1434.0,2494.35,26,3415,795,90,0,0,BU03610106,WK036101,GM0361,3096.0,14,13,966695.0,0.9333333333333333,15,2169.0,True,9504.221805,8743.8840606,13676.331479399998,22420.215539999997,0.61,0.9333333333333333,0.06666666666666665,0.9333333333333333,0.06666666666666665,0.9333333333333333,0.06666666666666665
1815JP,3296.0,930.0,2820.95,26,2957,701,90,0,0,BU03610106,WK036101,GM0361,2588.0,15,15,881457.5,1.0,15,2453.0,True,10748.665785000001,9888.7725222,15467.0544578,25355.82698,0.61,1.0,0.0,1.0,0.0,1.0,0.0
1815JR,5100.0,1944.0,2150.5,24,1798,706,90,0,0,BU03610106,WK036101,GM0361,3061.0,15,13,927300.0,1.0,15,1870.0,True,8194.05015,7538.526137999999,11791.028062,19329.5542,0.61,1.0,0.0,1.0,0.0,1.0,0.0
1815JS,4098.0,1320.0,2494.35,42,3731,702,100,0,0,BU03610106,WK036101,GM0361,4202.0,21,20,1261830.0,1.0,21,2169.0,True,9504.221805,8743.8840606,13676.331479399998,22420.215539999997,0.61,1.0,0.0,1.0,0.0,1.0,0.0
1815JT,3901.0,1185.0,2406.95,32,4290,0,0,0,0,BU03610106,WK036101,GM0361,851.0,4,4,274342.5,1.0,4,2093.0,True,9171.201584999999,8437.5054582,13197.1239218,21634.62938,0.61,1.0,0.0,1.0,0.0,1.0,0.0
1815JV,3901.0,1185.0,2406.95,32,4290,764,100,0,0,BU03610106,WK036101,GM0361,2997.0,14,14,834595.0,0.9333333333333333,15,2093.0,True,9171.201584999999,8437.5054582,13197.1239218,21634.62938,0.61,0.9333333333333333,0.06666666666666665,0.9333333333333333,0.06666666666666665,0.9333333333333333,0.06666666666666665
1815JW,2365.0,794.0,2135.5499999999997,90,7308,0,0,0,0,BU03610106,WK036101,GM0361,1834.0,9,9,501275.0,1.0,9,1857.0,True,8137.086164999998,7486.119271799998,11709.058348199997,19195.177619999995,0.61,1.0,0.0,1.0,0.0,1.0,0.0
1815JX,3150.0,1372.0,2135.5499999999997,90,7308,814,0,0,0,BU03610106,WK036101,GM0361,1434.0,6,6,469485.0,1.0,6,1857.0,True,8137.086164999998,7486.119271799998,11709.058348199997,19195.177619999995,0.61,1.0,0.0,1.0,0.0,1.0,0.0
1815JZ,3150.0,1372.0,2135.5499999999997,90,7308,0,0,0,0,BU03610106,WK036101,GM0361,1597.0,8,8,487775.0,1.0,8,1857.0,True,8137.086164999998,7486.119271799998,11709.058348199997,19195.177619999995,0.61,1.0,0.0,1.0,0.0,1.0,0.0
1815KA,2372.0,119.0,2135.5499999999997,90,7308,335,90,0,0,BU03610106,WK036101,GM0361,3053.0,27,25,1092300.0,0.8928571428571429,28,1857.0,True,8137.086164999998,7486.119271799998,11709.058348199997,19195.177619999995,0.61,0.8928571428571429,0.1071428571428571,0.8928571428571429,0.1071428571428571,0.8928571428571429,0.1071428571428571
1815KW,6137.0,1838.0,2428.7999999999997,81,9452,0,0,0,0,BU03610106,WK036101,GM0361,1663.0,8,8,435687.5,1.0,8,2112.0,True,9254.456639999999,8514.1001088,13316.925811199997,21831.025919999996,0.61,1.0,0.0,1.0,0.0,1.0,0.0
1815KX,6137.0,1838.0,2428.7999999999997,81,9452,543,0,0,0,BU03610107,WK036101,GM0361,2965.0,18,3,392382.5,0.25925925925925924,27,2112.0,True,9254.456639999999,8514.1001088,13316.925811199997,21831.025919999996,0.61,0.25925925925925924,0.7407407407407407,0.25925925925925924,0.7407407407407407,0.25925925925925924,0.7407407407407407
1815KZ,4929.0,0.0,2428.7999999999997,81,9452,0,0,0,0,BU03610106,WK036101,GM0361,1017.0,7,2,364252.5,0.3333333333333333,3,2112.0,True,9254.456639999999,8514.1001088,13316.925811199997,21831.025919999996,0.61,0.3333333333333333,0.6666666666666667,0.3333333333333333,0.6666666666666667,0.3333333333333333,0.6666666666666667
1815LA,4929.0,0.0,2428.7999999999997,81,9452,441,70,30,0,BU03610105,WK036101,GM0361,3900.0,37,32,954222.5,0.90625,32,2112.0,True,9254.456639999999,8514.1001088,13316.925811199997,21831.025919999996,0.61,0.90625,0.09375,0.90625,0.09375,0.90625,0.09375
1815LB,2255.0,28.0,1477.7499999999998,48,2553,294,80,30,0,BU03610106,WK036101,GM0361,2861.0,29,28,968420.0,0.9655172413793104,29,1285.0,True,5630.670824999998,5180.217158999999,8102.390940999999,13282.608099999998,0.61,0.9655172413793104,0.03448275862068961,0.9655172413793104,0.03448275862068961,0.9655172413793104,0.03448275862068961
1815LC,3933.0,399.0,1768.6999999999998,39,1802,289,80,0,0,BU03610106,WK036101,GM0361,2219.0,22,20,775547.5,0.9047619047619048,21,1538.0,True,6739.277609999999,6200.135401199999,9697.647678799998,15897.783079999997,0.61,0.9047619047619048,0.09523809523809523,0.9047619047619048,0.09523809523809523,0.9047619047619048,0.09523809523809523
1815LD,3757.0,749.0,1907.85,25,5416,479,100,0,0,BU03610106,WK036101,GM0361,2936.0,21,14,1004420.0,0.8666666666666667,15,1659.0,True,7269.480854999999,6687.922386599999,10460.596553399999,17148.518939999998,0.61,0.8666666666666667,0.1333333333333333,0.8666666666666667,0.1333333333333333,0.8666666666666667,0.1333333333333333
1815LE,2479.0,467.0,1393.8,43,2001,300,80,20,0,BU03610106,WK036101,GM0361,2454.0,22,22,923815.0,1.0,22,1212.0,True,5310.79614,4885.9324488,7642.099471199999,12528.03192,0.61,1.0,0.0,1.0,0.0,1.0,0.0
1815LG,2707.0,0.0,1362.75,49,2475,0,0,0,0,BU03610106,WK036101,GM0361,629.0,4,3,257890.0,0.75,4,1185.0,True,5192.486325,4777.087419,7471.854681,12248.9421,0.61,0.75,0.25,0.75,0.25,0.75,0.25
1815LH,2707.0,0.0,1362.75,49,2475,0,0,0,0,BU03610106,WK036101,GM0361,479.0,3,3,177767.5,1.0,3,1185.0,True,5192.486325,4777.087419,7471.854681,12248.9421,0.61,1.0,0.0,1.0,0.0,1.0,0.0
1815LJ,2707.0,0.0,1362.75,49,2475,305,80,0,0,BU03610106,WK036101,GM0361,1849.0,18,18,669777.5,1.0,18,1185.0,True,5192.486325,4777.087419,7471.854681,12248.9421,0.61,1.0,0.0,1.0,0.0,1.0,0.0
1815LK,2141.0,277.0,1174.1499999999999,40,1592,293,100,0,0,BU03610106,WK036101,GM0361,1875.0,21,21,663067.5,1.0,21,1021.0,True,4473.863745,4115.9546454,6437.775214599999,10553.72986,0.61,1.0,0.0,1.0,0.0,1.0,0.0
1815LL,3029.0,293.0,1064.8999999999999,35,2052,304,90,0,0,BU03610106,WK036101,GM0361,2040.0,20,20,728007.5,1.0,20,926.0,True,4057.5884699999997,3732.9813924,5838.765767599999,9571.747159999999,0.61,1.0,0.0,1.0,0.0,1.0,0.0
1815LM,2446.0,187.0,1240.85,43,1351,292,90,0,0,BU03610106,WK036101,GM0361,2376.0,23,22,816560.0,0.6875,32,1079.0,True,4728.010755,4349.7698946,6803.4862453999995,11153.25614,0.61,0.6875,0.3125,0.6875,0.3125,0.6875,0.3125
1815LN,2225.0,434.0,1394.9499999999998,38,2404,337,90,0,0,BU03610106,WK036101,GM0361,2674.0,21,21,958097.5,0.5384615384615384,39,1213.0,True,5315.177984999998,4889.963746199999,7648.404833799999,12538.368579999998,0.61,0.5384615384615384,0.46153846153846156,0.5384615384615384,0.46153846153846156,0.5384615384615384,0.46153846153846156
1815LP,2229.0,544.0,1277.6499999999999,46,2038,336,90,0,0,BU03610106,WK036101,GM0361,2525.0,24,23,928370.0,1.0,24,1111.0,True,4868.229794999999,4478.771411399999,7005.257848599998,11484.029259999998,0.61,1.0,0.0,1.0,0.0,1.0,0.0
1815LR,2733.0,343.0,1524.8999999999999,42,2479,343,100,0,0,BU03610106,WK036101,GM0361,2669.0,24,24,1006470.0,0.9583333333333334,24,1326.0,True,5810.326469999998,5345.5003523999985,8360.9108076,13706.411159999998,0.6100000000000001,0.9583333333333334,0.04166666666666663,0.9583333333333334,0.04166666666666663,0.9583333333333334,0.04166666666666663
1815LS,2751.0,284.0,1311.0,51,3643,351,80,20,0,BU03610106,WK036101,GM0361,3507.0,31,28,1154350.0,0.9642857142857143,28,1140.0,True,4995.3033000000005,4595.679036,7188.113364,11783.7924,0.61,0.9642857142857143,0.0357142857142857,0.9642857142857143,0.0357142857142857,0.9642857142857143,0.0357142857142857
1815LT,2895.0,12.0,2533.45,32,10442,0,0,0,0,BU03610106,WK036101,GM0361,591.0,7,5,213810.0,0.875,8,2203.0,True,9653.204534999999,8880.9481722,13890.7138078,22771.66198,0.61,0.875,0.125,0.875,0.125,0.875,0.125
1815LV,2895.0,12.0,2533.45,32,10442,0,0,0,0,BU03610106,WK036101,GM0361,3221.0,25,2,1112687.5,0.0,5,2203.0,True,9653.204534999999,8880.9481722,13890.7138078,22771.66198,0.61,0.0,1.0,0.0,1.0,0.0,1.0
1815LW,2895.0,12.0,2533.45,32,10442,599,100,0,0,BU03610106,WK036101,GM0361,20670.0,147,1,2734435.0,1.0,147,2203.0,True,9653.204534999999,8880.9481722,2153074.5573452148,2161955.505517415,0.9958921688492037,1.0,0.0,1.0,0.0,1.0,0.0
1815LX,7577.0,0.0,0.0,0,0,0,0,0,0,BU03610106,WK036101,GM0361,46.0,1,0,18860.0,1.0,1,0.0,True,0.0,0.0,18860.0,18860.0,1.0,1.0,0.0,1.0,0.0,1.0,0.0
1815SB,7577.0,0.0,2533.45,32,10442,0,0,0,0,BU03610802,WK036108,GM0361,1970.0,18,10,620850.0,0.7272727272727273,11,2203.0,True,9653.204534999999,8880.9481722,13890.7138078,22771.66198,0.61,0.7272727272727273,0.2727272727272727,0.7272727272727273,0.2727272727272727,0.7272727272727273,0.2727272727272727
1815SC,2114.0,439.0,1118.9499999999998,37,1601,253,90,0,0,BU03610802,WK036108,GM0361,1754.0,20,20,637797.5,1.0,20,973.0,True,4263.535185,3922.4523701999997,6135.117809799999,10057.570179999999,0.61,1.0,0.0,1.0,0.0,1.0,0.0
1815SE,2249.0,214.0,1083.3,33,2013,243,90,0,0,BU03610802,WK036108,GM0361,1779.0,20,20,640065.0,1.0,20,942.0,True,4127.697990000001,3797.4821508000005,5939.651569199999,9737.13372,0.61,1.0,0.0,1.0,0.0,1.0,0.0
1815SG,2264.0,344.0,1092.5,43,2288,258,80,0,0,BU03610802,WK036108,GM0361,2265.0,24,23,811577.5,1.0,24,950.0,True,4162.75275,3829.73253,5990.094470000001,9819.827000000001,0.61,1.0,0.0,1.0,0.0,1.0,0.0
1815SH,2832.0,240.0,1486.9499999999998,39,2141,271,90,0,0,BU03610802,WK036108,GM0361,2110.0,22,20,755487.5,0.9523809523809523,21,1293.0,True,5665.725584999999,5212.4675382,8152.833841799999,13365.301379999999,0.61,0.9523809523809523,0.04761904761904767,0.9523809523809523,0.04761904761904767,0.9523809523809523,0.04761904761904767
1815SJ,2033.0,214.0,914.2499999999999,22,1670,219,50,50,0,BU03610802,WK036108,GM0361,1061.0,12,12,378090.0,0.9230769230769231,13,795.0,True,3483.5667749999993,3204.8814329999996,5012.763266999999,8217.644699999999,0.61,0.9230769230769231,0.07692307692307687,0.9230769230769231,0.07692307692307687,0.9230769230769231,0.07692307692307687
1815SK,1779.0,188.0,1128.1499999999999,44,2105,247,70,30,10,BU03610802,WK036108,GM0361,2314.0,26,26,759570.0,1.0,26,981.0,True,4298.589944999999,3954.7027493999994,6185.560710599999,10140.263459999998,0.61,1.0,0.0,1.0,0.0,1.0,0.0
1815SL,1839.0,276.0,941.8499999999999,19,938,288,100,0,0,BU03610802,WK036108,GM0361,885.0,10,10,307182.5,1.0,10,819.0,True,3588.7310549999997,3301.6325706,5164.0919693999995,8465.72454,0.61,1.0,0.0,1.0,0.0,1.0,0.0
1815SM,1574.0,107.0,1097.1,31,1110,235,90,0,0,BU03610802,WK036108,GM0361,1544.0,18,16,580550.0,0.9473684210526315,19,954.0,True,4180.280129999999,3845.8577195999997,6015.315920399999,9861.173639999999,0.61,0.9473684210526315,0.052631578947368474,0.9473684210526315,0.052631578947368474,0.9473684210526315,0.052631578947368474
1815SN,1883.0,180.0,1250.05,48,2104,0,0,0,0,BU03610802,WK036108,GM0361,173.0,2,2,62642.5,1.0,2,1087.0,True,4763.065515,4382.020273800001,6853.9291462,11235.94942,0.61,1.0,0.0,1.0,0.0,1.0,0.0
1815SP,1883.0,180.0,1250.05,48,2104,254,90,0,0,BU03610802,WK036108,GM0361,2310.0,28,28,799997.5,1.0,28,1087.0,True,4763.065515,4382.020273800001,6853.9291462,11235.94942,0.61,1.0,0.0,1.0,0.0,1.0,0.0
1815TA,2025.0,219.0,1081.0,39,2094,265,100,0,0,BU03610802,WK036108,GM0361,2065.0,22,22,718117.5,1.0,22,940.0,True,4118.9343,3789.419556,5927.040844,9716.4604,0.61,1.0,0.0,1.0,0.0,1.0,0.0
1815TB,2789.0,0.0,1345.5,33,2207,228,60,40,0,BU03610802,WK036108,GM0361,1991.0,22,21,736105.0,0.9565217391304348,23,1170.0,True,5126.75865,4716.617958,7377.274242,12093.8922,0.61,0.9565217391304348,0.04347826086956519,0.9565217391304348,0.04347826086956519,0.9565217391304348,0.04347826086956519
1815TC,1987.0,56.0,1460.5,40,2062,247,90,0,0,BU03610802,WK036108,GM0361,2070.0,24,22,796912.5,1.0,24,1270.0,True,5564.94315,5119.747698,8007.810501999999,13127.5582,0.61,1.0,0.0,1.0,0.0,1.0,0.0
1815TD,1967.0,86.0,1213.25,35,1903,254,90,0,0,BU03610802,WK036108,GM0361,1645.0,18,17,549827.5,1.0,18,1055.0,True,4622.846474999999,4253.018757,6652.157542999999,10905.1763,0.61,1.0,0.0,1.0,0.0,1.0,0.0
1815TE,1949.0,0.0,1016.5999999999999,48,2013,261,90,0,0,BU03610802,WK036108,GM0361,2564.0,28,27,825507.5,0.9310344827586207,29,884.0,True,3873.5509799999995,3563.6669015999996,5573.9405384,9137.60744,0.61,0.9310344827586207,0.06896551724137934,0.9310344827586207,0.06896551724137934,0.9310344827586207,0.06896551724137934
1815TG,1990.0,299.0,1286.85,35,1248,260,80,20,0,BU03610802,WK036108,GM0361,1860.0,21,20,670952.5,1.0,21,1119.0,True,4903.284554999999,4511.0217906,7055.700749399999,11566.722539999999,0.61,1.0,0.0,1.0,0.0,1.0,0.0
1815TH,1965.0,194.0,990.15,47,1682,226,70,30,0,BU03610802,WK036108,GM0361,2309.0,29,27,774772.5,0.9354838709677419,31,861.0,True,3772.768545,3470.9470614,5428.9171986,8899.86426,0.61,0.9354838709677419,0.06451612903225812,0.9354838709677419,0.06451612903225812,0.9354838709677419,0.06451612903225812
1815TJ,1999.0,0.0,1098.25,31,1254,217,70,30,0,BU03610802,WK036108,GM0361,1753.0,19,16,620990.0,0.95,20,955.0,True,4184.661975,3849.8890170000004,6021.6212829999995,9871.5103,0.61,0.95,0.050000000000000044,0.95,0.050000000000000044,0.95,0.050000000000000044
1815TK,2469.0,17.0,1007.4,38,1639,261,90,0,0,BU03610802,WK036108,GM0361,1920.0,22,22,683417.5,1.0,22,876.0,True,3838.4962199999995,3531.4165224,5523.497637599999,9054.914159999998,0.61,1.0,0.0,1.0,0.0,1.0,0.0
1815TL,2113.0,7.0,1174.1499999999999,24,571,233,80,0,0,BU03610802,WK036108,GM0361,911.0,12,12,321942.5,1.0,12,1021.0,True,4473.863745,4115.9546454,6437.775214599999,10553.72986,0.61,1.0,0.0,1.0,0.0,1.0,0.0
1815TM,1954.0,0.0,1423.6999999999998,28,1345,204,40,60,10,BU03610802,WK036108,GM0361,1516.0,18,15,456717.5,0.6363636363636364,22,1238.0,True,5424.724109999999,4990.746181199999,7806.038898799999,12796.785079999998,0.61,0.6363636363636364,0.36363636363636365,0.6363636363636364,0.36363636363636365,0.6363636363636364,0.36363636363636365
1815TN,3193.0,119.0,1085.6,24,887,0,100,0,0,BU03610802,WK036108,GM0361,1068.0,12,12,396140.0,1.0,12,944.0,True,4136.461679999999,3805.5447455999993,5952.262294399999,9757.807039999998,0.61,1.0,0.0,1.0,0.0,1.0,0.0
1815TP,2794.0,88.0,856.7499999999999,93,7760,0,0,0,0,BU03610802,WK036108,GM0361,333.0,4,4,108525.0,0.8,5,745.0,True,3264.474524999999,3003.3165629999994,4697.495137,7700.811699999999,0.61,0.8,0.19999999999999996,0.8,0.19999999999999996,0.8,0.19999999999999996
1815TR,2794.0,88.0,856.7499999999999,93,7760,193,0,0,0,BU03610802,WK036108,GM0361,513.0,8,8,89775.0,1.0,8,745.0,True,3264.474524999999,3003.3165629999994,4697.495137,7700.811699999999,0.61,1.0,0.0,1.0,0.0,1.0,0.0
1815TS,2008.0,125.0,856.7499999999999,93,7760,0,0,0,0,BU03610802,WK036108,GM0361,441.0,7,7,74965.0,1.0,7,745.0,True,3264.474524999999,3003.3165629999994,4697.495137,7700.811699999999,0.61,1.0,0.0,1.0,0.0,1.0,0.0
1815VA,2008.0,125.0,856.7499999999999,93,7760,276,70,20,0,BU03610108,WK036101,GM0361,3982.0,37,33,1188302.5,0.5689655172413793,58,745.0,True,3264.474524999999,3003.3165629999994,4697.495137,7700.811699999999,0.61,0.5689655172413793,0.43103448275862066,0.5689655172413793,0.43103448275862066,0.5689655172413793,0.43103448275862066
1815VB,1859.0,153.0,1010.8499999999999,24,827,261,90,0,0,BU03610108,WK036101,GM0361,1239.0,14,13,438340.0,0.9333333333333333,15,879.0,True,3851.641754999999,3543.5104145999994,5542.4137254,9085.92414,0.61,0.9333333333333333,0.06666666666666665,0.9333333333333333,0.06666666666666665,0.9333333333333333,0.06666666666666665
1815VC,2571.0,0.0,1236.25,22,3356,221,0,80,5,BU03610108,WK036101,GM0361,2137.0,22,14,786757.5,0.8125,16,1075.0,True,4710.483375000001,4333.644705000001,6778.264795000001,11111.909500000002,0.61,0.8125,0.1875,0.8125,0.1875,0.8125,0.1875
1815VD,1814.0,120.0,769.3499999999999,32,2806,196,0,0,0,BU03610108,WK036101,GM0361,1426.0,20,20,278060.0,1.0,20,669.0,True,2931.454305,2696.9379606,4218.287579399999,6915.2255399999995,0.61,1.0,0.0,1.0,0.0,1.0,0.0
1815VE,3936.0,81.0,1497.3,30,2444,280,70,30,0,BU03610108,WK036101,GM0361,2053.0,20,18,726957.5,0.9473684210526315,19,1302.0,True,5705.16219,5248.7492148,8209.5821052,13458.33132,0.61,0.9473684210526315,0.052631578947368474,0.9473684210526315,0.052631578947368474,0.9473684210526315,0.052631578947368474
1815VG,1779.0,101.0,1121.25,19,728,245,60,0,0,BU03610108,WK036101,GM0361,898.0,11,11,301870.0,1.0,11,975.0,True,4272.298875,3930.5149650000003,6147.728535,10078.2435,0.61,1.0,0.0,1.0,0.0,1.0,0.0
1815VH,2098.0,94.0,982.0999999999999,39,1487,202,50,50,0,BU03610108,WK036101,GM0361,1615.0,24,22,610430.0,1.0,24,854.0,True,3742.0956299999993,3442.7279795999993,5384.779660399999,8827.507639999998,0.61,1.0,0.0,1.0,0.0,1.0,0.0
1815VJ,1961.0,121.0,1239.6999999999998,115,20642,225,10,90,55,BU03610108,WK036101,GM0361,5932.0,70,64,1627270.0,0.9722222222222222,72,1078.0,True,4723.628909999999,4345.738597199999,6797.180882799998,11142.919479999997,0.61,0.9722222222222222,0.02777777777777779,0.9722222222222222,0.02777777777777779,0.9722222222222222,0.02777777777777779
1815VK,2358.0,246.0,1330.55,39,1652,259,0,0,0,BU03610108,WK036101,GM0361,571.0,6,5,171590.0,1.0,6,1157.0,True,5069.794664999999,4664.2110918,7295.3045281999985,11959.515619999998,0.61,1.0,0.0,1.0,0.0,1.0,0.0
1815VL,2358.0,246.0,1330.55,39,1652,248,50,50,0,BU03610108,WK036101,GM0361,1628.0,17,16,602550.0,1.0,17,1157.0,True,5069.794664999999,4664.2110918,7295.3045281999985,11959.515619999998,0.61,1.0,0.0,1.0,0.0,1.0,0.0
1815VM,2051.0,255.0,1798.6,48,4034,226,70,30,0,BU03610108,WK036101,GM0361,3278.0,35,28,1135487.5,0.9090909090909091,33,1564.0,True,6853.205580000001,6304.949133600001,9861.5871064,16166.536240000001,0.61,0.9090909090909091,0.09090909090909094,0.9090909090909091,0.09090909090909094,0.9090909090909091,0.09090909090909094
1815VN,1412.0,518.0,1270.75,33,1202,217,70,30,0,BU03610108,WK036101,GM0361,1444.0,19,18,565070.0,1.0,19,1105.0,True,4841.938725,4454.583627,6967.425673,11422.0093,0.61,1.0,0.0,1.0,0.0,1.0,0.0
1815VP,2096.0,156.0,1072.9499999999998,34,1881,241,80,30,0,BU03610108,WK036101,GM0361,1694.0,20,20,610782.5,1.0,20,933.0,True,4088.261384999999,3761.200474199999,5882.903305799999,9644.103779999998,0.61,1.0,0.0,1.0,0.0,1.0,0.0
1815VR,2428.0,140.0,1066.05,36,1541,236,90,0,0,BU03610108,WK036101,GM0361,1649.0,19,19,621690.0,1.0,19,927.0,True,4061.9703149999996,3737.0126898,5845.0711302,9582.08382,0.61,1.0,0.0,1.0,0.0,1.0,0.0
1815VS,2155.0,624.0,1177.6,34,1248,246,80,0,0,BU03610108,WK036101,GM0361,1511.0,18,18,500745.0,1.0,18,1024.0,True,4487.009279999999,4128.0485376,6456.691302399999,10584.739839999998,0.61,1.0,0.0,1.0,0.0,1.0,0.0
1815VT,1995.0,699.0,1212.1,43,1986,268,90,0,0,BU03610108,WK036101,GM0361,2087.0,24,23,750680.0,0.9230769230769231,26,1054.0,True,4618.4646299999995,4248.9874596,6645.8521804,10894.83964,0.61,0.9230769230769231,0.07692307692307687,0.9230769230769231,0.07692307692307687,0.9230769230769231,0.07692307692307687
1815VV,2219.0,81.0,1192.55,41,1881,273,80,0,0,BU03610108,WK036101,GM0361,1980.0,22,22,727352.5,1.0,22,1037.0,True,4543.9732650000005,4180.455403800001,6538.6610162,10719.11642,0.61,1.0,0.0,1.0,0.0,1.0,0.0
1815VW,1237.0,0.0,412.84999999999997,47,1143,124,0,0,0,BU03610108,WK036101,GM0361,1145.0,28,28,221165.0,1.0,28,359.0,True,1573.0823549999998,1447.2357665999998,2263.6251733999998,3710.8609399999996,0.61,1.0,0.0,1.0,0.0,1.0,0.0
1815VX,2310.0,197.0,1171.85,23,1040,243,60,40,0,BU03610108,WK036101,GM0361,1123.0,12,12,431090.0,1.0,12,1019.0,True,4465.100055,4107.8920506,6425.164489399999,10533.05654,0.61,1.0,0.0,1.0,0.0,1.0,0.0
1815VZ,2592.0,57.0,1025.8,58,3195,209,40,60,0,BU03610108,WK036101,GM0361,3521.0,41,36,1158505.0,0.6666666666666666,54,892.0,True,3908.605739999999,3595.9172807999994,5624.3834392,9220.30072,0.61,0.6666666666666666,0.33333333333333337,0.6666666666666666,0.33333333333333337,0.6666666666666666,0.33333333333333337
1815XA,3185.0,127.0,1977.9999999999998,19,452,162,0,70,10,BU03610108,WK036101,GM0361,1366.0,15,4,370490.0,1.0,15,1720.0,True,7536.7734,6933.831528000001,10845.223671999998,17779.0552,0.61,1.0,0.0,1.0,0.0,1.0,0.0
1815XB,3571.0,27.0,1997.55,14,452,196,80,0,0,BU03610108,WK036101,GM0361,699.0,9,8,229425.0,0.8888888888888888,9,1737.0,True,7611.264765000001,7002.363583800001,10952.414836200001,17954.778420000002,0.61,0.8888888888888888,0.11111111111111116,0.8888888888888888,0.11111111111111116,0.8888888888888888,0.11111111111111116
1815XC,3131.0,0.0,1570.8999999999999,21,180,110,0,0,0,BU03610108,WK036101,GM0361,1953.0,18,2,140945.0,1.0,18,1366.0,True,5985.60027,5506.7522484,8613.125311599999,14119.877559999999,0.61,1.0,0.0,1.0,0.0,1.0,0.0
1815XD,2887.0,0.0,1365.05,24,239,81,0,0,0,BU03610108,WK036101,GM0361,2234.0,21,4,163457.5,0.9545454545454546,22,1187.0,True,5201.250015,4785.1500138,7484.4654062,12269.61542,0.61,0.9545454545454546,0.045454545454545414,0.9545454545454546,0.045454545454545414,0.9545454545454546,0.045454545454545414
1815XE,4108.0,293.0,0.0,0,0,80,0,0,0,BU03610108,WK036101,GM0361,243.0,2,0,6075.0,1.0,2,0.0,True,0.0,0.0,6075.0,6075.0,1.0,1.0,0.0,1.0,0.0,1.0,0.0
1815XG,1963.0,0.0,1130.4499999999998,21,674,230,60,0,0,BU03610108,WK036101,GM0361,878.0,10,11,341395.0,0.9090909090909091,11,983.0,True,4307.353634999999,3962.765344199999,6198.171435799999,10160.936779999998,0.61,0.9090909090909091,0.09090909090909094,0.9090909090909091,0.09090909090909094,0.9090909090909091,0.09090909090909094
1815XH,5969.0,1896.0,0.0,0,0,80,0,0,0,BU03610108,WK036101,GM0361,1260.0,18,0,516600.0,1.0,18,0.0,True,0.0,0.0,516600.0,516600.0,1.0,1.0,0.0,1.0,0.0,1.0,0.0
1815XJ,1580.0,95.0,1177.6,35,1347,204,80,20,0,BU03610108,WK036101,GM0361,1627.0,22,20,542612.5,0.9130434782608695,23,1024.0,True,4487.009279999999,4128.0485376,6456.691302399999,10584.739839999998,0.61,0.9130434782608695,0.08695652173913049,0.9130434782608695,0.08695652173913049,0.9130434782608695,0.08695652173913049
1815XK,1712.0,0.0,1329.3999999999999,26,563,83,0,0,0,BU03610108,WK036101,GM0361,1357.0,18,11,492897.5,1.0,18,1156.0,True,5065.412819999999,4660.179794399999,7288.999165599998,11949.178959999997,0.61,1.0,0.0,1.0,0.0,1.0,0.0
1815XL,2814.0,0.0,1779.05,32,726,0,0,0,0,BU03610108,WK036101,GM0361,1432.0,17,5,566907.5,1.0,17,1547.0,True,6778.714214999998,6236.417077799999,9754.395942199999,15990.813019999998,0.61,1.0,0.0,1.0,0.0,1.0,0.0
1815XM,3319.0,2380.0,1779.05,32,726,129,0,80,15,BU03610108,WK036101,GM0361,3241.0,41,4,191060.0,0.9761904761904762,42,1547.0,True,6778.714214999998,6236.417077799999,51694.39594219999,57930.81301999999,0.8923471508047549,0.9761904761904762,0.023809523809523836,0.9761904761904762,0.023809523809523836,0.9761904761904762,0.023809523809523836
1815XN,2451.0,233.0,1122.3999999999999,54,1267,206,0,0,0,BU03610108,WK036101,GM0361,514.0,6,6,200210.0,1.0,6,976.0,True,4276.68072,3934.5462624,6154.033897599999,10088.58016,0.61,1.0,0.0,1.0,0.0,1.0,0.0
1815XP,1884.0,0.0,1122.3999999999999,54,1267,80,0,0,0,BU03610108,WK036101,GM0361,1364.0,20,20,452380.0,1.0,20,976.0,True,4276.68072,3934.5462624,6154.033897599999,10088.58016,0.61,1.0,0.0,1.0,0.0,1.0,0.0
1815XR,1305.0,0.0,1213.25,29,910,80,0,0,0,BU03610108,WK036101,GM0361,1436.0,21,21,540035.0,1.0,21,1055.0,True,4622.846474999999,4253.018757,6652.157542999999,10905.1763,0.61,1.0,0.0,1.0,0.0,1.0,0.0
1815XS,3166.0,466.0,1148.85,37,1324,220,50,50,10,BU03610108,WK036101,GM0361,2482.0,26,21,868615.0,1.0,26,999.0,True,4377.4631549999995,4027.2661025999996,6299.057237399999,10326.323339999999,0.61,1.0,0.0,1.0,0.0,1.0,0.0
1815XT,2014.0,346.0,1063.75,50,1651,283,100,0,0,BU03610108,WK036101,GM0361,2262.0,28,28,795722.5,1.0,28,925.0,True,4053.206625,3728.950095,5832.460405,9561.4105,0.61,1.0,0.0,1.0,0.0,1.0,0.0
1815XV,1902.0,0.0,1212.1,37,1106,126,30,70,10,BU03610108,WK036101,GM0361,2434.0,33,20,903835.0,0.9705882352941176,34,1054.0,True,4618.4646299999995,4248.9874596,6645.8521804,10894.83964,0.61,0.9705882352941176,0.02941176470588236,0.9705882352941176,0.02941176470588236,0.9705882352941176,0.02941176470588236
1815XW,2517.0,1821.0,1639.8999999999999,36,3164,450,100,0,0,BU03610108,WK036101,GM0361,2735.0,20,19,915670.0,1.0,20,1426.0,True,6248.51097,5748.630092400001,8991.447067599998,14740.077159999999,0.6099999999999999,1.0,0.0,1.0,0.0,1.0,0.0
1815XX,2899.0,1194.0,1504.1999999999998,42,2090,443,100,0,0,BU03610108,WK036101,GM0361,2836.0,22,22,944750.0,1.0,22,1308.0,True,5731.453259999999,5272.936999199999,8247.4142808,13520.351279999999,0.61,1.0,0.0,1.0,0.0,1.0,0.0
1815XZ,0.0,0.0,0.0,0,0,0,0,0,0,BU03610108,WK036101,GM0361,2500.0,35,0,1025000.0,1.0,35,0.0,True,0.0,0.0,1025000.0,1025000.0,1.0,1.0,0.0,1.0,0.0,1.0,0.0
1816BM,2086.0,471.0,3500.6,50,9561,87,0,100,0,BU03610402,WK036104,GM0361,2164.0,36,4,749840.0,0.9428571428571428,35,3044.0,True,13338.336179999998,12271.2692856,19193.5237544,31464.79304,0.61,0.9428571428571428,0.05714285714285716,0.9428571428571428,0.05714285714285716,0.9428571428571428,0.05714285714285716
1816BN,2086.0,471.0,3500.6,50,9561,327,70,30,0,BU03610402,WK036104,GM0361,2608.0,24,22,928745.0,1.0,24,3044.0,True,13338.336179999998,12271.2692856,19193.5237544,31464.79304,0.61,1.0,0.0,1.0,0.0,1.0,0.0
1816BP,2817.0,1234.0,1542.1499999999999,28,1723,415,80,0,0,BU03610402,WK036104,GM0361,2184.0,16,16,710130.0,1.0,16,1341.0,True,5876.054145000001,5405.969813400001,8455.491246599999,13861.46106,0.6099999999999999,1.0,0.0,1.0,0.0,1.0,0.0
1816BR,4008.0,293.0,1186.8,26,1678,407,100,0,0,BU03610402,WK036104,GM0361,1736.0,14,14,650670.0,1.0,14,1032.0,True,4522.06404,4160.2989168,6507.134203199999,10667.43312,0.61,1.0,0.0,1.0,0.0,1.0,0.0
1816BS,2946.0,505.0,1485.8,18,686,399,100,0,0,BU03610402,WK036104,GM0361,1352.0,10,10,465215.0,1.0,10,1292.0,True,5661.343739999999,5208.4362408,8146.5284792,13354.96472,0.61,1.0,0.0,1.0,0.0,1.0,0.0
1816BT,1530.0,749.0,1056.85,20,3089,274,0,0,0,BU03610402,WK036104,GM0361,6560.0,46,11,1273190.0,0.19607843137254902,51,919.0,True,4026.915555,3704.7623106,725423.7586641827,729128.5209747828,0.9949189173046652,0.19607843137254902,0.803921568627451,0.19607843137254902,0.803921568627451,0.19607843137254902,0.803921568627451
1816BV,3956.0,5.0,1553.6499999999999,23,1147,413,100,0,0,BU03610402,WK036104,GM0361,1720.0,13,13,595810.0,0.9285714285714286,14,1351.0,True,5919.872594999999,5446.2827873999995,8518.5448726,13964.827659999999,0.61,0.9285714285714286,0.0714285714285714,0.9285714285714286,0.0714285714285714,0.9285714285714286,0.0714285714285714
1816BW,4540.0,151.0,2318.3999999999996,23,1244,398,100,0,0,BU03610402,WK036104,GM0361,7391.0,71,15,2700817.5,0.9850746268656716,67,2016.0,True,8833.79952,8127.0955584,1838616.3997339944,1846743.4952923944,0.9955992288159579,0.9850746268656716,0.014925373134328401,0.9850746268656716,0.014925373134328401,0.9850746268656716,0.014925373134328401
1816BX,2978.0,188.0,1603.1,33,1481,422,100,0,0,BU03610402,WK036104,GM0361,2217.0,18,18,831097.5,1.0,18,1394.0,True,6108.291929999999,5619.6285756,8789.6754644,14409.304039999999,0.61,1.0,0.0,1.0,0.0,1.0,0.0
1816BZ,2308.0,1169.0,1381.1499999999999,22,1671,410,100,0,0,BU03610402,WK036104,GM0361,1622.0,13,13,533655.0,1.0,13,1201.0,True,5262.595844999999,4841.588177399999,7572.740482599998,12414.328659999997,0.61,1.0,0.0,1.0,0.0,1.0,0.0
1816CA,2014.0,0.0,1221.3,49,8916,82,0,0,0,BU03610402,WK036104,GM0361,896.0,22,2,361900.0,0.9523809523809523,21,1062.0,True,4653.5193899999995,4281.2378388,6696.2950812,10977.53292,0.61,0.9523809523809523,0.04761904761904767,0.9523809523809523,0.04761904761904767,0.9523809523809523,0.04761904761904767
1816CB,2014.0,0.0,1221.3,49,8916,164,0,0,0,BU03610402,WK036104,GM0361,1536.0,24,24,444215.0,1.0,24,1062.0,True,4653.5193899999995,4281.2378388,6696.2950812,10977.53292,0.61,1.0,0.0,1.0,0.0,1.0,0.0
1816CC,1460.0,0.0,945.3,37,1065,199,0,0,0,BU03610402,WK036104,GM0361,1460.0,21,21,343050.0,1.0,21,822.0,True,3601.876589999999,3313.7264627999994,5183.008057199999,8496.734519999998,0.61,1.0,0.0,1.0,0.0,1.0,0.0
1816CD,2093.0,98.0,911.9499999999999,19,487,0,0,0,0,BU03610402,WK036104,GM0361,926.0,11,11,216470.0,1.0,11,793.0,True,3474.8030849999996,3196.8188382,5000.152541799999,8196.971379999999,0.61,1.0,0.0,1.0,0.0,1.0,0.0
1816CE,4049.0,511.0,1514.55,19,1814,403,100,0,0,BU03610402,WK036104,GM0361,1339.0,11,11,439597.5,1.0,11,1317.0,True,5770.889865,5309.218675800001,8304.162544199999,13613.38122,0.6099999999999999,1.0,0.0,1.0,0.0,1.0,0.0
1816CG,2792.0,582.0,1530.6499999999999,33,2197,431,100,0,0,BU03610402,WK036104,GM0361,2184.0,17,17,717325.0,1.0,17,1331.0,True,5832.2356949999985,5365.656839399999,8392.4376206,13758.094459999998,0.6100000000000001,1.0,0.0,1.0,0.0,1.0,0.0
1816CH,2341.0,696.0,1368.5,43,2399,388,100,0,0,BU03610402,WK036104,GM0361,2464.0,22,22,874905.0,1.0,22,1190.0,True,5214.395549999999,4797.243906,7503.381493999999,12300.625399999999,0.61,1.0,0.0,1.0,0.0,1.0,0.0
1816CJ,2539.0,333.0,1459.35,36,2298,406,90,0,0,BU03610402,WK036104,GM0361,2423.0,19,19,950417.5,1.0,19,1269.0,True,5560.561304999999,5115.716400599999,8001.505139399999,13117.221539999999,0.61,1.0,0.0,1.0,0.0,1.0,0.0
1816CK,1841.0,782.0,1199.4499999999998,37,1471,386,100,0,0,BU03610402,WK036104,GM0361,2376.0,23,23,811125.0,1.0,23,1043.0,True,4570.264335,4204.6431882,6576.4931918,10781.13638,0.61,1.0,0.0,1.0,0.0,1.0,0.0
1816CL,2118.0,366.0,1143.1,51,3030,368,100,0,0,BU03610402,WK036104,GM0361,2893.0,29,29,1003947.5,1.0,29,994.0,True,4355.553929999999,4007.1096155999994,6267.530424399999,10274.640039999998,0.61,1.0,0.0,1.0,0.0,1.0,0.0
1816CM,4571.0,263.0,1721.55,41,5385,401,100,0,0,BU03610402,WK036104,GM0361,4102.0,35,23,1346352.5,0.96,25,1497.0,True,6559.621965,6034.8522078000005,9439.1278122,15473.98002,0.61,0.96,0.040000000000000036,0.96,0.040000000000000036,0.96,0.040000000000000036
1816CN,2587.0,600.0,1260.3999999999999,47,2242,400,100,0,0,BU03610402,WK036104,GM0361,2678.0,24,23,980605.0,1.0,24,1096.0,True,4802.50212,4418.3019504,6910.677409599999,11328.97936,0.61,1.0,0.0,1.0,0.0,1.0,0.0
1816CP,2295.0,509.0,1294.8999999999999,38,2061,370,100,0,0,BU03610402,WK036104,GM0361,2375.0,21,21,840670.0,1.0,21,1126.0,True,4933.957469999999,4539.2408724,7099.8382876,11639.07916,0.61,1.0,0.0,1.0,0.0,1.0,0.0
1816CR,2100.0,400.0,1293.75,46,2824,397,100,0,0,BU03610402,WK036104,GM0361,2944.0,24,24,1048787.5,1.0,24,1125.0,True,4929.5756249999995,4535.209575,7093.532925,11628.7425,0.61,1.0,0.0,1.0,0.0,1.0,0.0
1816CS,2225.0,507.0,1167.25,24,1360,367,90,0,0,BU03610402,WK036104,GM0361,1372.0,13,13,468845.0,1.0,13,1015.0,True,4447.572674999999,4091.766861,6399.943039,10491.7099,0.61,1.0,0.0,1.0,0.0,1.0,0.0
1816CT,3135.0,600.0,1323.6499999999999,63,3370,419,100,0,0,BU03610402,WK036104,GM0361,4408.0,37,33,1030215.0,0.9393939393939394,33,1151.0,True,5043.503594999999,4640.0233074,7257.472352599999,11897.495659999999,0.61,0.9393939393939394,0.06060606060606055,0.9393939393939394,0.06060606060606055,0.9393939393939394,0.06060606060606055
1816CV,3490.0,607.0,1362.75,53,3114,249,40,60,25,BU03610402,WK036104,GM0361,3174.0,42,30,973540.0,0.9767441860465116,43,1185.0,True,5192.486325,4777.087419,7471.854681,12248.9421,0.61,0.9767441860465116,0.023255813953488413,0.9767441860465116,0.023255813953488413,0.9767441860465116,0.023255813953488413
1816CW,2578.0,389.0,892.4,69,33845,353,0,0,0,BU03610402,WK036104,GM0361,696.0,6,6,230860.0,1.0,6,776.0,True,3400.31172,3128.2867824000004,4892.9613776,8021.24816,0.61,1.0,0.0,1.0,0.0,1.0,0.0
1816CX,2578.0,389.0,892.4,69,33845,394,100,0,0,BU03610402,WK036104,GM0361,4128.0,38,38,689930.0,1.0,38,776.0,True,3400.31172,3128.2867824000004,4892.9613776,8021.24816,0.61,1.0,0.0,1.0,0.0,1.0,0.0
1816CZ,3364.0,766.0,0.0,0,0,117,0,100,0,BU03610402,WK036104,GM0361,1178.0,38,0,156085.0,1.0,38,0.0,True,0.0,0.0,156085.0,156085.0,1.0,1.0,0.0,1.0,0.0,1.0,0.0
1816DA,2165.0,1029.0,1205.1999999999998,38,1118,289,40,70,15,BU03610402,WK036104,GM0361,2555.0,20,18,554525.0,1.0,20,1048.0,True,4592.173559999999,4224.7996752,6608.020004799999,10832.819679999999,0.61,1.0,0.0,1.0,0.0,1.0,0.0
1816DB,2825.0,393.0,1013.15,44,1346,297,70,30,5,BU03610402,WK036104,GM0361,3528.0,24,24,947782.5,1.0,24,881.0,True,3860.405445,3551.5730094,5555.024450599999,9106.597459999999,0.61,1.0,0.0,1.0,0.0,1.0,0.0
1816DC,2697.0,740.0,1158.05,27,792,277,0,0,0,BU03610402,WK036104,GM0361,1689.0,14,14,258945.0,0.9333333333333333,15,1007.0,True,4412.517915,4059.5164818000003,6349.5001382,10409.01662,0.61,0.9333333333333333,0.06666666666666665,0.9333333333333333,0.06666666666666665,0.9333333333333333,0.06666666666666665
1816DD,2446.0,658.0,1237.3999999999999,24,673,295,90,0,0,BU03610402,WK036104,GM0361,1786.0,12,12,555905.0,1.0,12,1076.0,True,4714.86522,4337.6760024,6784.570157599999,11122.246159999999,0.61,1.0,0.0,1.0,0.0,1.0,0.0
1816EA,2008.0,191.0,1015.4499999999999,43,27043,0,0,0,0,BU03610401,WK036104,GM0361,5324.0,41,2,2182840.0,0.5,2,883.0,True,3869.1691349999996,3559.6356041999998,5567.635175799999,9127.270779999999,0.61,0.5,0.5,0.5,0.5,0.5,0.5
1816EB,2008.0,191.0,1015.4499999999999,43,27043,247,100,0,0,BU03610401,WK036104,GM0361,2229.0,22,22,775787.5,0.7586206896551724,29,883.0,True,3869.1691349999996,3559.6356041999998,5567.635175799999,9127.270779999999,0.61,0.7586206896551724,0.24137931034482762,0.7586206896551724,0.24137931034482762,0.7586206896551724,0.24137931034482762
1816EC,1762.0,283.0,1084.4499999999998,40,1263,242,90,0,0,BU03610401,WK036104,GM0361,2095.0,22,22,765400.0,0.7333333333333333,30,943.0,True,4132.079835,3801.5134481999994,5945.956931799999,9747.470379999999,0.61,0.7333333333333333,0.2666666666666667,0.7333333333333333,0.2666666666666667,0.7333333333333333,0.2666666666666667
1816ED,3219.0,664.0,909.65,22,687,0,0,0,0,BU03610401,WK036104,GM0361,1024.0,11,12,378150.0,0.7333333333333333,15,791.0,True,3466.039395,3188.7562434,4987.541816599999,8176.298059999999,0.61,0.7333333333333333,0.2666666666666667,0.7333333333333333,0.2666666666666667,0.7333333333333333,0.2666666666666667
1816EE,1432.0,0.0,13.799999999999999,29,604,196,80,30,0,BU03610401,WK036104,GM0361,2675.0,24,13,861117.5,0.3333333333333333,72,12.0,True,52.582139999999995,48.375568799999996,75.6643512,124.03992,0.61,0.3333333333333333,0.6666666666666667,0.3333333333333333,0.6666666666666667,0.3333333333333333,0.6666666666666667
1816EG,1488.0,0.0,21.849999999999998,34,907,193,80,20,0,BU03610401,WK036104,GM0361,1776.0,24,18,548977.5,1.0,24,19.0,True,83.25505499999998,76.5946506,119.8018894,196.39654,0.61,1.0,0.0,1.0,0.0,1.0,0.0
1816EH,1221.0,0.0,32.199999999999996,29,601,193,60,40,0,BU03610401,WK036104,GM0361,2814.0,24,21,908842.5,0.32,75,28.0,True,122.69165999999998,112.87632719999999,176.55015279999998,289.42647999999997,0.61,0.32,0.6799999999999999,0.32,0.6799999999999999,0.32,0.6799999999999999
1816EJ,1330.0,7.0,20.7,30,1240,193,70,30,0,BU03610401,WK036104,GM0361,1794.0,24,16,583155.0,0.96,25,18.0,True,78.87320999999999,72.5633532,113.4965268,186.05988,0.61,0.96,0.040000000000000036,0.96,0.040000000000000036,0.96,0.040000000000000036
1816EK,1905.0,0.0,112.69999999999999,32,600,194,80,0,0,BU03610401,WK036104,GM0361,2453.0,24,17,835947.5,0.39344262295081966,61,98.0,True,429.42081,395.0671452,617.9255347999999,1012.99268,0.61,0.39344262295081966,0.6065573770491803,0.39344262295081966,0.6065573770491803,0.39344262295081966,0.6065573770491803
1816EL,2410.0,0.0,251.85,42,1777,196,80,0,0,BU03610401,WK036104,GM0361,1956.0,25,20,641262.5,0.96,25,219.0,True,959.6240549999999,882.8541306,1380.8744093999996,2263.7285399999996,0.61,0.96,0.040000000000000036,0.96,0.040000000000000036,0.96,0.040000000000000036
1816EM,2700.0,549.0,1136.1999999999998,30,1121,303,60,40,0,BU03610401,WK036104,GM0361,1960.0,17,17,528647.5,0.9444444444444444,18,988.0,True,4329.262859999999,3982.9218311999994,6229.698248799999,10212.620079999999,0.61,0.9444444444444444,0.05555555555555558,0.9444444444444444,0.05555555555555558,0.9444444444444444,0.05555555555555558
1816EN,1798.0,0.0,968.3,41,2412,216,70,30,0,BU03610401,WK036104,GM0361,2009.0,24,24,609890.0,1.0,24,842.0,True,3689.51349,3394.3524108,5309.1153092,8703.46772,0.61,1.0,0.0,1.0,0.0,1.0,0.0
1816EP,2541.0,992.0,2609.35,19,19748,501,90,0,0,BU03610401,WK036104,GM0361,8352.0,61,13,2648765.0,0.8,15,2269.0,True,9942.406304999999,9147.0138006,1838046.7038049737,1847193.7176055738,0.9950481567182586,0.8,0.19999999999999996,0.8,0.19999999999999996,0.8,0.19999999999999996
1816GA,2033.0,0.0,837.1999999999999,43,999,194,50,50,0,BU03610401,WK036104,GM0361,1917.0,26,25,594455.0,0.96,25,728.0,True,3189.9831599999998,2934.7845072,4590.303972799999,7525.088479999999,0.61,0.96,0.040000000000000036,0.96,0.040000000000000036,0.96,0.040000000000000036
1816GB,1291.0,0.0,739.4499999999999,43,580,193,80,30,0,BU03610401,WK036104,GM0361,1762.0,24,24,641077.5,0.75,32,643.0,True,2817.5263349999996,2592.1242282,4054.3481517999994,6646.472379999999,0.61,0.75,0.25,0.75,0.25,0.75,0.25
1816GC,2454.0,186.0,2710.5499999999997,21,554,316,100,0,0,BU03610401,WK036104,GM0361,2717.0,22,10,901615.0,0.8333333333333334,12,2357.0,True,10328.008664999998,9501.767971799998,55844.23964819996,65346.00761999996,0.8545929840571949,0.8333333333333334,0.16666666666666663,0.8333333333333334,0.16666666666666663,0.8333333333333334,0.16666666666666663
1816GD,2230.0,670.0,1575.4999999999998,44,3797,272,90,0,0,BU03610401,WK036104,GM0361,2858.0,24,24,1066630.0,0.9583333333333334,24,1370.0,True,6003.127649999999,5522.8774379999995,8638.346761999997,14161.224199999997,0.61,0.9583333333333334,0.04166666666666663,0.9583333333333334,0.04166666666666663,0.9583333333333334,0.04166666666666663
1816GE,3031.0,619.0,1083.3,43,1429,268,80,0,0,BU03610401,WK036104,GM0361,3097.0,27,24,1097610.0,1.0,27,942.0,True,4127.697990000001,3797.4821508000005,5939.651569199999,9737.13372,0.61,1.0,0.0,1.0,0.0,1.0,0.0
1816GG,3263.0,415.0,1240.85,42,1234,253,80,0,0,BU03610401,WK036104,GM0361,2890.0,26,24,1055912.5,1.0,26,1079.0,True,4728.010755,4349.7698946,6803.4862453999995,11153.25614,0.61,1.0,0.0,1.0,0.0,1.0,0.0
1816GH,2482.0,551.0,1420.25,36,1041,302,100,0,0,BU03610401,WK036104,GM0361,2426.0,19,19,809257.5,0.7307692307692307,26,1235.0,True,5411.578575,4978.652289,7787.122810999999,12765.775099999999,0.61,0.7307692307692307,0.2692307692307693,0.7307692307692307,0.2692307692307693,0.7307692307692307,0.2692307692307693
1816GJ,3389.0,299.0,1940.05,21,1184,281,0,0,0,BU03610401,WK036104,GM0361,1376.0,12,11,432657.5,0.6428571428571429,14,1687.0,True,7392.172515,6800.798713800001,10637.1467062,17437.94542,0.61,0.6428571428571429,0.3571428571428571,0.6428571428571429,0.3571428571428571,0.6428571428571429,0.3571428571428571
1816GK,2242.0,682.0,1084.4499999999998,29,908,282,100,0,0,BU03610401,WK036104,GM0361,1608.0,15,15,584595.0,0.8823529411764706,17,943.0,True,4132.079835,3801.5134481999994,5945.956931799999,9747.470379999999,0.61,0.8823529411764706,0.11764705882352944,0.8823529411764706,0.11764705882352944,0.8823529411764706,0.11764705882352944
1816HA,2389.0,267.0,1262.6999999999998,32,2001,309,100,0,0,BU03610401,WK036104,GM0361,2173.0,19,19,717272.5,1.0,19,1098.0,True,4811.26581,4426.3645452,6923.288134799999,11349.65268,0.61,1.0,0.0,1.0,0.0,1.0,0.0
1816HB,2270.0,801.0,1458.1999999999998,32,1278,331,90,0,0,BU03610401,WK036104,GM0361,2221.0,19,17,743577.5,1.0,19,1268.0,True,5556.179459999999,5111.6851031999995,7995.199776799998,13106.884879999998,0.61,1.0,0.0,1.0,0.0,1.0,0.0
1816HC,2403.0,916.0,1444.3999999999999,35,1312,338,100,0,0,BU03610401,WK036104,GM0361,2276.0,19,19,775290.0,1.0,19,1256.0,True,5503.597319999999,5063.309534399999,7919.535425599999,12982.844959999999,0.61,1.0,0.0,1.0,0.0,1.0,0.0
1816HD,1888.0,468.0,1247.75,33,1303,320,90,0,0,BU03610401,WK036104,GM0361,2105.0,19,19,807912.5,1.0,19,1085.0,True,4754.301825,4373.957679,6841.318421000001,11215.276100000001,0.61,1.0,0.0,1.0,0.0,1.0,0.0
1816HE,2417.0,1202.0,1322.5,45,2322,375,100,0,0,BU03610401,WK036104,GM0361,3222.0,25,25,978317.5,1.0,25,1150.0,True,5039.121749999999,4635.99201,7251.16699,11887.159,0.61,1.0,0.0,1.0,0.0,1.0,0.0
1816HG,11410.0,422.0,2886.5,34,6653,0,0,0,0,BU03610401,WK036104,GM0361,5310.0,41,20,1947625.0,0.8571428571428571,21,2510.0,True,10998.430949999998,10118.556473999999,348347.8015894147,358466.3580634147,0.971772646870784,0.8571428571428571,0.1428571428571429,0.8571428571428571,0.1428571428571429,0.8571428571428571,0.1428571428571429
1816HJ,1533.0,0.0,895.8499999999999,47,832,0,0,0,0,BU03610401,WK036104,GM0361,322.0,2,1,132020.0,0.5,2,779.0,True,3413.457254999999,3140.380674599999,4911.877465399999,8052.258139999998,0.61,0.5,0.5,0.5,0.5,0.5,0.5
1816HK,1533.0,0.0,895.8499999999999,47,832,0,0,0,0,BU03610401,WK036104,GM0361,429.0,2,2,73887.5,0.2857142857142857,7,779.0,True,3413.457254999999,3140.380674599999,4911.877465399999,8052.258139999998,0.61,0.2857142857142857,0.7142857142857143,0.2857142857142857,0.7142857142857143,0.2857142857142857,0.7142857142857143
1816JA,1533.0,0.0,895.8499999999999,47,832,197,50,50,0,BU03610401,WK036104,GM0361,1500.0,24,24,488805.0,1.0,24,779.0,True,3413.457254999999,3140.380674599999,4911.877465399999,8052.258139999998,0.61,1.0,0.0,1.0,0.0,1.0,0.0
1816JB,1538.0,0.0,825.6999999999999,46,483,0,70,30,0,BU03610401,WK036104,GM0361,1500.0,24,24,537412.5,1.0,24,718.0,True,3146.1647099999996,2894.4715331999996,4527.2503467999995,7421.721879999999,0.61,1.0,0.0,1.0,0.0,1.0,0.0
1816JC,1091.0,0.0,824.55,46,483,0,60,40,0,BU03610401,WK036104,GM0361,1500.0,24,24,520665.0,1.0,24,717.0,True,3141.7828649999997,2890.4402357999998,4520.944984199999,7411.385219999999,0.61,1.0,0.0,1.0,0.0,1.0,0.0
1816JD,1243.0,0.0,765.9,47,482,0,60,40,0,BU03610401,WK036104,GM0361,1500.0,24,24,490277.5,1.0,24,666.0,True,2918.3087700000005,2684.8440684000007,4199.3714916,6884.215560000001,0.61,1.0,0.0,1.0,0.0,1.0,0.0
1816JE,1425.0,0.0,772.8,46,643,0,70,30,0,BU03610401,WK036104,GM0361,1500.0,24,24,472147.5,1.0,24,672.0,True,2944.59984,2709.0318528,4237.2036672,6946.23552,0.61,1.0,0.0,1.0,0.0,1.0,0.0
1816JG,18074.0,0.0,4322.849999999999,35,34051,0,0,0,0,BU03610401,WK036104,GM0361,1854.0,14,6,156125.0,0.0,10,3759.0,True,16471.355354999996,15153.646926599999,23701.8580134,38855.50494,0.61,0.0,1.0,0.0,1.0,0.0,1.0
1816JH,17531.0,971.0,4322.849999999999,35,34051,0,0,0,0,BU03610401,WK036104,GM0361,7756.0,58,8,1197592.5,0.0,22,3759.0,True,16471.355354999996,15153.646926599999,498609.2287030552,513762.8756296552,0.970504589480063,0.0,1.0,0.0,1.0,0.0,1.0
1816JJ,1714.0,0.0,103.49999999999999,63,60797,201,70,0,0,BU03610401,WK036104,GM0361,830.0,10,4,271202.5,1.0,10,90.0,True,394.3660499999999,362.8167659999999,567.482634,930.2993999999999,0.61,1.0,0.0,1.0,0.0,1.0,0.0
1816JK,1792.0,0.0,103.49999999999999,63,60797,198,0,0,0,BU03610401,WK036104,GM0361,581.0,7,4,177412.5,1.0,7,90.0,True,394.3660499999999,362.8167659999999,567.482634,930.2993999999999,0.61,1.0,0.0,1.0,0.0,1.0,0.0
1816JL,1792.0,0.0,103.49999999999999,63,60797,195,0,0,0,BU03610401,WK036104,GM0361,747.0,9,9,233645.0,1.0,9,90.0,True,394.3660499999999,362.8167659999999,567.482634,930.2993999999999,0.61,1.0,0.0,1.0,0.0,1.0,0.0
1816JM,1792.0,0.0,103.49999999999999,63,60797,195,0,0,0,BU03610401,WK036104,GM0361,498.0,6,5,148362.5,1.0,6,90.0,True,394.3660499999999,362.8167659999999,567.482634,930.2993999999999,0.61,1.0,0.0,1.0,0.0,1.0,0.0
1816JN,1792.0,0.0,103.49999999999999,63,60797,197,90,0,0,BU03610401,WK036104,GM0361,830.0,10,7,260205.0,1.0,10,90.0,True,394.3660499999999,362.8167659999999,567.482634,930.2993999999999,0.61,1.0,0.0,1.0,0.0,1.0,0.0
1816JP,1710.0,0.0,108.1,39,24319,193,0,0,0,BU03610401,WK036104,GM0361,498.0,6,4,152305.0,1.0,6,94.0,True,411.89343,378.94195560000003,592.7040843999999,971.64604,0.61,1.0,0.0,1.0,0.0,1.0,0.0
1816JR,1710.0,0.0,108.1,39,24319,145,70,40,0,BU03610401,WK036104,GM0361,760.0,20,17,244435.0,1.0,20,94.0,True,411.89343,378.94195560000003,592.7040843999999,971.64604,0.61,1.0,0.0,1.0,0.0,1.0,0.0
1816JS,1754.0,0.0,65.55,15,12159,146,70,0,0,BU03610401,WK036104,GM0361,418.0,11,8,141550.0,1.0,11,57.0,True,249.765165,229.7839518,359.4056682,589.18962,0.61,1.0,0.0,1.0,0.0,1.0,0.0
1816JT,4255.0,0.0,97.74999999999999,31,3311,182,80,0,0,BU03610401,WK036104,GM0361,1134.0,18,16,378157.5,1.0,18,85.0,True,372.4568249999999,342.66027899999995,535.9558209999999,878.6160999999998,0.61,1.0,0.0,1.0,0.0,1.0,0.0
1816JV,1729.0,0.0,79.35,28,3311,187,80,0,0,BU03610401,WK036104,GM0361,1134.0,18,11,363667.5,1.0,18,69.0,True,302.347305,278.1595206,435.0700193999999,713.2295399999999,0.61,1.0,0.0,1.0,0.0,1.0,0.0
1816JW,1675.0,0.0,211.6,36,3311,185,80,0,0,BU03610401,WK036104,GM0361,1134.0,18,18,397687.5,1.0,18,184.0,True,806.2594799999999,741.7587216,1160.1867184,1901.94544,0.61,1.0,0.0,1.0,0.0,1.0,0.0
1816JX,3592.0,0.0,146.04999999999998,32,3311,185,90,0,0,BU03610401,WK036104,GM0361,1144.0,18,16,366587.5,0.9473684210526315,19,127.0,True,556.4943149999999,511.9747698,800.7810501999999,1312.7558199999999,0.61,0.9473684210526315,0.052631578947368474,0.9473684210526315,0.052631578947368474,0.9473684210526315,0.052631578947368474
1816JZ,6650.0,516.0,2852.0,21,765,312,0,0,0,BU03610401,WK036104,GM0361,3803.0,31,11,969050.0,0.6428571428571429,14,2480.0,True,10866.9756,9997.617552,328234.07344154845,338231.69099354843,0.9704415114898542,0.6428571428571429,0.3571428571428571,0.6428571428571429,0.3571428571428571,0.6428571428571429,0.3571428571428571
1816KA,1780.0,202.0,543.9499999999999,171,4325,158,10,90,110,BU03610401,WK036104,GM0361,5986.0,120,120,791167.5,0.9836065573770492,122,473.0,True,2072.612684999999,1906.8036701999995,2982.4365097999994,4889.240179999999,0.61,0.9836065573770492,0.016393442622950838,0.9836065573770492,0.016393442622950838,0.9836065573770492,0.016393442622950838
1816KB,6525.0,1065.0,6943.7,27,3726,415,100,0,0,BU03610401,WK036104,GM0361,3952.0,28,14,967017.5,0.8,15,6038.0,True,26457.580109999995,24340.973701199997,72608.11866451427,96949.09236571427,0.7489303601793378,0.8,0.19999999999999996,0.8,0.19999999999999996,0.8,0.19999999999999996
1816KC,3411.0,1081.0,802.6999999999999,232,11504,396,100,0,0,BU03610401,WK036104,GM0361,18197.0,131,130,2610852.5,1.0,131,698.0,True,3058.5278099999996,2813.8455851999997,4401.1430948,7214.9886799999995,0.61,1.0,0.0,1.0,0.0,1.0,0.0
1816KD,3740.0,0.0,768.1999999999999,149,18304,348,70,30,0,BU03610401,WK036104,GM0361,9229.0,95,80,1264490.0,0.961038961038961,77,668.0,True,2927.0724599999994,2692.9066631999995,4211.9822168,6904.8888799999995,0.6100000000000001,0.961038961038961,0.038961038961038974,0.961038961038961,0.038961038961038974,0.961038961038961,0.038961038961038974
1816KE,2037.0,812.0,1520.3,18,785,302,100,0,0,BU03610401,WK036104,GM0361,1248.0,10,10,446105.0,0.7142857142857143,14,1322.0,True,5792.79909,5329.375162800001,8335.689357199999,13665.06452,0.6099999999999999,0.7142857142857143,0.2857142857142857,0.7142857142857143,0.2857142857142857,0.7142857142857143,0.2857142857142857
1816KG,2064.0,75.0,1361.6,26,961,292,100,0,0,BU03610401,WK036104,GM0361,1740.0,15,15,590867.5,1.0,15,1184.0,True,5188.104479999999,4773.0561216,7465.5493184,12238.60544,0.61,1.0,0.0,1.0,0.0,1.0,0.0
1816KH,1178.0,0.0,707.25,37,517,194,60,40,0,BU03610401,WK036104,GM0361,1491.0,21,21,470020.0,1.0,21,615.0,True,2694.834675,2479.247901,3877.797999,6357.0459,0.61,1.0,0.0,1.0,0.0,1.0,0.0
1816KJ,1645.0,0.0,708.4,36,516,0,60,40,0,BU03610401,WK036104,GM0361,1603.0,21,20,475825.0,0.7241379310344828,29,616.0,True,2699.21652,2483.2791984,3884.1033616,6367.38256,0.61,0.7241379310344828,0.27586206896551724,0.7241379310344828,0.27586206896551724,0.7241379310344828,0.27586206896551724
1816KK,1530.0,0.0,696.9,40,519,0,60,40,0,BU03610401,WK036104,GM0361,1603.0,21,21,483102.5,0.7241379310344828,29,606.0,True,2655.39807,2442.9662244,3821.0497355999996,6264.01596,0.61,0.7241379310344828,0.27586206896551724,0.7241379310344828,0.27586206896551724,0.7241379310344828,0.27586206896551724
1816KL,1369.0,0.0,695.75,36,517,197,60,40,0,BU03610401,WK036104,GM0361,1491.0,21,21,491320.0,1.0,21,605.0,True,2651.016225,2438.934927,3814.744373,6253.6793,0.61,1.0,0.0,1.0,0.0,1.0,0.0
1816KM,1098.0,330.0,703.8,39,517,0,0,0,0,BU03610401,WK036104,GM0361,1603.0,21,21,255955.0,0.7241379310344828,29,612.0,True,2681.6891399999995,2467.1540087999997,3858.8819111999996,6326.035919999999,0.61,0.7241379310344828,0.27586206896551724,0.7241379310344828,0.27586206896551724,0.7241379310344828,0.27586206896551724
1816KN,1608.0,0.0,639.4,37,517,0,0,0,0,BU03610401,WK036104,GM0361,1491.0,21,21,219212.5,1.0,21,556.0,True,2436.30582,2241.4013544,3505.7816055999992,5747.182959999999,0.61,1.0,0.0,1.0,0.0,1.0,0.0
1816KP,2605.0,569.0,1413.35,23,1003,322,90,0,0,BU03610400,WK036104,GM0361,1790.0,13,13,545542.5,0.8125,16,1229.0,True,5385.287504999999,4954.4645046,7749.2906354,12703.75514,0.61,0.8125,0.1875,0.8125,0.1875,0.8125,0.1875
1816KR,1920.0,468.0,1003.9499999999999,30,979,250,0,0,0,BU03610400,WK036104,GM0361,2317.0,18,18,330365.0,0.75,24,873.0,True,3825.3506850000003,3519.3226302000003,5504.581549799999,9023.90418,0.61,0.75,0.25,0.75,0.25,0.75,0.25
1816KS,4388.0,931.0,0.0,0,0,0,0,0,0,BU03610401,WK036104,GM0361,1767.0,16,0,61875.0,1.0,16,0.0,True,0.0,0.0,61875.0,61875.0,1.0,1.0,0.0,1.0,0.0,1.0,0.0
1816KT,2609.0,1450.0,0.0,0,0,421,90,0,0,BU03610401,WK036104,GM0361,1913.0,13,13,253472.5,1.0,13,0.0,True,0.0,0.0,253472.5,253472.5,1.0,1.0,0.0,1.0,0.0,1.0,0.0
1816KV,2479.0,620.0,778.55,29,838,430,90,0,0,BU03610401,WK036104,GM0361,2105.0,15,15,278792.5,0.9375,16,677.0,True,2966.5090649999997,2729.1883398,4268.7304802,6997.91882,0.61,0.9375,0.0625,0.9375,0.0625,0.9375,0.0625
1816KW,2720.0,889.0,836.05,32,1052,0,90,0,0,BU03610401,WK036104,GM0361,2655.0,19,19,341332.5,1.0,19,727.0,True,3185.601315,2930.7532098,4583.998610199999,7514.7518199999995,0.61,1.0,0.0,1.0,0.0,1.0,0.0
1816KX,1831.0,633.0,509.45,89,1085,342,90,0,0,BU03610401,WK036104,GM0361,4391.0,47,47,585632.5,1.0,47,443.0,True,1941.157335,1785.8647482000001,2793.2756318000006,4579.140380000001,0.61,1.0,0.0,1.0,0.0,1.0,0.0
1816LA,7278.0,272.0,1233.9499999999998,20,665,243,0,70,0,BU03610400,WK036104,GM0361,1539.0,12,11,371832.5,0.7333333333333333,15,1073.0,True,4701.719684999999,4325.582110199999,6765.654069799999,11091.236179999998,0.61,0.7333333333333333,0.2666666666666667,0.7333333333333333,0.2666666666666667,0.7333333333333333,0.2666666666666667
1816LB,2099.0,0.0,647.4499999999999,35,718,202,70,30,0,BU03610400,WK036104,GM0361,1620.0,19,18,498347.5,0.72,25,563.0,True,2466.9787349999997,2269.6204362,3549.9191438,5819.53958,0.61,0.72,0.28,0.72,0.28,0.72,0.28
1816LC,1683.0,0.0,104.64999999999999,41,819,192,70,30,0,BU03610400,WK036104,GM0361,1696.0,24,22,498355.0,0.96,25,91.0,True,398.74789499999997,366.8480634,573.7879965999999,940.6360599999999,0.61,0.96,0.040000000000000036,0.96,0.040000000000000036,0.96,0.040000000000000036
1816LD,2662.0,449.0,1482.35,23,683,287,80,0,0,BU03610401,WK036104,GM0361,1575.0,15,12,510887.5,0.8823529411764706,17,1289.0,True,5648.198205,5196.3423486,8127.612391399999,13323.95474,0.61,0.8823529411764706,0.11764705882352944,0.8823529411764706,0.11764705882352944,0.8823529411764706,0.11764705882352944
1816LE,4527.0,214.0,4356.2,25,17677,305,80,0,0,BU03610401,WK036104,GM0361,11376.0,90,13,3379900.0,0.8571428571428571,14,3788.0,True,16598.428859999996,15270.554551199999,2464923.602417689,2480194.156968889,0.9938430003520924,0.8571428571428571,0.1428571428571429,0.8571428571428571,0.1428571428571429,0.8571428571428571,0.1428571428571429
1816LG,9864.0,208.0,983.2499999999999,20,1066,254,0,0,0,BU03610400,WK036104,GM0361,1998.0,16,10,267870.0,0.75,12,855.0,True,3746.477475,3446.759277,5391.085022999999,8837.844299999999,0.61,0.75,0.25,0.75,0.25,0.75,0.25
1816LH,1926.0,274.0,855.5999999999999,29,746,0,0,0,0,BU03610400,WK036104,GM0361,1494.0,16,16,415500.0,0.5161290322580645,31,744.0,True,3260.09268,2999.2852656000005,4691.1897744,7690.47504,0.61,0.5161290322580645,0.4838709677419355,0.5161290322580645,0.4838709677419355,0.5161290322580645,0.4838709677419355
1816LJ,1354.0,293.0,740.5999999999999,28,371,189,0,0,0,BU03610400,WK036104,GM0361,1233.0,16,16,349650.0,0.8421052631578947,19,644.0,True,2821.9081799999994,2596.1555255999997,4060.6535143999995,6656.809039999999,0.61,0.8421052631578947,0.1578947368421053,0.8421052631578947,0.1578947368421053,0.8421052631578947,0.1578947368421053
1816LK,2089.0,1257.0,921.15,29,776,253,0,0,0,BU03610400,WK036104,GM0361,1542.0,16,16,247900.0,0.8888888888888888,18,801.0,True,3509.8578449999995,3229.0692173999996,5050.595442599999,8279.664659999999,0.61,0.8888888888888888,0.11111111111111116,0.8888888888888888,0.11111111111111116,0.8888888888888888,0.11111111111111116
1816LL,1401.0,312.0,903.9,30,370,189,0,0,0,BU03610400,WK036104,GM0361,1288.0,16,16,347425.0,0.6666666666666666,24,786.0,True,3444.13017,3168.5997564,4956.0150036,8124.6147599999995,0.61,0.6666666666666666,0.33333333333333337,0.6666666666666666,0.33333333333333337,0.6666666666666666,0.33333333333333337
1816LM,1366.0,460.0,829.15,29,370,189,0,0,0,BU03610400,WK036104,GM0361,1270.0,16,16,352750.0,0.8,20,721.0,True,3159.310245,2906.5654254,4546.1664346,7452.73186,0.61,0.8,0.19999999999999996,0.8,0.19999999999999996,0.8,0.19999999999999996
1816LN,3387.0,106.0,648.5999999999999,78,1897,268,30,70,60,BU03610400,WK036104,GM0361,7687.0,87,50,1300835.0,0.9456521739130435,92,564.0,True,2471.3605799999996,2273.6517335999997,138125.36243743447,140399.01417103448,0.9838057856244614,0.9456521739130435,0.05434782608695654,0.9456521739130435,0.05434782608695654,0.9456521739130435,0.05434782608695654
1816LP,2816.0,560.0,1109.75,25,768,264,0,0,0,BU03610400,WK036104,GM0361,1370.0,14,14,235840.0,1.0,14,965.0,True,4228.480425,3890.201991,6084.674908999999,9974.8769,0.61,1.0,0.0,1.0,0.0,1.0,0.0
1816LR,2165.0,1151.0,581.9,38,966,255,0,0,0,BU03610400,WK036104,GM0361,1917.0,20,20,226627.5,0.8333333333333334,24,506.0,True,2217.21357,2039.8364843999998,3190.5134755999998,5230.34996,0.61,0.8333333333333334,0.16666666666666663,0.8333333333333334,0.16666666666666663,0.8333333333333334,0.16666666666666663
1816LS,1687.0,1270.0,872.8499999999999,35,968,250,0,0,0,BU03610400,WK036104,GM0361,1859.0,20,20,333650.0,1.0,20,759.0,True,3325.820355,3059.7547266,4785.770213399999,7845.524939999999,0.61,1.0,0.0,1.0,0.0,1.0,0.0
1816LT,2106.0,586.0,899.3,37,1204,274,30,70,15,BU03610400,WK036104,GM0361,2197.0,22,22,369430.0,1.0,22,782.0,True,3426.6027900000004,3152.4745668000005,4930.7935532,8083.268120000001,0.61,1.0,0.0,1.0,0.0,1.0,0.0
1816LV,1145.0,0.0,625.5999999999999,94,12471,87,0,100,0,BU03610400,WK036104,GM0361,4219.0,71,2,711080.0,0.9852941176470589,68,544.0,True,2383.7236799999996,2193.0257856,3430.1172544,5623.14304,0.61,0.9852941176470589,0.014705882352941124,0.9852941176470589,0.014705882352941124,0.9852941176470589,0.014705882352941124
1816LW,1563.0,1.0,625.5999999999999,94,12471,194,0,100,0,BU03610400,WK036104,GM0361,3600.0,48,48,748125.0,1.0,48,544.0,True,2383.7236799999996,2193.0257856,3430.1172544,5623.14304,0.61,1.0,0.0,1.0,0.0,1.0,0.0
1816LX,1400.0,3.0,602.5999999999999,66,1289,194,0,100,0,BU03610400,WK036104,GM0361,2625.0,35,35,533625.0,1.0,35,524.0,True,2296.0867799999996,2112.3998376,3304.0100023999994,5416.409839999999,0.61,1.0,0.0,1.0,0.0,1.0,0.0
1816LZ,3872.0,2139.0,1894.05,47,3723,0,0,0,0,BU03610400,WK036104,GM0361,733.0,6,3,201870.0,0.0,3,1647.0,True,7216.898715000001,6639.546817800001,10384.932202200001,17024.479020000002,0.61,0.0,1.0,0.0,1.0,0.0,1.0
1816MA,3872.0,2139.0,1894.05,47,3723,643,100,0,0,BU03610400,WK036104,GM0361,4905.0,22,21,1391680.0,1.0,22,1647.0,True,7216.898715000001,6639.546817800001,10384.932202200001,17024.479020000002,0.61,1.0,0.0,1.0,0.0,1.0,0.0
1816MB,4065.0,2056.0,1859.55,35,4541,614,90,0,0,BU03610400,WK036104,GM0361,7804.0,49,20,1272470.0,0.7142857142857143,28,1617.0,True,7085.443364999999,6518.6078958,373758.6284670571,380277.23636285705,0.9828582747730396,0.7142857142857143,0.2857142857142857,0.7142857142857143,0.2857142857142857,0.7142857142857143,0.2857142857142857
1816MC,4034.0,1512.0,1563.9999999999998,58,4425,0,0,0,0,BU03610409,WK036104,GM0361,40.0,1,1,14300.0,1.0,1,1360.0,True,5959.309199999999,5482.564463999999,8575.293135999998,14057.857599999998,0.61,1.0,0.0,1.0,0.0,1.0,0.0
1816MD,4034.0,1512.0,1563.9999999999998,58,4425,0,0,0,0,BU03610400,WK036104,GM0361,10666.0,102,2,2482557.5,0.8734177215189873,79,1360.0,True,5959.309199999999,5482.564463999999,1079482.449998745,1084965.014462745,0.9949467822548039,0.8734177215189873,0.12658227848101267,0.8734177215189873,0.12658227848101267,0.8734177215189873,0.12658227848101267
1816ME,4034.0,1512.0,1563.9999999999998,58,4425,444,100,0,0,BU03610400,WK036104,GM0361,4869.0,30,30,839155.0,1.0,30,1360.0,True,5959.309199999999,5482.564463999999,8575.293135999998,14057.857599999998,0.61,1.0,0.0,1.0,0.0,1.0,0.0
1816MG,17379.0,550.0,4389.549999999999,40,96817,0,0,0,0,BU03610409,WK036104,GM0361,2443.0,17,3,360470.0,0.5,4,3817.0,True,16725.502365,15387.4621758,24067.569044199998,39455.03122,0.61,0.5,0.5,0.5,0.5,0.5,0.5
1816MH,17379.0,550.0,4389.549999999999,40,96817,0,0,0,0,BU03610409,WK036104,GM0361,23249.0,179,7,7996395.0,0.1111111111111111,9,3817.0,True,16725.502365,15387.4621758,6233558.658429675,6248946.120605474,0.997537590838708,0.1111111111111111,0.8888888888888888,0.1111111111111111,0.8888888888888888,0.1111111111111111,0.8888888888888888
1816MJ,15085.0,177.0,4389.549999999999,40,96817,0,0,0,0,BU03610409,WK036104,GM0361,10568.0,80,11,3589312.5,0.15789473684210525,19,3817.0,True,16725.502365,15387.4621758,1818723.8190442,1834111.28122,0.9916103988163877,0.15789473684210525,0.8421052631578947,0.15789473684210525,0.8421052631578947,0.15789473684210525,0.8421052631578947
1816MK,20832.0,3936.0,2996.8999999999996,41,68245,0,0,0,0,BU03610409,WK036104,GM0361,32341.0,168,4,9016795.0,0.14285714285714285,7,2606.0,True,11419.088069999998,10505.561024399998,6832699.423745124,6843204.984769524,0.9984648185977504,0.14285714285714285,0.8571428571428572,0.14285714285714285,0.8571428571428572,0.14285714285714285,0.8571428571428572
1816ML,6698.0,0.0,0.0,0,0,0,0,0,0,BU03610409,WK036104,GM0361,217.0,2,0,66185.0,0.0,1,0.0,True,0.0,0.0,66185.0,66185.0,1.0,0.0,1.0,0.0,1.0,0.0,1.0
1816MT,6698.0,0.0,0.0,0,0,63,0,100,0,BU03610400,WK036104,GM0361,9829.0,146,0,4029890.0,1.0,146,0.0,True,0.0,0.0,4029890.0,4029890.0,1.0,1.0,0.0,1.0,0.0,1.0,0.0
1816MV,6698.0,0.0,2996.8999999999996,41,68245,132,0,100,0,BU03610400,WK036104,GM0361,1211.0,30,1,368125.0,0.967741935483871,31,2606.0,True,11419.088069999998,10505.561024399998,16431.7749356,26937.335959999997,0.61,0.967741935483871,0.032258064516129004,0.967741935483871,0.032258064516129004,0.967741935483871,0.032258064516129004
1816MX,2502.0,0.0,0.0,0,0,123,0,100,0,BU03610400,WK036104,GM0361,1369.0,33,0,419632.5,0.8918918918918919,37,0.0,True,0.0,0.0,419632.5,419632.5,1.0,0.8918918918918919,0.10810810810810811,0.8918918918918919,0.10810810810810811,0.8918918918918919,0.10810810810810811
1816MZ,2294.0,0.0,0.0,0,0,124,0,100,0,BU03610400,WK036104,GM0361,1178.0,30,0,344325.0,1.0,30,0.0,True,0.0,0.0,344325.0,344325.0,1.0,1.0,0.0,1.0,0.0,1.0,0.0
1816NA,3249.0,0.0,2996.8999999999996,41,68245,206,60,40,0,BU03610400,WK036104,GM0361,1512.0,19,19,464040.0,0.95,20,2606.0,True,11419.088069999998,10505.561024399998,16431.7749356,26937.335959999997,0.61,0.95,0.050000000000000044,0.95,0.050000000000000044,0.95,0.050000000000000044
1816NB,1366.0,0.0,933.8,20,373,201,0,60,0,BU03610400,WK036104,GM0361,876.0,11,11,267810.0,1.0,11,812.0,True,3558.0581399999996,3273.4134888,5119.954431199999,8393.367919999999,0.61,1.0,0.0,1.0,0.0,1.0,0.0
1816NC,1573.0,0.0,909.65,47,744,210,80,30,0,BU03610400,WK036104,GM0361,2448.0,24,24,781972.5,0.47058823529411764,51,791.0,True,3466.039395,3188.7562434,4987.541816599999,8176.298059999999,0.61,0.47058823529411764,0.5294117647058824,0.47058823529411764,0.5294117647058824,0.47058823529411764,0.5294117647058824
1816ND,1489.0,0.0,945.3,32,557,207,40,60,0,BU03610400,WK036104,GM0361,1440.0,18,18,413235.0,1.0,18,822.0,True,3601.876589999999,3313.7264627999994,5183.008057199999,8496.734519999998,0.61,1.0,0.0,1.0,0.0,1.0,0.0
1816NE,1661.0,0.0,1007.4,23,371,206,50,50,0,BU03610400,WK036104,GM0361,1254.0,12,12,398857.5,0.4444444444444444,27,876.0,True,3838.4962199999995,3531.4165224,5523.497637599999,9054.914159999998,0.61,0.4444444444444444,0.5555555555555556,0.4444444444444444,0.5555555555555556,0.4444444444444444,0.5555555555555556
1816NG,1577.0,0.0,945.3,38,738,211,60,40,0,BU03610400,WK036104,GM0361,2148.0,24,24,635565.0,0.6666666666666666,36,822.0,True,3601.876589999999,3313.7264627999994,5183.008057199999,8496.734519999998,0.61,0.6666666666666666,0.33333333333333337,0.6666666666666666,0.33333333333333337,0.6666666666666666,0.33333333333333337
1816NH,2385.0,113.0,1260.3999999999999,37,1353,252,70,40,0,BU03610400,WK036104,GM0361,2236.0,22,21,650247.5,0.7407407407407407,27,1096.0,True,4802.50212,4418.3019504,6910.677409599999,11328.97936,0.61,0.7407407407407407,0.2592592592592593,0.7407407407407407,0.2592592592592593,0.7407407407407407,0.2592592592592593
1816NJ,2278.0,507.0,1279.9499999999998,22,1200,328,90,0,0,BU03610400,WK036104,GM0361,1198.0,12,12,302360.0,0.7058823529411765,17,1113.0,True,4876.993484999998,4486.834006199999,7017.868573799999,11504.702579999997,0.61,0.7058823529411765,0.2941176470588235,0.7058823529411765,0.2941176470588235,0.7058823529411765,0.2941176470588235
1816NK,1401.0,0.0,848.6999999999999,44,745,0,60,40,0,BU03610400,WK036104,GM0361,1876.0,24,24,550957.5,1.0,24,738.0,True,3233.8016100000004,2975.0974812000004,4653.357598799999,7628.45508,0.61,1.0,0.0,1.0,0.0,1.0,0.0
1816NL,1400.0,0.0,842.9499999999999,39,705,145,0,0,0,BU03610400,WK036104,GM0361,1383.0,24,24,440585.0,0.6216216216216216,37,733.0,True,3211.892385,2954.9409942,4621.8307858,7576.77178,0.61,0.6216216216216216,0.3783783783783784,0.6216216216216216,0.3783783783783784,0.6216216216216216,0.3783783783783784
1816NM,2343.0,1.0,1014.3,44,922,207,60,40,0,BU03610400,WK036104,GM0361,2126.0,24,24,637882.5,0.6486486486486487,37,882.0,True,3864.7872899999998,3555.6043068,5561.3298132,9116.93412,0.61,0.6486486486486487,0.3513513513513513,0.6486486486486487,0.3513513513513513,0.6486486486486487,0.3513513513513513
1816NN,1260.0,0.0,860.1999999999999,45,704,146,0,0,0,BU03610400,WK036104,GM0361,1077.0,24,24,311217.5,1.0,24,748.0,True,3277.6200599999997,3015.4104552,4716.411224799999,7731.821679999999,0.61,1.0,0.0,1.0,0.0,1.0,0.0
1816NP,3538.0,303.0,1367.35,29,1726,289,90,0,0,BU03610400,WK036104,GM0361,1759.0,18,15,541212.5,0.6666666666666666,24,1189.0,True,5210.013704999999,4793.2126086,7497.076131399998,12290.288739999998,0.61,0.6666666666666666,0.33333333333333337,0.6666666666666666,0.33333333333333337,0.6666666666666666,0.33333333333333337
1816NR,1892.0,345.0,901.5999999999999,115,6233,247,30,70,0,BU03610400,WK036104,GM0361,5944.0,62,62,1475552.5,0.8732394366197183,71,784.0,True,3435.36648,3160.5371616,4943.404278399999,8103.94144,0.61,0.8732394366197183,0.12676056338028174,0.8732394366197183,0.12676056338028174,0.8732394366197183,0.12676056338028174
1816NS,2624.0,167.0,1285.6999999999998,38,1680,262,90,0,0,BU03610400,WK036104,GM0361,2048.0,21,21,647107.5,0.9523809523809523,21,1118.0,True,4898.9027099999985,4506.990493199999,7049.395386799999,11556.385879999998,0.61,0.9523809523809523,0.04761904761904767,0.9523809523809523,0.04761904761904767,0.9523809523809523,0.04761904761904767
1816NT,1745.0,416.0,1228.1999999999998,47,1384,298,100,0,0,BU03610400,WK036104,GM0361,2419.0,24,24,723912.5,0.6,40,1068.0,True,4679.810459999999,4305.425623199999,6734.127256799999,11039.552879999997,0.61,0.6,0.4,0.6,0.4,0.6,0.4
1816NV,1759.0,283.0,1327.1,46,1395,299,100,0,0,BU03610400,WK036104,GM0361,2660.0,24,24,888132.5,0.6,40,1154.0,True,5056.64913,4652.1171996,7276.388440399999,11928.50564,0.61,0.6,0.4,0.6,0.4,0.6,0.4
1816NW,2560.0,726.0,1144.25,21,1165,313,100,0,0,BU03610400,WK036104,GM0361,1526.0,12,12,510260.0,0.7058823529411765,17,995.0,True,4359.935775,4011.140913,6273.835787000001,10284.976700000001,0.61,0.7058823529411765,0.2941176470588235,0.7058823529411765,0.2941176470588235,0.7058823529411765,0.2941176470588235
1816NX,2663.0,690.0,1243.1499999999999,24,716,303,90,0,0,BU03610400,WK036104,GM0361,1406.0,12,12,461320.0,1.0,12,1081.0,True,4736.774444999999,4357.8324894,6816.0969706,11173.92946,0.61,1.0,0.0,1.0,0.0,1.0,0.0
1816NZ,2866.0,587.0,1023.4999999999999,58,2242,378,0,0,0,BU03610400,WK036104,GM0361,853.0,8,8,167300.0,1.0,8,890.0,True,3899.8420499999993,3587.8546859999997,5611.772714,9199.6274,0.61,1.0,0.0,1.0,0.0,1.0,0.0
1816PA,2866.0,587.0,1023.4999999999999,58,2242,304,100,0,0,BU03610401,WK036104,GM0361,2837.0,23,23,902230.0,0.8846153846153846,26,890.0,True,3899.8420499999993,3587.8546859999997,5611.772714,9199.6274,0.61,0.8846153846153846,0.11538461538461542,0.8846153846153846,0.11538461538461542,0.8846153846153846,0.11538461538461542
1816PB,2437.0,474.0,945.3,51,1470,252,80,20,0,BU03610400,WK036104,GM0361,3027.0,28,26,950592.5,0.7941176470588235,34,822.0,True,3601.876589999999,3313.7264627999994,5183.008057199999,8496.734519999998,0.61,0.7941176470588235,0.20588235294117652,0.7941176470588235,0.20588235294117652,0.7941176470588235,0.20588235294117652
1816PC,2386.0,258.0,1389.1999999999998,30,986,311,100,0,0,BU03610400,WK036104,GM0361,1691.0,15,15,531860.0,0.75,20,1208.0,True,5293.268759999999,4869.807259199999,7616.878020799999,12486.685279999998,0.61,0.75,0.25,0.75,0.25,0.75,0.25
1816PD,2638.0,290.0,1344.35,37,1410,320,80,0,0,BU03610400,WK036104,GM0361,2381.0,20,20,654285.0,0.8333333333333334,24,1169.0,True,5122.376805,4712.5866606,7370.968879399999,12083.55554,0.61,0.8333333333333334,0.16666666666666663,0.8333333333333334,0.16666666666666663,0.8333333333333334,0.16666666666666663
1816PE,4772.0,844.0,0.0,0,0,152,0,0,0,BU03610401,WK036104,GM0361,1437.0,24,0,250812.5,0.96,25,0.0,True,0.0,0.0,250812.5,250812.5,1.0,0.96,0.040000000000000036,0.96,0.040000000000000036,0.96,0.040000000000000036
1816PG,912.0,1043.0,0.0,0,0,153,0,0,0,BU03610401,WK036104,GM0361,1469.0,25,0,257075.0,1.0,25,0.0,True,0.0,0.0,257075.0,257075.0,1.0,1.0,0.0,1.0,0.0,1.0,0.0
1816PH,907.0,968.0,0.0,0,0,152,0,0,0,BU03610401,WK036104,GM0361,1453.0,25,0,254275.0,1.0,25,0.0,True,0.0,0.0,254275.0,254275.0,1.0,1.0,0.0,1.0,0.0,1.0,0.0
1816PJ,1033.0,1315.0,0.0,0,0,152,0,0,0,BU03610401,WK036104,GM0361,1453.0,25,0,254275.0,1.0,25,0.0,True,0.0,0.0,254275.0,254275.0,1.0,1.0,0.0,1.0,0.0,1.0,0.0
1816PK,1208.0,870.0,0.0,0,0,152,0,100,0,BU03610401,WK036104,GM0361,1803.0,31,0,354312.5,1.0,31,0.0,True,0.0,0.0,354312.5,354312.5,1.0,1.0,0.0,1.0,0.0,1.0,0.0
1816PL,3217.0,0.0,0.0,0,0,148,0,0,0,BU03610401,WK036104,GM0361,2339.0,30,0,750805.0,0.6857142857142857,35,0.0,True,0.0,0.0,750805.0,750805.0,1.0,0.6857142857142857,0.3142857142857143,0.6857142857142857,0.3142857142857143,0.6857142857142857,0.3142857142857143
1816PM,1376.0,0.0,0.0,0,0,149,0,0,0,BU03610401,WK036104,GM0361,1336.0,24,0,399480.0,1.0,24,0.0,True,0.0,0.0,399480.0,399480.0,1.0,1.0,0.0,1.0,0.0,1.0,0.0
1816PN,1174.0,0.0,0.0,0,0,149,0,0,0,BU03610401,WK036104,GM0361,1336.0,24,0,399480.0,1.0,24,0.0,True,0.0,0.0,399480.0,399480.0,1.0,1.0,0.0,1.0,0.0,1.0,0.0
1816PP,1305.0,0.0,0.0,0,0,149,0,0,0,BU03610401,WK036104,GM0361,1336.0,24,0,399480.0,1.0,24,0.0,True,0.0,0.0,399480.0,399480.0,1.0,1.0,0.0,1.0,0.0,1.0,0.0
1816PR,5287.0,0.0,0.0,0,0,150,0,0,0,BU03610400,WK036104,GM0361,2453.0,31,0,799332.5,0.6944444444444444,36,0.0,True,0.0,0.0,799332.5,799332.5,1.0,0.6944444444444444,0.3055555555555556,0.6944444444444444,0.3055555555555556,0.6944444444444444,0.3055555555555556
1816PS,1510.0,0.0,0.0,0,0,148,0,0,0,BU03610400,WK036104,GM0361,1387.0,24,1,416770.0,0.9583333333333334,24,0.0,True,0.0,0.0,416770.0,416770.0,1.0,0.9583333333333334,0.04166666666666663,0.9583333333333334,0.04166666666666663,0.9583333333333334,0.04166666666666663
1816PT,1435.0,0.0,0.0,0,0,149,0,0,0,BU03610400,WK036104,GM0361,1336.0,24,0,393097.5,1.0,24,0.0,True,0.0,0.0,393097.5,393097.5,1.0,1.0,0.0,1.0,0.0,1.0,0.0
1816PV,1362.0,0.0,0.0,0,0,149,0,0,0,BU03610400,WK036104,GM0361,1336.0,24,0,399480.0,1.0,24,0.0,True,0.0,0.0,399480.0,399480.0,1.0,1.0,0.0,1.0,0.0,1.0,0.0
1816PW,1464.0,0.0,0.0,0,0,149,0,0,0,BU03610400,WK036104,GM0361,1336.0,24,0,403985.0,1.0,24,0.0,True,0.0,0.0,403985.0,403985.0,1.0,1.0,0.0,1.0,0.0,1.0,0.0
1816PX,1644.0,0.0,0.0,0,0,149,0,0,0,BU03610400,WK036104,GM0361,1389.0,25,0,405672.5,1.0,25,0.0,True,0.0,0.0,405672.5,405672.5,1.0,1.0,0.0,1.0,0.0,1.0,0.0
1816PZ,4270.0,1873.0,1821.6,51,5238,578,100,0,0,BU03610400,WK036104,GM0361,6200.0,34,28,1202912.5,0.9655172413793104,29,1584.0,True,6940.842479999999,6385.5750816,9987.6943584,16373.26944,0.61,0.9655172413793104,0.03448275862068961,0.9655172413793104,0.03448275862068961,0.9655172413793104,0.03448275862068961
1816TA,0.0,0.0,1265.0,27,1544,335,100,0,0,BU03610401,WK036104,GM0361,1764.0,15,15,650760.0,1.0,15,1100.0,True,4820.0295,4434.42714,6935.898859999999,11370.326,0.61,1.0,0.0,1.0,0.0,1.0,0.0
1816TB,1914.0,0.0,162.14999999999998,36,3169,190,70,30,0,BU03610401,WK036104,GM0361,1116.0,19,19,357120.0,1.0,19,141.0,True,617.8401449999999,568.4129333999999,889.0561266,1457.46906,0.61,1.0,0.0,1.0,0.0,1.0,0.0
1816TC,2890.0,0.0,112.69999999999999,29,3169,188,80,0,0,BU03610401,WK036104,GM0361,992.0,17,13,318680.0,1.0,17,98.0,True,429.42081,395.0671452,617.9255347999999,1012.99268,0.61,1.0,0.0,1.0,0.0,1.0,0.0
1816TD,2289.0,0.0,193.2,33,3169,0,80,0,0,BU03610401,WK036104,GM0361,1054.0,18,17,297135.0,1.0,18,168.0,True,736.14996,677.2579632,1059.3009168,1736.55888,0.61,1.0,0.0,1.0,0.0,1.0,0.0
1816TE,4089.0,0.0,164.45,31,3169,0,60,40,0,BU03610401,WK036104,GM0361,1023.0,18,18,319997.5,1.0,18,143.0,True,626.603835,576.4755282,901.6668517999998,1478.1423799999998,0.61,1.0,0.0,1.0,0.0,1.0,0.0
1816TG,4724.0,0.0,197.79999999999998,30,2378,183,80,0,0,BU03610401,WK036104,GM0361,1144.0,19,17,360162.5,0.9473684210526315,19,172.0,True,753.6773400000001,693.3831528000001,1084.5223672,1777.90552,0.61,0.9473684210526315,0.052631578947368474,0.9473684210526315,0.052631578947368474,0.9473684210526315,0.052631578947368474
1816TH,2206.0,0.0,204.7,34,2378,190,80,0,0,BU03610401,WK036104,GM0361,1054.0,18,17,294267.5,1.0,18,178.0,True,779.9684099999998,717.5709371999999,1122.3545428,1839.9254799999999,0.61,1.0,0.0,1.0,0.0,1.0,0.0
1816TJ,2039.0,0.0,98.89999999999999,29,2378,189,80,0,0,BU03610401,WK036104,GM0361,992.0,17,16,290237.5,1.0,17,86.0,True,376.83867000000004,346.69157640000003,542.2611836,888.95276,0.61,1.0,0.0,1.0,0.0,1.0,0.0
1816TK,1405.0,0.0,338.09999999999997,33,2378,0,80,0,0,BU03610401,WK036104,GM0361,1085.0,19,18,350920.0,1.0,19,294.0,True,1288.26243,1185.2014356,1853.7766044,3038.97804,0.61,1.0,0.0,1.0,0.0,1.0,0.0
1816TL,3889.0,0.0,273.7,31,2377,190,60,40,0,BU03610401,WK036104,GM0361,1054.0,18,17,329685.0,1.0,18,238.0,True,1042.87911,959.4487812000002,1500.6762988,2460.1250800000003,0.61,1.0,0.0,1.0,0.0,1.0,0.0
1816TM,1352.0,3.0,120.74999999999999,27,2377,0,90,0,0,BU03610401,WK036104,GM0361,1054.0,18,15,309302.5,1.0,18,105.0,True,460.0937249999999,423.28622699999994,662.0630729999999,1085.3492999999999,0.61,1.0,0.0,1.0,0.0,1.0,0.0
1816TN,1873.0,0.0,85.1,30,2377,188,90,0,0,BU03610401,WK036104,GM0361,1054.0,18,16,335187.5,1.0,18,74.0,True,324.25652999999994,298.3160076,466.5968324,764.91284,0.61,1.0,0.0,1.0,0.0,1.0,0.0
1816TP,2494.0,0.0,215.04999999999998,30,2377,180,80,0,0,BU03610401,WK036104,GM0361,1113.0,19,16,347840.0,0.9473684210526315,19,187.0,True,819.4050149999999,753.8526138,1179.1028061999998,1932.9554199999998,0.61,0.9473684210526315,0.052631578947368474,0.9473684210526315,0.052631578947368474,0.9473684210526315,0.052631578947368474
1816TR,1519.0,262.0,1114.35,25,1061,262,90,0,0,BU03610401,WK036104,GM0361,1702.0,14,13,645937.5,0.4666666666666667,30,969.0,True,4246.007804999999,3906.3271805999993,6109.8963594,10016.223539999999,0.61,0.4666666666666667,0.5333333333333333,0.4666666666666667,0.5333333333333333,0.4666666666666667,0.5333333333333333
1816TS,3108.0,588.0,1270.75,36,1847,291,0,0,0,BU03610401,WK036104,GM0361,1256.0,8,8,436640.0,0.3333333333333333,24,1105.0,True,4841.938725,4454.583627,6967.425673,11422.0093,0.61,0.3333333333333333,0.6666666666666667,0.3333333333333333,0.6666666666666667,0.3333333333333333,0.6666666666666667
1816TT,2436.0,354.0,1270.75,36,1847,286,100,0,0,BU03610401,WK036104,GM0361,1645.0,13,13,465515.0,0.5,24,1105.0,True,4841.938725,4454.583627,6967.425673,11422.0093,0.61,0.5,0.5,0.5,0.5,0.5,0.5
1816VA,1582.0,1435.0,663.55,39,972,259,0,80,15,BU03610400,WK036104,GM0361,1940.0,20,20,283050.0,0.8333333333333334,24,577.0,True,2528.324565,2326.0585998,3638.1942201999996,5964.25282,0.61,0.8333333333333334,0.16666666666666663,0.8333333333333334,0.16666666666666663,0.8333333333333334,0.16666666666666663
1816VB,2806.0,1067.0,910.8,22,582,242,0,0,0,BU03610400,WK036104,GM0361,1127.0,12,12,158457.5,1.0,12,792.0,True,3470.4212399999997,3192.7875408,4993.8471792,8186.63472,0.61,1.0,0.0,1.0,0.0,1.0,0.0
1816VC,2803.0,361.0,3331.5499999999997,51,2148,587,0,0,0,BU03610400,WK036104,GM0361,1245.0,6,6,274220.0,1.0,6,2897.0,True,12694.204964999999,11678.6685678,18266.6354522,29945.30402,0.61,1.0,0.0,1.0,0.0,1.0,0.0
1816VD,2803.0,361.0,3331.5499999999997,51,2148,187,0,0,0,BU03610400,WK036104,GM0361,1847.0,24,24,454007.5,0.96,25,2897.0,True,12694.204964999999,11678.6685678,18266.6354522,29945.30402,0.61,0.96,0.040000000000000036,0.96,0.040000000000000036,0.96,0.040000000000000036
1816VE,1892.0,0.0,948.7499999999999,45,557,187,0,0,0,BU03610400,WK036104,GM0361,1843.0,24,24,458872.5,0.8275862068965517,29,825.0,True,3615.0221249999995,3325.820355,5201.924144999999,8527.744499999999,0.61,0.8275862068965517,0.1724137931034483,0.8275862068965517,0.1724137931034483,0.8275862068965517,0.1724137931034483
1816VG,3313.0,161.0,2717.45,52,2277,198,0,0,0,BU03610400,WK036104,GM0361,3507.0,29,28,826150.0,0.8125,32,2363.0,True,10354.299734999999,9525.955756199999,14899.571823799999,24425.527579999998,0.61,0.8125,0.1875,0.8125,0.1875,0.8125,0.1875
1816VH,2112.0,975.0,711.8499999999999,44,1205,270,30,70,15,BU03610400,WK036104,GM0361,2242.0,22,22,297985.0,1.0,22,619.0,True,2712.3620549999996,2495.3730905999996,3903.0194493999993,6398.392539999999,0.61,1.0,0.0,1.0,0.0,1.0,0.0
1816VJ,2319.0,1510.0,775.0999999999999,38,967,238,0,0,0,BU03610400,WK036104,GM0361,1867.0,20,20,302972.5,0.9523809523809523,21,674.0,True,2953.363529999999,2717.0944475999995,4249.8143924,6966.908839999999,0.61,0.9523809523809523,0.04761904761904767,0.9523809523809523,0.04761904761904767,0.9523809523809523,0.04761904761904767
1816VK,1909.0,1225.0,891.2499999999999,35,967,249,0,0,0,BU03610400,WK036104,GM0361,1888.0,20,20,338500.0,0.8695652173913043,23,775.0,True,3395.9298749999994,3124.2554849999997,4886.656015,8010.911499999999,0.61,0.8695652173913043,0.13043478260869568,0.8695652173913043,0.13043478260869568,0.8695652173913043,0.13043478260869568
1816VL,1823.0,1058.0,899.3,26,862,261,0,80,10,BU03610400,WK036104,GM0361,1405.0,14,14,217592.5,1.0,14,782.0,True,3426.6027900000004,3152.4745668000005,4930.7935532,8083.268120000001,0.61,1.0,0.0,1.0,0.0,1.0,0.0
1816VM,2356.0,503.0,1646.8,34,1347,188,0,0,0,BU03610400,WK036104,GM0361,2293.0,25,18,434140.0,0.8421052631578947,19,1432.0,True,6274.80204,5772.8178768,9029.2792432,14802.09712,0.61,0.8421052631578947,0.1578947368421053,0.8421052631578947,0.1578947368421053,0.8421052631578947,0.1578947368421053
1816VN,1620.0,412.0,951.05,49,554,188,0,0,0,BU03610400,WK036104,GM0361,1880.0,24,24,487460.0,0.9230769230769231,26,827.0,True,3623.785815,3333.8829498000005,5214.5348702,8548.41782,0.61,0.9230769230769231,0.07692307692307687,0.9230769230769231,0.07692307692307687,0.9230769230769231,0.07692307692307687
1816VP,1955.0,0.0,1064.8999999999999,28,373,188,0,0,0,BU03610400,WK036104,GM0361,1236.0,16,16,309665.0,0.9411764705882353,17,926.0,True,4057.5884699999997,3732.9813924,5838.765767599999,9571.747159999999,0.61,0.9411764705882353,0.05882352941176472,0.9411764705882353,0.05882352941176472,0.9411764705882353,0.05882352941176472
1816VR,1422.0,0.0,1060.3,30,369,187,0,0,0,BU03610400,WK036104,GM0361,1252.0,16,16,370322.5,0.8,20,922.0,True,4040.0610899999992,3716.8562027999997,5813.5443172,9530.40052,0.61,0.8,0.19999999999999996,0.8,0.19999999999999996,0.8,0.19999999999999996
1816VS,1955.0,1712.0,986.6999999999999,30,775,245,0,0,0,BU03610400,WK036104,GM0361,1504.0,16,16,263200.0,1.0,16,858.0,True,3759.6230099999993,3458.8531691999997,5410.0011108,8868.85428,0.61,1.0,0.0,1.0,0.0,1.0,0.0
1816XA,2855.0,918.0,1719.2499999999998,23,1565,248,0,0,0,BU03610400,WK036104,GM0361,2005.0,19,13,511975.0,0.9230769230769231,13,1495.0,True,6550.858274999999,6026.789612999999,9426.517087,15453.3067,0.6100000000000001,0.9230769230769231,0.07692307692307687,0.9230769230769231,0.07692307692307687,0.9230769230769231,0.07692307692307687
1816XB,1728.0,1511.0,941.8499999999999,38,967,250,0,0,0,BU03610400,WK036104,GM0361,1918.0,20,20,349510.0,0.8,25,819.0,True,3588.7310549999997,3301.6325706,5164.0919693999995,8465.72454,0.61,0.8,0.19999999999999996,0.8,0.19999999999999996,0.8,0.19999999999999996
1816XC,1553.0,375.0,991.3,33,372,0,0,0,0,BU03610400,WK036104,GM0361,1256.0,16,16,312850.0,1.0,16,862.0,True,3777.15039,3474.9783588,5435.222561199999,8910.20092,0.61,1.0,0.0,1.0,0.0,1.0,0.0
1816XD,1327.0,243.0,871.6999999999999,31,370,188,0,0,0,BU03610400,WK036104,GM0361,1220.0,16,16,287725.0,1.0,16,758.0,True,3321.438509999999,3055.7234291999994,4779.464850799999,7835.1882799999985,0.61,1.0,0.0,1.0,0.0,1.0,0.0
1816XE,1356.0,0.0,804.9999999999999,29,374,0,0,0,0,BU03610400,WK036104,GM0361,1477.0,17,16,415490.0,0.5925925925925926,27,700.0,True,3067.2914999999994,2821.9081799999994,4413.75382,7235.661999999999,0.61,0.5925925925925926,0.40740740740740744,0.5925925925925926,0.40740740740740744,0.5925925925925926,0.40740740740740744
1816XG,1680.0,0.0,1015.4499999999999,30,369,0,0,0,0,BU03610400,WK036104,GM0361,1256.0,16,16,329530.0,1.0,16,883.0,True,3869.1691349999996,3559.6356041999998,5567.635175799999,9127.270779999999,0.61,1.0,0.0,1.0,0.0,1.0,0.0
1816XH,2062.0,330.0,951.05,30,370,0,0,0,0,BU03610400,WK036104,GM0361,1256.0,16,16,329420.0,1.0,16,827.0,True,3623.785815,3333.8829498000005,5214.5348702,8548.41782,0.61,1.0,0.0,1.0,0.0,1.0,0.0
1816XJ,1527.0,543.0,944.15,31,372,188,0,0,0,BU03610400,WK036104,GM0361,1220.0,16,16,301045.0,1.0,16,821.0,True,3597.4947449999995,3309.6951653999995,5176.7026946,8486.39786,0.61,1.0,0.0,1.0,0.0,1.0,0.0
1816XK,1593.0,0.0,1066.05,27,373,0,0,0,0,BU03610400,WK036104,GM0361,1406.0,16,16,397885.0,0.5925925925925926,27,927.0,True,4061.9703149999996,3737.0126898,5845.0711302,9582.08382,0.61,0.5925925925925926,0.40740740740740744,0.5925925925925926,0.40740740740740744,0.5925925925925926,0.40740740740740744
1816XL,1406.0,0.0,928.05,33,370,187,0,0,0,BU03610400,WK036104,GM0361,1232.0,16,16,358167.5,0.8,20,807.0,True,3536.1489149999993,3253.2570017999997,5088.4276182,8341.68462,0.61,0.8,0.19999999999999996,0.8,0.19999999999999996,0.8,0.19999999999999996
1816XM,1681.0,0.0,1017.7499999999999,50,986,172,0,0,0,BU03610400,WK036104,GM0361,1862.0,27,27,439487.5,0.9642857142857143,28,885.0,True,3877.9328249999994,3567.6981989999995,5580.245900999999,9147.944099999999,0.61,0.9642857142857143,0.0357142857142857,0.9642857142857143,0.0357142857142857,0.9642857142857143,0.0357142857142857
1816XN,1873.0,305.0,1215.55,47,371,0,0,0,0,BU03610400,WK036104,GM0361,3663.77,34,24,1315885.7,0.6666666666666666,24,1057.0,True,4631.610164999999,4261.0813517999995,6664.7682681999995,10925.849619999999,0.61,0.6666666666666666,0.33333333333333337,0.6666666666666666,0.33333333333333337,0.6666666666666666,0.33333333333333337
1816XP,996.0,315.0,992.4499999999999,33,967,187,0,0,0,BU03610400,WK036104,GM0361,1309.0,17,17,360515.0,0.8,20,863.0,True,3781.5322349999997,3479.0096562,5441.5279238,8920.53758,0.61,0.8,0.19999999999999996,0.8,0.19999999999999996,0.8,0.19999999999999996
1816XR,1137.0,77.0,856.7499999999999,27,355,187,0,0,0,BU03610400,WK036104,GM0361,1252.0,16,16,357175.0,0.8,20,745.0,True,3264.474524999999,3003.3165629999994,4697.495137,7700.811699999999,0.61,0.8,0.19999999999999996,0.8,0.19999999999999996,0.8,0.19999999999999996
1816XS,1673.0,393.0,873.9999999999999,44,547,187,0,0,0,BU03610400,WK036104,GM0361,1878.0,24,24,511167.5,0.8,30,760.0,True,3330.202199999999,3063.786023999999,4792.075575999999,7855.861599999998,0.61,0.8,0.19999999999999996,0.8,0.19999999999999996,0.8,0.19999999999999996
1816XT,2592.0,720.0,1174.1499999999999,36,1547,249,100,0,0,BU03610400,WK036104,GM0361,2629.0,20,20,675815.0,1.0,20,1021.0,True,4473.863745,4115.9546454,6437.775214599999,10553.72986,0.61,1.0,0.0,1.0,0.0,1.0,0.0
1816XV,2555.0,833.0,1189.1,28,1309,0,90,0,0,BU03610400,WK036104,GM0361,2124.0,16,16,597165.0,1.0,16,1034.0,True,4530.827729999999,4168.361511599999,6519.744928399999,10688.106439999998,0.61,1.0,0.0,1.0,0.0,1.0,0.0
1816XW,3232.0,168.0,1228.1999999999998,39,1481,251,90,0,0,BU03610400,WK036104,GM0361,2613.0,20,20,709312.5,1.0,20,1068.0,True,4679.810459999999,4305.425623199999,6734.127256799999,11039.552879999997,0.61,1.0,0.0,1.0,0.0,1.0,0.0
1816XX,2815.0,507.0,1278.8,28,1292,252,100,0,0,BU03610400,WK036104,GM0361,2118.0,16,16,599622.5,1.0,16,1112.0,True,4872.61164,4482.8027088,7011.5632111999985,11494.365919999998,0.61,1.0,0.0,1.0,0.0,1.0,0.0
1817BA,24518.0,36.0,8965.4,24,9722,102,0,0,0,BU03610403,WK036104,GM0361,11116.0,88,7,3395317.5,0.25,24,7796.0,True,34160.86362,31427.9945304,2518478.4250114183,2549906.419541818,0.9876748439513138,0.25,0.75,0.25,0.75,0.25,0.75
1817BB,4766.0,0.0,4357.349999999999,18,15555,0,0,0,0,BU03610409,WK036104,GM0361,15200.0,117,9,2302345.0,0.3,10,3789.0,True,16602.810705,15274.5858486,1972029.095814477,1987303.6816630769,0.9923139145820847,0.3,0.7,0.3,0.7,0.3,0.7
1817BC,4470.0,434.0,1316.75,49,202520,301,0,0,0,BU03610403,WK036104,GM0361,27482.0,212,9,4487762.5,0.5384615384615384,13,1145.0,True,5017.212525,4615.835523,3457716.2793279435,3462332.1148509434,0.9986668420677492,0.5384615384615384,0.46153846153846156,0.5384615384615384,0.46153846153846156,0.5384615384615384,0.46153846153846156
1817BD,2095.0,103.0,1316.75,49,202520,271,90,0,0,BU03610403,WK036104,GM0361,1910.0,23,23,642562.5,1.0,23,1145.0,True,5017.212525,4615.835523,7219.640176999999,11835.475699999999,0.61,1.0,0.0,1.0,0.0,1.0,0.0
1817BE,2070.0,222.0,984.4,26,495,265,100,0,0,BU03610403,WK036104,GM0361,1144.0,14,14,404907.5,1.0,14,856.0,True,3750.85932,3450.7905744,5397.3903856,8848.18096,0.61,1.0,0.0,1.0,0.0,1.0,0.0
1817BG,2985.0,0.0,2618.5499999999997,97,76175,0,0,0,0,BU03610409,WK036104,GM0361,454.0,2,2,118880.0,1.0,2,2277.0,True,9977.461065,9179.2641798,14357.310640199998,23536.574819999998,0.61,1.0,0.0,1.0,0.0,1.0,0.0
1817BH,3331.0,427.0,2618.5499999999997,97,76175,0,0,0,0,BU03610403,WK036104,GM0361,26777.0,106,4,5195997.5,0.2222222222222222,9,2277.0,True,9977.461065,9179.2641798,455526.90969680366,464706.17387660366,0.980247165422344,0.2222222222222222,0.7777777777777778,0.2222222222222222,0.7777777777777778,0.2222222222222222,0.7777777777777778
1817BJ,3331.0,427.0,2618.5499999999997,97,76175,452,0,0,0,BU03610409,WK036104,GM0361,3866.0,29,4,1365065.0,0.75,8,2277.0,True,9977.461065,9179.2641798,14357.310640199998,23536.574819999998,0.61,0.75,0.25,0.75,0.25,0.75,0.25
1817BK,3331.0,427.0,2618.5499999999997,97,76175,440,100,0,0,BU03610403,WK036104,GM0361,5378.0,45,43,1104980.0,0.9772727272727273,44,2277.0,True,9977.461065,9179.2641798,14357.310640199998,23536.574819999998,0.61,0.9772727272727273,0.022727272727272707,0.9772727272727273,0.022727272727272707,0.9772727272727273,0.022727272727272707
1817BL,2801.0,482.0,1780.1999999999998,45,2945,439,0,0,0,BU03610403,WK036104,GM0361,1267.0,9,8,406562.5,1.0,9,1548.0,True,6783.096059999999,6240.4483752,9760.701304799997,16001.149679999997,0.61,1.0,0.0,1.0,0.0,1.0,0.0
1817BM,1951.0,11.0,1780.1999999999998,45,2945,0,0,0,0,BU03610409,WK036104,GM0361,1573.0,12,1,319530.0,0.3333333333333333,3,1548.0,True,6783.096059999999,6240.4483752,9760.701304799997,16001.149679999997,0.61,0.3333333333333333,0.6666666666666667,0.3333333333333333,0.6666666666666667,0.3333333333333333,0.6666666666666667
1817CA,1951.0,11.0,1780.1999999999998,45,2945,0,80,0,0,BU03610403,WK036104,GM0361,1209.0,15,15,465292.5,1.0,15,1548.0,True,6783.096059999999,6240.4483752,9760.701304799997,16001.149679999997,0.61,1.0,0.0,1.0,0.0,1.0,0.0
1817CB,2730.0,0.0,942.9999999999999,32,571,259,90,0,0,BU03610403,WK036104,GM0361,1446.0,18,18,570040.0,1.0,18,820.0,True,3593.1129000000005,3305.6638680000005,5170.397332,8476.0612,0.61,1.0,0.0,1.0,0.0,1.0,0.0
1817CC,1645.0,51.0,933.8,37,730,268,90,0,0,BU03610403,WK036104,GM0361,1772.0,21,21,637987.5,0.9545454545454546,22,812.0,True,3558.0581399999996,3273.4134888,5119.954431199999,8393.367919999999,0.61,0.9545454545454546,0.045454545454545414,0.9545454545454546,0.045454545454545414,0.9545454545454546,0.045454545454545414
1817CD,2044.0,136.0,895.8499999999999,29,573,261,90,0,0,BU03610403,WK036104,GM0361,1431.0,18,18,553110.0,1.0,18,779.0,True,3413.457254999999,3140.380674599999,4911.877465399999,8052.258139999998,0.61,1.0,0.0,1.0,0.0,1.0,0.0
1817CE,1712.0,0.0,773.9499999999999,32,571,0,100,0,0,BU03610403,WK036104,GM0361,1428.0,18,18,521175.0,1.0,18,673.0,True,2948.9816849999993,2713.0631501999997,4243.5090298,6956.572179999999,0.61,1.0,0.0,1.0,0.0,1.0,0.0
1817CG,1938.0,105.0,792.3499999999999,28,507,253,100,0,0,BU03610403,WK036104,GM0361,1251.0,16,16,450772.5,1.0,16,689.0,True,3019.091205,2777.5639086,4344.3948314,7121.95874,0.61,1.0,0.0,1.0,0.0,1.0,0.0
1817CH,2205.0,6.0,716.4499999999999,29,510,255,90,0,0,BU03610403,WK036104,GM0361,1278.0,16,16,454732.5,1.0,16,623.0,True,2729.889434999999,2511.4982801999995,3928.240899799999,6439.739179999999,0.61,1.0,0.0,1.0,0.0,1.0,0.0
1817CJ,2053.0,177.0,773.9499999999999,27,478,257,100,0,0,BU03610403,WK036104,GM0361,1288.0,16,15,473837.5,1.0,16,673.0,True,2948.9816849999993,2713.0631501999997,4243.5090298,6956.572179999999,0.61,1.0,0.0,1.0,0.0,1.0,0.0
1817CK,1925.0,85.0,777.4,24,445,0,100,0,0,BU03610403,WK036104,GM0361,1128.0,14,14,384277.5,1.0,14,676.0,True,2962.12722,2725.1570424,4262.4251176,6987.58216,0.61,1.0,0.0,1.0,0.0,1.0,0.0
1817CL,1665.0,0.0,792.3499999999999,21,430,256,90,0,0,BU03610403,WK036104,GM0361,982.0,12,12,366377.5,1.0,12,689.0,True,3019.091205,2777.5639086,4344.3948314,7121.95874,0.61,1.0,0.0,1.0,0.0,1.0,0.0
1817CM,1893.0,24.0,726.8,31,655,0,90,0,0,BU03610403,WK036104,GM0361,1638.0,20,20,595290.0,1.0,20,632.0,True,2769.32604,2547.7799568,3984.9891632,6532.76912,0.61,1.0,0.0,1.0,0.0,1.0,0.0
1817CN,1981.0,12.0,814.1999999999999,19,315,254,100,0,0,BU03610403,WK036104,GM0361,803.0,10,10,298912.5,1.0,10,708.0,True,3102.346259999999,2854.158559199999,4464.1967208,7318.355279999999,0.6100000000000001,1.0,0.0,1.0,0.0,1.0,0.0
1817CP,2939.0,525.0,1200.6,20,815,290,100,0,0,BU03610403,WK036104,GM0361,1227.0,11,11,443485.0,0.9090909090909091,11,1044.0,True,4574.64618,4208.6744856,6582.798554399999,10791.473039999999,0.61,0.9090909090909091,0.09090909090909094,0.9090909090909091,0.09090909090909094,0.9090909090909091,0.09090909090909094
1817CR,7747.0,985.0,3343.0499999999997,69,18546,291,0,0,0,BU03610403,WK036104,GM0361,727.0,7,7,292715.0,0.875,8,2907.0,True,12738.023415,11718.9815418,18329.689078199997,30048.670619999997,0.61,0.875,0.125,0.875,0.125,0.875,0.125
1817DA,7747.0,985.0,3343.0499999999997,69,18546,0,0,0,0,BU03610409,WK036104,GM0361,30717.0,242,33,5173420.0,0.0392156862745098,51,2907.0,True,12738.023415,11718.9815418,3716683.6560203484,3728402.6375621483,0.9968568358407067,0.0392156862745098,0.9607843137254902,0.0392156862745098,0.9607843137254902,0.0392156862745098,0.9607843137254902
1817DC,17179.0,201.0,8424.9,39,30343,273,0,0,0,BU03610409,WK036104,GM0361,24926.0,172,22,4714217.5,0.3235294117647059,34,7326.0,True,32101.39647,29533.284752400003,3691489.176523879,3721022.4612762793,0.9920631264498547,0.3235294117647059,0.6764705882352942,0.3235294117647059,0.6764705882352942,0.3235294117647059,0.6764705882352942
1817DD,5906.0,370.0,9235.65,23,12119,0,0,0,0,BU03610409,WK036104,GM0361,23792.0,6,2,7329920.0,1.0,6,8031.0,True,35190.597195,32375.3494194,50638.367040599995,83013.71646,0.61,1.0,0.0,1.0,0.0,1.0,0.0
1817DE,5906.0,370.0,9235.65,23,12119,0,0,0,0,BU03610409,WK036104,GM0361,12439.0,74,12,2128375.0,0.07142857142857142,14,8031.0,True,35190.597195,32375.3494194,1517491.4075811405,1549866.7570005406,0.9791108820979836,0.07142857142857142,0.9285714285714286,0.07142857142857142,0.9285714285714286,0.07142857142857142,0.9285714285714286
1817EA,5906.0,370.0,1207.5,33,1373,364,100,0,0,BU03610403,WK036104,GM0361,2212.0,21,21,827967.5,1.0,21,1050.0,True,4600.93725,4232.8622700000005,6620.63073,10853.493,0.61,1.0,0.0,1.0,0.0,1.0,0.0
1817EB,2772.0,238.0,1177.6,43,1761,340,30,70,15,BU03610403,WK036104,GM0361,2334.0,23,23,794800.0,1.0,23,1024.0,True,4487.009279999999,4128.0485376,6456.691302399999,10584.739839999998,0.61,1.0,0.0,1.0,0.0,1.0,0.0
1817EC,1780.0,332.0,1133.8999999999999,18,760,374,100,0,0,BU03610403,WK036104,GM0361,1058.0,10,10,414865.0,0.8333333333333334,12,986.0,True,4320.499169999999,3974.8592363999996,6217.087523599999,10191.946759999999,0.61,0.8333333333333334,0.16666666666666663,0.8333333333333334,0.16666666666666663,0.8333333333333334,0.16666666666666663
1817ED,1358.0,22.0,1194.85,40,1300,287,0,0,0,BU03610403,WK036104,GM0361,1949.0,23,23,680282.5,1.0,23,1039.0,True,4552.736955,4188.5179986,6551.2717414,10739.78974,0.61,1.0,0.0,1.0,0.0,1.0,0.0
1817EE,2161.0,227.0,1358.1499999999999,40,1755,374,100,0,0,BU03610403,WK036104,GM0361,2504.0,23,23,930125.0,1.0,23,1181.0,True,5174.958944999999,4760.9622294,7446.633230599999,12207.595459999999,0.61,1.0,0.0,1.0,0.0,1.0,0.0
1817EG,3108.0,0.0,1325.9499999999998,19,624,255,0,0,0,BU03610403,WK036104,GM0361,1002.0,12,11,345467.5,1.0,12,1153.0,True,5052.267284999999,4648.0859021999995,7270.083077799999,11918.168979999999,0.61,1.0,0.0,1.0,0.0,1.0,0.0
1817EH,3394.0,1333.0,1340.8999999999999,28,10019,488,100,0,0,BU03610403,WK036104,GM0361,4978.0,37,17,1363335.0,0.9411764705882353,17,1166.0,True,5109.231269999999,4700.4927683999995,338974.079818627,343674.572587027,0.9863228381051969,0.9411764705882353,0.05882352941176472,0.9411764705882353,0.05882352941176472,0.9411764705882353,0.05882352941176472
1817EJ,2879.0,509.0,1419.1,39,2266,362,100,0,0,BU03610403,WK036104,GM0361,2536.0,22,22,976337.5,0.9565217391304348,23,1234.0,True,5407.19673,4974.6209916,7780.817448399998,12755.438439999998,0.61,0.9565217391304348,0.04347826086956519,0.9565217391304348,0.04347826086956519,0.9565217391304348,0.04347826086956519
1817EK,2093.0,408.0,1290.3,48,2254,0,0,0,0,BU03610403,WK036104,GM0361,844.0,8,8,244887.5,1.0,8,1122.0,True,4916.43009,4523.1156828,7074.616837199999,11597.73252,0.61,1.0,0.0,1.0,0.0,1.0,0.0
1817EL,2093.0,408.0,1290.3,48,2254,329,100,0,0,BU03610403,WK036104,GM0361,2056.0,19,18,833930.0,0.9473684210526315,19,1122.0,True,4916.43009,4523.1156828,7074.616837199999,11597.73252,0.61,0.9473684210526315,0.052631578947368474,0.9473684210526315,0.052631578947368474,0.9473684210526315,0.052631578947368474
1817EM,2214.0,302.0,1174.1499999999999,34,1478,341,100,0,0,BU03610403,WK036104,GM0361,1909.0,18,18,705272.5,1.0,18,1021.0,True,4473.863745,4115.9546454,6437.775214599999,10553.72986,0.61,1.0,0.0,1.0,0.0,1.0,0.0
1817EN,2916.0,897.0,1707.7499999999998,56,2801,392,0,0,0,BU03610403,WK036104,GM0361,933.0,8,8,334557.5,1.0,8,1485.0,True,6507.039825,5986.476639,9363.463461,15349.9401,0.61,1.0,0.0,1.0,0.0,1.0,0.0
1817EP,2808.0,309.0,1707.7499999999998,56,2801,359,80,0,0,BU03610403,WK036104,GM0361,2752.0,24,24,1019700.0,0.9583333333333334,24,1485.0,True,6507.039825,5986.476639,9363.463461,15349.9401,0.61,0.9583333333333334,0.04166666666666663,0.9583333333333334,0.04166666666666663,0.9583333333333334,0.04166666666666663
1817ER,3228.0,533.0,1212.1,27,1064,371,90,0,0,BU03610403,WK036104,GM0361,1828.0,15,14,592155.0,1.0,15,1054.0,True,4618.4646299999995,4248.9874596,6645.8521804,10894.83964,0.61,1.0,0.0,1.0,0.0,1.0,0.0
1817ES,3566.0,701.0,1245.4499999999998,36,1292,0,0,0,0,BU03610403,WK036104,GM0361,342.0,3,3,107177.5,1.0,3,1083.0,True,4745.538134999999,4365.8950841999995,6828.7076958,11194.60278,0.61,1.0,0.0,1.0,0.0,1.0,0.0
1817ET,3566.0,701.0,1245.4499999999998,36,1292,407,90,0,0,BU03610403,WK036104,GM0361,1694.0,16,16,566842.5,1.0,16,1083.0,True,4745.538134999999,4365.8950841999995,6828.7076958,11194.60278,0.61,1.0,0.0,1.0,0.0,1.0,0.0
1817EV,1810.0,0.0,1313.3,36,1433,326,40,70,15,BU03610403,WK036104,GM0361,1911.0,20,20,670942.5,1.0,20,1142.0,True,5004.06699,4603.7416308,7200.7240892,11804.46572,0.61,1.0,0.0,1.0,0.0,1.0,0.0
1817EW,2385.0,1016.0,1412.1999999999998,34,1203,388,60,30,0,BU03610403,WK036104,GM0361,2872.0,21,21,1030015.0,0.6363636363636364,33,1228.0,True,5380.905659999999,4950.4332072,7742.985272799999,12693.418479999998,0.61,0.6363636363636364,0.36363636363636365,0.6363636363636364,0.36363636363636365,0.6363636363636364,0.36363636363636365
1817EX,2287.0,492.0,1435.1999999999998,29,1683,410,90,0,0,BU03610403,WK036104,GM0361,1861.0,16,16,692885.0,1.0,16,1248.0,True,5468.542559999998,5031.059155199999,7869.0925247999985,12900.151679999997,0.61,1.0,0.0,1.0,0.0,1.0,0.0
1817EZ,2874.0,1464.0,5180.75,42,45463,0,0,0,0,BU03610409,WK036104,GM0361,22494.0,174,4,3162750.0,0.0,4,4505.0,True,19740.211724999997,18160.994787,2427733.244719896,2445894.239506896,0.9925749059408794,0.0,1.0,0.0,1.0,0.0,1.0
1817GA,2874.0,1464.0,5180.75,42,45463,392,100,0,0,BU03610404,WK036104,GM0361,2868.0,20,20,876325.0,1.0,20,4505.0,True,19740.211724999997,18160.994787,28405.658513,46566.6533,0.61,1.0,0.0,1.0,0.0,1.0,0.0
1817GB,2699.0,1011.0,1262.6999999999998,24,729,404,90,0,0,BU03610404,WK036104,GM0361,1677.0,12,12,509127.5,1.0,12,1098.0,True,4811.26581,4426.3645452,6923.288134799999,11349.65268,0.61,1.0,0.0,1.0,0.0,1.0,0.0
1817GC,3798.0,933.0,1158.05,31,980,387,0,80,0,BU03610404,WK036104,GM0361,2477.0,16,16,514842.5,0.5714285714285714,28,1007.0,True,4412.517915,4059.5164818000003,6349.5001382,10409.01662,0.61,0.5714285714285714,0.4285714285714286,0.5714285714285714,0.4285714285714286,0.5714285714285714,0.4285714285714286
1817GD,9145.0,1261.0,1450.1499999999999,27,1350,0,100,0,0,BU03610404,WK036104,GM0361,3464.0,30,14,955715.0,0.36764705882352944,68,1261.0,True,5525.506544999999,5083.4660214,103522.56223859999,108606.02825999999,0.9531935187867259,0.36764705882352944,0.6323529411764706,0.36764705882352944,0.6323529411764706,0.36764705882352944,0.6323529411764706
1817GE,2951.0,414.0,1657.1499999999999,36,1185,0,0,0,0,BU03610404,WK036104,GM0361,139.0,1,1,37602.5,0.5,2,1441.0,True,6314.238644999999,5809.099553399999,9086.0275066,14895.127059999999,0.61,0.5,0.5,0.5,0.5,0.5,0.5
1817GG,2951.0,414.0,1657.1499999999999,36,1185,397,100,0,0,BU03610404,WK036104,GM0361,2571.0,18,18,842895.0,1.0,18,1441.0,True,6314.238644999999,5809.099553399999,9086.0275066,14895.127059999999,0.61,1.0,0.0,1.0,0.0,1.0,0.0
1817GH,2673.0,1194.0,1325.9499999999998,34,1155,417,60,40,0,BU03610404,WK036104,GM0361,2734.0,20,19,681382.5,1.0,20,1153.0,True,5052.267284999999,4648.0859021999995,7270.083077799999,11918.168979999999,0.61,1.0,0.0,1.0,0.0,1.0,0.0
1817GJ,2149.0,587.0,1228.1999999999998,38,1222,383,40,60,0,BU03610404,WK036104,GM0361,2801.0,20,20,644910.0,1.0,20,1068.0,True,4679.810459999999,4305.425623199999,6734.127256799999,11039.552879999997,0.61,1.0,0.0,1.0,0.0,1.0,0.0
1817GK,2387.0,691.0,1224.75,31,977,399,50,50,0,BU03610404,WK036104,GM0361,2219.0,16,16,493587.5,1.0,16,1065.0,True,4666.664925,4293.331731,6715.211169,11008.5429,0.61,1.0,0.0,1.0,0.0,1.0,0.0
1817GL,1856.0,1323.0,1128.1499999999999,30,977,0,0,0,0,BU03610404,WK036104,GM0361,2160.0,16,16,286200.0,1.0,16,981.0,True,4298.589944999999,3954.7027493999994,6185.560710599999,10140.263459999998,0.61,1.0,0.0,1.0,0.0,1.0,0.0
1817GM,1676.0,971.0,1175.3,23,731,0,0,0,0,BU03610404,WK036104,GM0361,1948.0,12,12,401920.0,0.3870967741935484,31,1022.0,True,4478.2455899999995,4119.9859428,6444.0805771999985,10564.066519999998,0.61,0.3870967741935484,0.6129032258064516,0.3870967741935484,0.6129032258064516,0.3870967741935484,0.6129032258064516
1817GN,1890.0,584.0,1093.6499999999999,31,982,383,0,0,0,BU03610404,WK036104,GM0361,2135.0,16,16,305285.0,1.0,16,951.0,True,4167.134594999999,3833.763827399999,5996.399832599999,9830.163659999998,0.61,1.0,0.0,1.0,0.0,1.0,0.0
1817GP,2606.0,1258.0,1375.3999999999999,26,978,0,90,0,0,BU03610404,WK036104,GM0361,1908.0,14,14,553945.0,1.0,14,1196.0,True,5240.6866199999995,4821.4316904,7541.213669599999,12362.645359999999,0.61,1.0,0.0,1.0,0.0,1.0,0.0
1817GR,2670.0,849.0,1639.8999999999999,24,736,410,80,0,0,BU03610404,WK036104,GM0361,2363.0,12,12,753262.5,0.21818181818181817,55,1426.0,True,6248.51097,5748.630092400001,8991.447067599998,14740.077159999999,0.6099999999999999,0.21818181818181817,0.7818181818181819,0.21818181818181817,0.7818181818181819,0.21818181818181817,0.7818181818181819
1817GS,2731.0,825.0,1394.9499999999998,39,1222,413,90,0,0,BU03610404,WK036104,GM0361,2719.0,20,20,805097.5,1.0,20,1213.0,True,5315.177984999998,4889.963746199999,7648.404833799999,12538.368579999998,0.61,1.0,0.0,1.0,0.0,1.0,0.0
1817GV,2251.0,611.0,1380.0,34,1351,413,80,30,0,BU03610404,WK036104,GM0361,2797.0,20,20,841600.0,0.9523809523809523,21,1200.0,True,5258.213999999999,4837.556879999999,7566.435119999999,12403.991999999998,0.61,0.9523809523809523,0.04761904761904767,0.9523809523809523,0.04761904761904767,0.9523809523809523,0.04761904761904767
1817HA,1805.0,53.0,3483.35,37,3435,185,60,40,0,BU03610404,WK036104,GM0361,1272.0,24,1,398030.0,1.0,24,3029.0,True,13272.608505000002,12210.799824600002,19098.9433154,31309.743140000002,0.61,1.0,0.0,1.0,0.0,1.0,0.0
1817HB,2586.0,199.0,3483.35,37,3435,183,30,70,0,BU03610404,WK036104,GM0361,1272.0,24,2,338140.0,1.0,24,3029.0,True,13272.608505000002,12210.799824600002,19098.9433154,31309.743140000002,0.61,1.0,0.0,1.0,0.0,1.0,0.0
1817HC,2330.0,0.0,3483.35,37,3435,163,0,0,0,BU03610404,WK036104,GM0361,1272.0,24,1,365170.0,1.0,24,3029.0,True,13272.608505000002,12210.799824600002,19098.9433154,31309.743140000002,0.61,1.0,0.0,1.0,0.0,1.0,0.0
1817HD,3888.0,1583.0,3483.35,37,3435,373,90,0,0,BU03610404,WK036104,GM0361,3004.0,18,18,800360.0,1.0,18,3029.0,True,13272.608505000002,12210.799824600002,19098.9433154,31309.743140000002,0.61,1.0,0.0,1.0,0.0,1.0,0.0
1817HE,5158.0,1690.0,1539.85,19,1539,0,100,0,0,BU03610404,WK036104,GM0361,1985.0,12,10,537902.5,1.0,12,1339.0,True,5867.290454999999,5397.907218599999,8442.8805214,13840.78774,0.61,1.0,0.0,1.0,0.0,1.0,0.0
1817HG,2632.0,1069.0,1377.6999999999998,34,2618,334,50,50,0,BU03610404,WK036104,GM0361,2840.0,18,18,628597.5,1.0,18,1198.0,True,5249.450309999999,4829.4942851999995,7553.824394799999,12383.318679999998,0.61,1.0,0.0,1.0,0.0,1.0,0.0
1817HH,2902.0,1928.0,1133.8999999999999,33,2721,381,60,40,0,BU03610404,WK036104,GM0361,2993.0,18,18,659040.0,1.0,18,986.0,True,4320.499169999999,3974.8592363999996,6217.087523599999,10191.946759999999,0.61,1.0,0.0,1.0,0.0,1.0,0.0
1817HJ,15573.0,157.0,2426.5,57,8110,0,0,0,0,BU03610404,WK036104,GM0361,6176.0,49,6,1646000.0,0.2222222222222222,9,2110.0,True,9245.692949999999,8506.037514,13304.315085999999,21810.3526,0.61,0.2222222222222222,0.7777777777777778,0.2222222222222222,0.7777777777777778,0.2222222222222222,0.7777777777777778
1817HK,2937.0,628.0,2426.5,57,8110,395,80,0,0,BU03610404,WK036104,GM0361,3391.0,24,24,1080317.5,1.0,24,2110.0,True,9245.692949999999,8506.037514,13304.315085999999,21810.3526,0.61,1.0,0.0,1.0,0.0,1.0,0.0
1817HL,2282.0,698.0,1201.75,39,1402,407,30,70,0,BU03610404,WK036104,GM0361,2918.0,22,22,573420.0,1.0,22,1045.0,True,4579.0280250000005,4212.705783,6589.1039169999995,10801.8097,0.61,1.0,0.0,1.0,0.0,1.0,0.0
1817HM,2476.0,757.0,1228.1999999999998,27,2851,380,100,0,0,BU03610404,WK036104,GM0361,1662.0,14,13,409790.0,1.0,14,1068.0,True,4679.810459999999,4305.425623199999,6734.127256799999,11039.552879999997,0.61,1.0,0.0,1.0,0.0,1.0,0.0
1817HN,2071.0,1333.0,1254.6499999999999,29,2419,381,100,0,0,BU03610404,WK036104,GM0361,1645.0,14,14,379937.5,1.0,14,1091.0,True,4780.592894999999,4398.145463399999,6879.1505965999995,11277.296059999999,0.61,1.0,0.0,1.0,0.0,1.0,0.0
1817HP,2407.0,913.0,1370.8,21,1629,376,80,0,0,BU03610404,WK036104,GM0361,1483.0,12,12,379165.0,0.9230769230769231,13,1192.0,True,5223.159239999999,4805.306500799999,7515.992219199999,12321.298719999999,0.61,0.9230769230769231,0.07692307692307687,0.9230769230769231,0.07692307692307687,0.9230769230769231,0.07692307692307687
1817HR,3119.0,964.0,1980.3,45,3153,0,0,0,0,BU03610404,WK036104,GM0361,1313.0,8,8,289822.5,1.0,8,1722.0,True,7545.53709,6941.8941228,10857.8343972,17799.72852,0.61,1.0,0.0,1.0,0.0,1.0,0.0
1817HS,3119.0,964.0,1980.3,45,3153,507,100,0,0,BU03610404,WK036104,GM0361,2554.0,16,16,630997.5,1.0,16,1722.0,True,7545.53709,6941.8941228,10857.8343972,17799.72852,0.61,1.0,0.0,1.0,0.0,1.0,0.0
1817HT,2950.0,644.0,1915.8999999999999,27,2033,484,100,0,0,BU03610404,WK036104,GM0361,2285.0,14,14,633045.0,1.0,14,1666.0,True,7300.153769999999,6716.141468399999,10504.734091599998,17220.875559999997,0.61,1.0,0.0,1.0,0.0,1.0,0.0
1817HV,1876.0,1299.0,1852.6499999999999,22,1401,0,100,0,0,BU03610404,WK036104,GM0361,1904.0,12,12,514815.0,1.0,12,1611.0,True,7059.152294999998,6494.420111399999,10157.939148599999,16652.359259999997,0.61,1.0,0.0,1.0,0.0,1.0,0.0
1817HW,2359.0,423.0,2224.1,22,1495,491,100,0,0,BU03610404,WK036104,GM0361,1896.0,12,12,563270.0,1.0,12,1934.0,True,8474.488229999999,7796.529171599999,12194.5712684,19991.10044,0.61,1.0,0.0,1.0,0.0,1.0,0.0
1817HX,2290.0,712.0,2058.5,18,1214,491,100,0,0,BU03610404,WK036104,GM0361,1580.0,10,10,472420.0,1.0,10,1790.0,True,7843.502549999999,7216.022346,11286.599054,18502.6214,0.61,1.0,0.0,1.0,0.0,1.0,0.0
1817HZ,2480.0,713.0,1723.85,24,1888,0,100,0,0,BU03610404,WK036104,GM0361,1905.0,12,12,514690.0,1.0,12,1499.0,True,6568.385655,6042.9148026,9451.738537399999,15494.653339999999,0.61,1.0,0.0,1.0,0.0,1.0,0.0
1817JA,3513.0,1269.0,1712.35,33,3670,528,100,0,0,BU03610404,WK036104,GM0361,3047.0,18,18,833970.0,1.0,18,1489.0,True,6524.567204999999,6002.6018286,9388.6849114,15391.28674,0.61,1.0,0.0,1.0,0.0,1.0,0.0
1817JB,3169.0,1664.0,1689.35,33,3555,511,100,0,0,BU03610404,WK036104,GM0361,3045.0,18,18,834270.0,1.0,18,1469.0,True,6436.930304999999,5921.975880599999,9262.5776594,15184.553539999999,0.61,1.0,0.0,1.0,0.0,1.0,0.0
1817JC,2238.0,1010.0,1041.8999999999999,28,879,368,90,0,0,BU03610404,WK036104,GM0361,1898.0,16,16,500327.5,0.9411764705882353,17,906.0,True,3969.951569999999,3652.355444399999,5712.658515599999,9365.013959999998,0.61,0.9411764705882353,0.05882352941176472,0.9411764705882353,0.05882352941176472,0.9411764705882353,0.05882352941176472
1817JD,3164.0,1136.0,1530.6499999999999,34,3452,445,80,0,0,BU03610404,WK036104,GM0361,2614.0,18,18,626262.5,1.0,18,1331.0,True,5832.2356949999985,5365.656839399999,8392.4376206,13758.094459999998,0.6100000000000001,1.0,0.0,1.0,0.0,1.0,0.0
1817JE,2884.0,1188.0,1774.4499999999998,32,3327,511,100,0,0,BU03610404,WK036104,GM0361,2908.0,17,17,836320.0,1.0,17,1543.0,True,6761.1868349999995,6220.291888199999,9729.1744918,15949.46638,0.61,1.0,0.0,1.0,0.0,1.0,0.0
1817JG,3148.0,1397.0,1931.9999999999998,36,3939,526,100,0,0,BU03610404,WK036104,GM0361,3317.0,20,20,957517.5,1.0,20,1680.0,True,7361.499599999998,6772.579631999999,10593.009167999999,17365.588799999998,0.61,1.0,0.0,1.0,0.0,1.0,0.0
1817JH,2730.0,368.0,1213.25,76,7345,367,0,0,0,BU03610404,WK036104,GM0361,939.0,8,8,245377.5,1.0,8,1055.0,True,4622.846474999999,4253.018757,6652.157542999999,10905.1763,0.61,1.0,0.0,1.0,0.0,1.0,0.0
1817JJ,2730.0,368.0,1213.25,76,7345,508,0,0,0,BU03610404,WK036104,GM0361,1390.0,8,8,358750.0,1.0,8,1055.0,True,4622.846474999999,4253.018757,6652.157542999999,10905.1763,0.61,1.0,0.0,1.0,0.0,1.0,0.0
1817JK,2730.0,368.0,1213.25,76,7345,495,0,0,0,BU03610404,WK036104,GM0361,1180.0,7,7,306870.0,1.0,7,1055.0,True,4622.846474999999,4253.018757,6652.157542999999,10905.1763,0.61,1.0,0.0,1.0,0.0,1.0,0.0
1817JL,2730.0,368.0,1213.25,76,7345,252,90,0,0,BU03610404,WK036104,GM0361,1369.0,18,18,349815.0,1.0,18,1055.0,True,4622.846474999999,4253.018757,6652.157542999999,10905.1763,0.61,1.0,0.0,1.0,0.0,1.0,0.0
1817JM,4569.0,0.0,2259.75,44,11835,0,0,0,0,BU03610404,WK036104,GM0361,1966.0,16,3,276690.0,0.0,8,1965.0,True,8610.325424999999,7921.499390999999,12390.037509,20311.5369,0.61,0.0,1.0,0.0,1.0,0.0,1.0
1817JN,4569.0,0.0,2259.75,44,11835,252,90,0,0,BU03610404,WK036104,GM0361,1344.0,18,18,381900.0,1.0,18,1965.0,True,8610.325424999999,7921.499390999999,12390.037509,20311.5369,0.61,1.0,0.0,1.0,0.0,1.0,0.0
1817JP,1110.0,0.0,514.05,44,3582,167,0,0,0,BU03610404,WK036104,GM0361,1299.0,25,25,192645.0,1.0,25,447.0,True,1958.6847149999999,1801.9899378,2818.4970821999996,4620.48702,0.61,1.0,0.0,1.0,0.0,1.0,0.0
1817JS,4133.0,792.0,1384.6,23,1668,0,0,0,0,BU03610403,WK036104,GM0361,174.0,1,1,28275.0,0.0,1,1204.0,True,5275.7413799999995,4853.6820695999995,7591.656570399999,12445.338639999998,0.61,0.0,1.0,0.0,1.0,0.0,1.0
1817KA,4133.0,792.0,1384.6,23,1668,0,100,0,0,BU03610404,WK036104,GM0361,1527.0,12,12,434652.5,1.0,12,1204.0,True,5275.7413799999995,4853.6820695999995,7591.656570399999,12445.338639999998,0.61,1.0,0.0,1.0,0.0,1.0,0.0
1817KB,1925.0,1251.0,1265.0,44,4188,377,0,0,0,BU03610404,WK036104,GM0361,1018.0,8,8,321810.0,1.0,8,1100.0,True,4820.0295,4434.42714,6935.898859999999,11370.326,0.61,1.0,0.0,1.0,0.0,1.0,0.0
1817KC,1925.0,1251.0,1265.0,44,4188,361,0,0,0,BU03610404,WK036104,GM0361,1780.0,16,16,235850.0,1.0,16,1100.0,True,4820.0295,4434.42714,6935.898859999999,11370.326,0.61,1.0,0.0,1.0,0.0,1.0,0.0
1817KD,2144.0,0.0,1486.9499999999998,29,3148,0,0,0,0,BU03610404,WK036104,GM0361,1768.0,16,16,421960.0,1.0,16,1293.0,True,5665.725584999999,5212.4675382,8152.833841799999,13365.301379999999,0.61,1.0,0.0,1.0,0.0,1.0,0.0
1817KE,3144.0,1129.0,1343.1999999999998,27,1903,0,100,0,0,BU03610404,WK036104,GM0361,1803.0,14,14,513147.5,1.0,14,1168.0,True,5117.994959999999,4708.555363199999,7364.663516799999,12073.218879999999,0.61,1.0,0.0,1.0,0.0,1.0,0.0
1817KG,3047.0,2049.0,1265.0,31,3205,395,100,0,0,BU03610404,WK036104,GM0361,1971.0,16,16,564807.5,1.0,16,1100.0,True,4820.0295,4434.42714,6935.898859999999,11370.326,0.61,1.0,0.0,1.0,0.0,1.0,0.0
1817KH,2177.0,1070.0,1219.0,29,2846,395,100,0,0,BU03610404,WK036104,GM0361,1942.0,16,16,614262.5,1.0,16,1060.0,True,4644.7557,4273.175244,6683.684356,10956.8596,0.61,1.0,0.0,1.0,0.0,1.0,0.0
1817KJ,3270.0,953.0,1208.6499999999999,45,3514,399,0,0,0,BU03610404,WK036104,GM0361,1258.0,8,6,371077.5,0.4,20,1051.0,True,4605.319094999999,4236.8935673999995,6626.9360926,10863.82966,0.61,0.4,0.6,0.4,0.6,0.4,0.6
1817KK,2608.0,1892.0,1208.6499999999999,45,3514,370,0,0,0,BU03610404,WK036104,GM0361,967.0,8,8,203115.0,1.0,8,1051.0,True,4605.319094999999,4236.8935673999995,6626.9360926,10863.82966,0.61,1.0,0.0,1.0,0.0,1.0,0.0
1817KL,2608.0,1892.0,1208.6499999999999,45,3514,371,90,0,0,BU03610404,WK036104,GM0361,1189.0,10,10,333495.0,1.0,10,1051.0,True,4605.319094999999,4236.8935673999995,6626.9360926,10863.82966,0.61,1.0,0.0,1.0,0.0,1.0,0.0
1817KM,2279.0,890.0,951.05,24,2194,362,0,0,0,BU03610404,WK036104,GM0361,1560.0,14,14,206700.0,1.0,14,827.0,True,3623.785815,3333.8829498000005,5214.5348702,8548.41782,0.61,1.0,0.0,1.0,0.0,1.0,0.0
1817KN,2191.0,0.0,1361.6,26,3075,359,0,0,0,BU03610404,WK036104,GM0361,1540.0,14,14,360800.0,1.0,14,1184.0,True,5188.104479999999,4773.0561216,7465.5493184,12238.60544,0.61,1.0,0.0,1.0,0.0,1.0,0.0
1817KP,2018.0,801.0,4350.45,59,67229,374,0,0,0,BU03610404,WK036104,GM0361,978.0,8,8,196007.5,1.0,8,3783.0,True,16576.519634999997,15250.398064199999,23853.1867158,39103.58478,0.61,1.0,0.0,1.0,0.0,1.0,0.0
1817KR,2018.0,801.0,4350.45,59,67229,377,0,0,0,BU03610404,WK036104,GM0361,967.0,8,8,250287.5,0.8888888888888888,9,3783.0,True,16576.519634999997,15250.398064199999,23853.1867158,39103.58478,0.61,0.8888888888888888,0.11111111111111116,0.8888888888888888,0.11111111111111116,0.8888888888888888,0.11111111111111116
1817MJ,1509.0,0.0,4350.45,59,67229,151,0,100,0,BU03610403,WK036104,GM0361,17985.0,301,4,2894910.0,0.9755102040816327,245,3783.0,True,16576.519634999997,15250.398064199999,2351322.3561510155,2366572.7542152153,0.9935559141222104,0.9755102040816327,0.024489795918367308,0.9755102040816327,0.024489795918367308,0.9755102040816327,0.024489795918367308
1817MK,10045.0,394.0,4350.45,59,67229,0,0,0,0,BU03610409,WK036104,GM0361,406.0,3,1,123830.0,0.0,1,3783.0,True,16576.519634999997,15250.398064199999,23853.1867158,39103.58478,0.61,0.0,1.0,0.0,1.0,0.0,1.0
1817ML,10045.0,394.0,4350.45,59,67229,665,90,0,0,BU03610409,WK036104,GM0361,5743.0,16,12,1909780.0,0.9230769230769231,13,3783.0,True,16576.519634999997,15250.398064199999,23853.1867158,39103.58478,0.61,0.9230769230769231,0.07692307692307687,0.9230769230769231,0.07692307692307687,0.9230769230769231,0.07692307692307687
1817MN,16189.0,136.0,2433.3999999999996,15,131555,483,0,0,0,BU03610409,WK036104,GM0361,30443.0,238,11,4025515.0,0.85,20,2116.0,True,9271.984019999998,8530.225298399999,3785148.2186901714,3793678.4439885714,0.9977514632765154,0.85,0.15000000000000002,0.85,0.15000000000000002,0.85,0.15000000000000002
1817MP,4025.0,1343.0,2845.1,30,3329,691,80,0,0,BU03610409,WK036104,GM0361,7040.0,21,17,2143670.0,1.0,21,2474.0,True,10840.684529999999,9973.429767599999,15599.467072399999,25572.896839999998,0.61,1.0,0.0,1.0,0.0,1.0,0.0
1817MR,6786.0,560.0,9443.8,46,36032,0,0,0,0,BU03610409,WK036104,GM0361,9710.0,73,1,1289712.5,0.0,5,8212.0,True,35983.71114,33105.0142488,528796.5897259946,561901.6039747946,0.9410839655651081,0.0,1.0,0.0,1.0,0.0,1.0
1817MS,6786.0,560.0,9443.8,46,36032,0,0,0,0,BU03610409,WK036104,GM0361,28414.0,219,8,3295532.5,0.0,35,8212.0,True,35983.71114,33105.0142488,2655099.831735127,2688204.845983927,0.9876850849747342,0.0,1.0,0.0,1.0,0.0,1.0
1821AA,6786.0,560.0,9443.8,46,36032,363,60,40,0,BU03610203,WK036102,GM0361,2150.0,17,16,558255.0,1.0,17,8212.0,True,35983.71114,33105.0142488,51779.63767119999,84884.65191999999,0.61,1.0,0.0,1.0,0.0,1.0,0.0
1821AB,3164.0,320.0,1384.6,46,3036,294,90,0,0,BU03610203,WK036102,GM0361,3013.0,25,25,1102702.5,0.8888888888888888,27,1204.0,True,5275.7413799999995,4853.6820695999995,7591.656570399999,12445.338639999998,0.61,0.8888888888888888,0.11111111111111116,0.8888888888888888,0.11111111111111116,0.8888888888888888,0.11111111111111116
1821AC,2105.0,658.0,1231.6499999999999,23,1290,246,80,0,0,BU03610203,WK036102,GM0361,1680.0,15,13,573297.5,0.8823529411764706,17,1071.0,True,4692.955994999999,4317.519515399999,6753.043344599999,11070.562859999998,0.61,0.8823529411764706,0.11764705882352944,0.8823529411764706,0.11764705882352944,0.8823529411764706,0.11764705882352944
1821AD,2534.0,112.0,1143.1,20,883,262,50,50,0,BU03610203,WK036102,GM0361,1219.0,13,10,372537.5,0.8125,16,994.0,True,4355.553929999999,4007.1096155999994,6267.530424399999,10274.640039999998,0.61,0.8125,0.1875,0.8125,0.1875,0.8125,0.1875
1821AE,2413.0,595.0,928.05,47,1521,293,100,0,0,BU03610203,WK036102,GM0361,2545.0,27,27,841687.5,1.0,27,807.0,True,3536.1489149999993,3253.2570017999997,5088.4276182,8341.68462,0.61,1.0,0.0,1.0,0.0,1.0,0.0
1821AG,2206.0,55.0,1217.85,29,1180,194,40,60,0,BU03610203,WK036102,GM0361,1578.0,24,16,547572.5,1.0,24,1059.0,True,4640.373855,4269.1439466,6677.378993399999,10946.522939999999,0.61,1.0,0.0,1.0,0.0,1.0,0.0
1821AH,3248.0,302.0,1291.4499999999998,31,1484,280,80,0,0,BU03610203,WK036102,GM0361,1888.0,19,15,484242.5,1.0,19,1123.0,True,4920.811934999999,4527.146980199999,7080.9221997999975,11608.069179999997,0.61,1.0,0.0,1.0,0.0,1.0,0.0
1821AK,3259.0,116.0,1446.6999999999998,42,1448,205,60,40,0,BU03610203,WK036102,GM0361,2493.0,34,25,862215.0,0.9714285714285714,35,1258.0,True,5512.361009999999,5071.372129199999,7932.146150799999,13003.518279999998,0.61,0.9714285714285714,0.02857142857142858,0.9714285714285714,0.02857142857142858,0.9714285714285714,0.02857142857142858
1821AL,6666.0,71.0,1147.6999999999998,62,2670,0,0,0,0,BU03610203,WK036102,GM0361,625.0,6,5,218187.5,0.8333333333333334,6,998.0,True,4373.08131,4023.2348051999998,6292.7518748,10315.98668,0.61,0.8333333333333334,0.16666666666666663,0.8333333333333334,0.16666666666666663,0.8333333333333334,0.16666666666666663
1821AM,3183.0,798.0,1147.6999999999998,62,2670,262,80,20,0,BU03610203,WK036102,GM0361,3828.0,38,7,395042.5,0.9736842105263158,38,998.0,True,4373.08131,4023.2348051999998,6292.7518748,10315.98668,0.61,0.9736842105263158,0.02631578947368418,0.9736842105263158,0.02631578947368418,0.9736842105263158,0.02631578947368418
1821AN,2206.0,94.0,1147.6999999999998,62,2670,257,90,0,0,BU03610203,WK036102,GM0361,2032.0,22,22,708827.5,1.0,22,998.0,True,4373.08131,4023.2348051999998,6292.7518748,10315.98668,0.61,1.0,0.0,1.0,0.0,1.0,0.0
1821AP,2893.0,1414.0,877.4499999999999,100,4235,248,20,80,50,BU03610203,WK036102,GM0361,6635.0,74,64,694817.5,0.9692307692307692,65,763.0,True,3343.3477350000003,3075.8799162000005,4810.9916637999995,7886.87158,0.61,0.9692307692307692,0.03076923076923077,0.9692307692307692,0.03076923076923077,0.9692307692307692,0.03076923076923077
1821AR,3140.0,318.0,1183.35,35,1405,229,60,40,10,BU03610203,WK036102,GM0361,1991.0,23,22,619430.0,1.0,23,1029.0,True,4508.918505,4148.2050246,6488.218115399999,10636.423139999999,0.61,1.0,0.0,1.0,0.0,1.0,0.0
1821AS,2796.0,356.0,1086.75,43,1350,264,90,0,0,BU03610203,WK036102,GM0361,2121.0,24,24,462157.5,1.0,24,945.0,True,4140.843525,3809.576043,5958.567656999999,9768.143699999999,0.61,1.0,0.0,1.0,0.0,1.0,0.0
1821AT,2543.0,491.0,941.8499999999999,22,1370,252,90,0,0,BU03610203,WK036102,GM0361,1277.0,14,14,441882.5,1.0,14,819.0,True,3588.7310549999997,3301.6325706,5164.0919693999995,8465.72454,0.61,1.0,0.0,1.0,0.0,1.0,0.0
1821AV,2941.0,407.0,807.3,38,1087,0,0,0,0,BU03610203,WK036102,GM0361,234.0,3,3,67060.0,1.0,3,702.0,True,3076.05519,2829.9707748,4426.364545199999,7256.335319999999,0.61,1.0,0.0,1.0,0.0,1.0,0.0
1821AX,2527.0,460.0,807.3,38,1087,300,60,40,5,BU03610203,WK036102,GM0361,1629.0,17,17,218667.5,1.0,17,702.0,True,3076.05519,2829.9707748,4426.364545199999,7256.335319999999,0.61,1.0,0.0,1.0,0.0,1.0,0.0
1821AZ,2570.0,915.0,911.9499999999999,71,4521,299,50,50,20,BU03610203,WK036102,GM0361,3738.0,39,39,440605.0,1.0,39,793.0,True,3474.8030849999996,3196.8188382,5000.152541799999,8196.971379999999,0.61,1.0,0.0,1.0,0.0,1.0,0.0
1821BA,2438.0,110.0,916.55,52,3480,309,0,0,0,BU03610203,WK036102,GM0361,690.0,7,7,111102.5,1.0,7,797.0,True,3492.330465,3212.9440278,5025.3739922,8238.31802,0.61,1.0,0.0,1.0,0.0,1.0,0.0
1821BB,6409.0,271.0,916.55,52,3480,308,0,0,0,BU03610203,WK036102,GM0361,2662.14,23,23,414199.9,0.9166666666666666,24,797.0,True,3492.330465,3212.9440278,5025.3739922,8238.31802,0.61,0.9166666666666666,0.08333333333333337,0.9166666666666666,0.08333333333333337,0.9166666666666666,0.08333333333333337
1821BC,3174.0,0.0,1930.85,28,365,204,0,0,0,BU03610203,WK036102,GM0361,701.92,8,7,230027.2,0.875,8,1679.0,True,7357.1177549999975,6768.548334599998,10586.703805399999,17355.252139999997,0.61,0.875,0.125,0.875,0.125,0.875,0.125
1821BD,4125.0,520.0,2298.85,40,7720,0,0,0,0,BU03610203,WK036102,GM0361,262.0,3,2,107420.0,0.6666666666666666,3,1999.0,True,8759.308154999999,8058.5635026,12604.419837399999,20662.98334,0.61,0.6666666666666666,0.33333333333333337,0.6666666666666666,0.33333333333333337,0.6666666666666666,0.33333333333333337
1821BE,4125.0,520.0,2298.85,40,7720,378,100,0,0,BU03610203,WK036102,GM0361,7286.0,54,20,2681897.5,0.7391304347826086,23,1999.0,True,8759.308154999999,8058.5635026,707911.1790966593,715969.7425992592,0.98874454739757,0.7391304347826086,0.26086956521739135,0.7391304347826086,0.26086956521739135,0.7391304347826086,0.26086956521739135
1821BG,2729.0,785.0,1225.8999999999999,45,9865,0,0,0,0,BU03610203,WK036102,GM0361,5545.0,42,6,1242780.0,0.5,8,1066.0,True,4671.04677,4297.3630284,6721.516531599999,11018.87956,0.61,0.5,0.5,0.5,0.5,0.5,0.5
1821BH,2729.0,785.0,1225.8999999999999,45,9865,273,100,0,0,BU03610203,WK036102,GM0361,2189.0,22,21,797917.5,1.0,22,1066.0,True,4671.04677,4297.3630284,6721.516531599999,11018.87956,0.61,1.0,0.0,1.0,0.0,1.0,0.0
1821BJ,4151.0,77.0,1146.55,42,782,327,90,0,0,BU03610203,WK036102,GM0361,40004.76,439,20,16109681.6,0.9727272727272728,440,997.0,True,4368.699465000001,4019.203507800001,14574722.882047506,14578742.085555306,0.9997243106789178,0.9727272727272728,0.027272727272727226,0.9727272727272728,0.027272727272727226,0.9727272727272728,0.027272727272727226
1821BK,5313.0,466.0,1173.0,36,5520,0,0,0,0,BU03610203,WK036102,GM0361,7432.0,60,21,1666595.0,0.043478260869565216,23,1020.0,True,4469.4819,4111.923348,673069.469852,677181.3932,0.9939278849222817,0.043478260869565216,0.9565217391304348,0.043478260869565216,0.9565217391304348,0.043478260869565216,0.9565217391304348
1821BL,5191.0,0.0,6199.65,21,10288,0,0,0,0,BU03610203,WK036102,GM0361,3131.0,8,2,454580.0,0.0,90,5391.0,True,23622.526394999997,21732.7242834,33992.2097766,55724.93406,0.61,0.0,1.0,0.0,1.0,0.0,1.0
1821BM,10383.0,1844.0,6199.65,21,10288,0,0,0,0,BU03610203,WK036102,GM0361,13462.0,100,9,3568645.0,0.041666666666666664,24,5391.0,True,23622.526394999997,21732.7242834,2853221.7597766,2874954.48406,0.9924406718771043,0.041666666666666664,0.9583333333333334,0.041666666666666664,0.9583333333333334,0.041666666666666664,0.9583333333333334
1821BN,15254.0,1073.0,2007.8999999999999,52,57379,0,0,0,0,BU03610203,WK036102,GM0361,40422.0,309,30,9467332.5,0.046875,64,1746.0,True,7650.701370000001,7038.645260400001,7885133.604847173,7892172.250107573,0.9991081485505712,0.046875,0.953125,0.046875,0.953125,0.046875,0.953125
1821BP,6310.0,797.0,3271.7499999999995,32,21754,0,0,0,0,BU03610203,WK036102,GM0361,22745.0,178,14,6182422.5,0.0136986301369863,73,2845.0,True,12466.349025,11469.041103,5088914.515023966,5100383.556126966,0.9977513375265235,0.0136986301369863,0.9863013698630136,0.0136986301369863,0.9863013698630136,0.0136986301369863,0.9863013698630136
1821BR,7157.0,470.0,1588.1499999999999,23,5139,0,0,0,0,BU03610203,WK036102,GM0361,6719.0,50,13,1799310.0,0.1111111111111111,18,1381.0,True,6051.327945000001,5567.221709400001,980335.1057506,985902.32746,0.9943531711465344,0.1111111111111111,0.8888888888888888,0.1111111111111111,0.8888888888888888,0.1111111111111111,0.8888888888888888
1821BS,18161.0,438.0,3253.35,27,21642,0,0,0,0,BU03610203,WK036102,GM0361,10610.0,80,6,1826995.0,0.0,28,2829.0,True,12396.239505000001,11404.540344600002,1228222.0582953999,1239626.59864,0.9908000196534085,0.0,1.0,0.0,1.0,0.0,1.0
1821BT,8871.0,592.0,3253.35,27,21642,0,0,0,0,BU03610203,WK036102,GM0361,13585.0,88,8,3407017.5,0.013513513513513514,74,2829.0,True,12396.239505000001,11404.540344600002,2379520.4560226724,2390924.9963672725,0.9952300718918712,0.013513513513513514,0.9864864864864865,0.013513513513513514,0.9864864864864865,0.013513513513513514,0.9864864864864865
1821BV,8157.0,389.0,1526.05,23,7167,0,0,0,0,BU03610203,WK036102,GM0361,8129.0,38,14,1057035.0,0.0,101,1327.0,True,5814.708314999999,5349.531649799999,425617.8740649368,430967.40571473684,0.9875871549011274,0.0,1.0,0.0,1.0,0.0,1.0
1821BW,11039.0,21.0,3088.8999999999996,44,17682,0,0,0,0,BU03610203,WK036102,GM0361,11647.0,90,4,3944155.0,0.3333333333333333,6,2686.0,True,11769.635670000001,10828.064816400001,2032837.6483880442,2043665.7132044442,0.9947016457992919,0.3333333333333333,0.6666666666666667,0.3333333333333333,0.6666666666666667,0.3333333333333333,0.6666666666666667
1821BX,11039.0,21.0,3088.8999999999996,44,17682,0,0,0,0,BU03610203,WK036102,GM0361,14681.0,113,3,3636292.5,0.0,4,2686.0,True,11769.635670000001,10828.064816400001,2237327.199518821,2248155.264335221,0.9951835778479464,0.0,1.0,0.0,1.0,0.0,1.0
1821BZ,11039.0,21.0,3088.8999999999996,44,17682,0,0,0,0,BU03610203,WK036102,GM0361,7034.0,51,17,1706050.0,0.0,19,2686.0,True,11769.635670000001,10828.064816400001,251099.929433796,261927.994250196,0.9586601468567849,0.0,1.0,0.0,1.0,0.0,1.0
1821CA,2161.0,659.0,971.7499999999999,30,634,236,0,0,0,BU03610203,WK036102,GM0361,1503.82,16,15,350781.2,0.875,16,845.0,True,3702.6590249999986,3406.446302999999,5328.031396999999,8734.477699999998,0.61,0.875,0.125,0.875,0.125,0.875,0.125
1821CB,2400.0,216.0,987.8499999999999,38,1274,0,0,0,0,BU03610203,WK036102,GM0361,2262.0,21,21,478155.0,1.0,21,859.0,True,3764.004854999999,3462.8844665999995,5416.306473399999,8879.190939999999,0.61,1.0,0.0,1.0,0.0,1.0,0.0
1821CC,2095.0,0.0,810.7499999999999,36,2000,158,0,0,0,BU03610203,WK036102,GM0361,1520.0,21,21,264580.0,1.0,21,705.0,True,3089.2007249999997,2842.0646669999996,4445.280632999999,7287.345299999999,0.61,1.0,0.0,1.0,0.0,1.0,0.0
1821CD,1628.0,0.0,696.9,26,1394,157,0,0,0,BU03610203,WK036102,GM0361,923.0,13,13,152472.5,1.0,13,606.0,True,2655.39807,2442.9662244,3821.0497355999996,6264.01596,0.61,1.0,0.0,1.0,0.0,1.0,0.0
1821CE,2944.0,359.0,1086.75,47,1256,0,0,0,0,BU03610203,WK036102,GM0361,2761.07,26,25,598763.7,0.9615384615384616,26,945.0,True,4140.843525,3809.576043,5958.567656999999,9768.143699999999,0.61,0.9615384615384616,0.038461538461538436,0.9615384615384616,0.038461538461538436,0.9615384615384616,0.038461538461538436
1821CG,2801.0,298.0,0.0,0,0,338,60,40,20,BU03610203,WK036102,GM0361,6202.0,61,0,816825.0,0.9838709677419355,62,0.0,True,0.0,0.0,816825.0,816825.0,1.0,0.9838709677419355,0.016129032258064502,0.9838709677419355,0.016129032258064502,0.9838709677419355,0.016129032258064502
1821CH,2160.0,4.0,0.0,0,0,333,60,40,45,BU03610203,WK036102,GM0361,10199.0,117,0,1288947.5,0.9669421487603306,121,0.0,True,0.0,0.0,1288947.5,1288947.5,1.0,0.9669421487603306,0.03305785123966942,0.9669421487603306,0.03305785123966942,0.9669421487603306,0.03305785123966942
1821EB,0.0,0.0,0.0,0,0,0,0,0,0,BU03610203,WK036102,GM0361,717.0,0,0,89625.0,0.0,20,0.0,True,0.0,0.0,89625.0,89625.0,1.0,0.0,1.0,0.0,1.0,0.0,1.0
1821EC,0.0,0.0,0.0,0,0,0,0,0,0,BU03610203,WK036102,GM0361,1340.0,9,0,140800.0,0.0,8,0.0,True,0.0,0.0,140800.0,140800.0,1.0,0.0,1.0,0.0,1.0,0.0,1.0
1822AA,0.0,0.0,2059.6499999999996,54,8638,0,0,0,0,BU03610201,WK036102,GM0361,2451.36,19,4,754737.6,0.0,4,1791.0,True,7847.884394999998,7220.053643399999,11292.904416599999,18512.958059999997,0.61,0.0,1.0,0.0,1.0,0.0,1.0
1822AD,0.0,0.0,2059.6499999999996,54,8638,622,90,0,0,BU03610208,WK036102,GM0361,4791.0,27,23,1486522.5,0.96,25,1791.0,True,7847.884394999998,7220.053643399999,11292.904416599999,18512.958059999997,0.61,0.96,0.040000000000000036,0.96,0.040000000000000036,0.96,0.040000000000000036
1822AE,5813.0,702.0,1951.55,45,3653,492,100,0,0,BU03610208,WK036102,GM0361,4932.0,36,28,1548317.5,0.9,30,1697.0,True,7435.990964999999,6841.111687799999,10700.200332199998,17541.312019999998,0.61,0.9,0.09999999999999998,0.9,0.09999999999999998,0.9,0.09999999999999998
1822AK,3859.0,1093.0,2120.6,43,4033,549,90,0,0,BU03610208,WK036102,GM0361,4159.0,25,22,1212210.0,0.9090909090909091,22,1844.0,True,8080.1221799999985,7433.712405599999,11627.0886344,19060.80104,0.61,0.9090909090909091,0.09090909090909094,0.9090909090909091,0.09090909090909094,0.9090909090909091,0.09090909090909094
1822AL,4861.0,1741.0,1544.4499999999998,64,4514,522,100,0,0,BU03610208,WK036102,GM0361,5368.0,33,32,1357885.0,0.9696969696969697,33,1343.0,True,5884.817835000001,5414.032408200001,8468.101971799999,13882.13438,0.61,0.9696969696969697,0.030303030303030276,0.9696969696969697,0.030303030303030276,0.9696969696969697,0.030303030303030276
1822AM,6103.0,2245.0,1489.2499999999998,78,6996,786,100,0,0,BU03610208,WK036102,GM0361,10359.0,46,39,1861047.5,1.0,46,1295.0,True,5674.489274999999,5220.530132999999,8165.444567,13385.974699999999,0.61,1.0,0.0,1.0,0.0,1.0,0.0
1822BA,25365.0,610.0,11708.15,30,23465,0,0,0,0,BU03610209,WK036102,GM0361,15185.0,113,14,2958860.0,0.09090909090909091,22,10181.0,True,44611.563944999994,41042.6388294,2237516.843533255,2278559.482362655,0.9819874621895575,0.09090909090909091,0.9090909090909091,0.09090909090909091,0.9090909090909091,0.09090909090909091,0.9090909090909091
1822BB,17358.0,0.0,6365.249999999999,16,34683,0,0,0,0,BU03610209,WK036102,GM0361,37042.0,280,9,5997465.0,0.1,10,5535.0,True,24253.512075,22313.231109,5689652.896276714,5711966.127385714,0.9960935988394574,0.1,0.9,0.1,0.9,0.1,0.9
1822BC,24042.0,1211.0,8565.199999999999,64,170122,0,0,0,0,BU03610209,WK036102,GM0361,7915.0,61,7,1182312.5,0.0,9,7448.0,True,32635.98156,30025.1030352,46962.340644799995,76987.44368,0.61,0.0,1.0,0.0,1.0,0.0,1.0
1822BE,24042.0,1211.0,8565.199999999999,64,170122,0,0,0,0,BU03610209,WK036102,GM0361,13115.0,99,10,3675077.5,0.1,10,7448.0,True,32635.98156,30025.1030352,1346232.163877123,1376257.266912323,0.9781835099025038,0.1,0.9,0.1,0.9,0.1,0.9
1822BG,14154.0,2295.0,8565.199999999999,64,170122,0,0,0,0,BU03610209,WK036102,GM0361,9798.0,76,7,1529215.0,0.08333333333333333,12,7448.0,True,32635.98156,30025.1030352,288417.34064480005,318442.44368,0.9057126220731683,0.08333333333333333,0.9166666666666666,0.08333333333333333,0.9166666666666666,0.08333333333333333,0.9166666666666666
1822BH,14154.0,2295.0,8565.199999999999,64,170122,0,0,0,0,BU03610209,WK036102,GM0361,47899.0,379,15,11513180.0,0.0,57,7448.0,True,32635.98156,30025.1030352,9615964.1876105,9645989.2906457,0.9968872966649136,0.0,1.0,0.0,1.0,0.0,1.0
1822BJ,13371.0,109.0,3889.2999999999997,58,52883,0,0,0,0,BU03610209,WK036102,GM0361,40640.0,312,32,10144405.0,0.019230769230769232,52,3382.0,True,14819.39979,13633.8478068,8279910.858108072,8293544.705914872,0.99835608918861,0.019230769230769232,0.9807692307692307,0.019230769230769232,0.9807692307692307,0.019230769230769232,0.9807692307692307
1822BK,8594.0,5475.0,6182.4,14,28241,0,0,0,0,BU03610209,WK036102,GM0361,22268.0,172,9,4224125.0,0.0625,16,5376.0,True,23556.79872,21672.2548224,3914198.5014306232,3935870.756253023,0.9944936568895285,0.0625,0.9375,0.0625,0.9375,0.0625,0.9375
1822BL,6145.0,1418.0,1427.1499999999999,36,37103,0,0,0,0,BU03610209,WK036102,GM0361,7267.0,52,19,1506647.5,0.0,30,1241.0,True,5437.869645,5002.8400734,471408.80114044616,476411.64121384616,0.9894989130394604,0.0,1.0,0.0,1.0,0.0,1.0
1822BM,6679.0,1257.0,1728.4499999999998,24,74058,0,0,0,0,BU03610209,WK036102,GM0361,22513.0,163,14,5045852.5,0.15384615384615385,26,1503.0,True,6585.913035,6059.0399922,4312381.852625837,4318440.892618037,0.9985969380749062,0.15384615384615385,0.8461538461538461,0.15384615384615385,0.8461538461538461,0.15384615384615385,0.8461538461538461
1822BN,14095.0,548.0,2888.7999999999997,39,45117,0,0,0,0,BU03610209,WK036102,GM0361,33267.0,254,24,5448745.0,0.05555555555555555,36,2512.0,True,11007.194639999998,10126.619068799999,4627965.744079547,4638092.363148347,0.9978166413525397,0.05555555555555555,0.9444444444444444,0.05555555555555555,0.9444444444444444,0.05555555555555555,0.9444444444444444
1822BR,5889.0,186.0,1538.6999999999998,130,37297,0,0,0,0,BU03610209,WK036102,GM0361,7205.0,55,2,1459012.5,0.0,2,1338.0,True,5862.90861,5393.8759212,8436.575158799998,13830.451079999999,0.61,0.0,1.0,0.0,1.0,0.0,1.0
1822BS,5889.0,186.0,1538.6999999999998,130,37297,0,0,0,0,BU03610209,WK036102,GM0361,29352.0,221,78,4421757.5,0.0,105,1338.0,True,5862.90861,5393.8759212,1829160.2516293882,1834554.1275505882,0.9970598436752577,0.0,1.0,0.0,1.0,0.0,1.0
1822BT,2432.0,762.0,962.55,41,3956,0,0,0,0,BU03610209,WK036102,GM0361,4570.0,34,18,651142.5,0.0,25,837.0,True,3667.604265,3374.1959238,5277.5884962,8651.78442,0.61,0.0,1.0,0.0,1.0,0.0,1.0
1822BV,3448.0,136.0,931.4999999999999,156,26891,0,0,0,0,BU03610209,WK036102,GM0361,1088.0,8,1,176800.0,0.0,2,810.0,True,3549.294449999999,3265.3508939999992,5107.343706,8372.694599999999,0.61,0.0,1.0,0.0,1.0,0.0,1.0
1822BW,3448.0,136.0,931.4999999999999,156,26891,0,0,0,0,BU03610209,WK036102,GM0361,24660.0,183,73,3408462.5,0.03389830508474576,118,810.0,True,3549.294449999999,3265.3508939999992,507995.2535420658,511260.60443606577,0.9936131380637048,0.03389830508474576,0.9661016949152542,0.03389830508474576,0.9661016949152542,0.03389830508474576,0.9661016949152542
1822BX,7045.0,562.0,4603.45,19,4285,0,0,0,0,BU03610209,WK036102,GM0361,7134.0,63,9,1058792.5,0.0,43,4003.0,True,17540.525535,16137.2834922,764714.493471927,780851.776964127,0.9793337430120987,0.0,1.0,0.0,1.0,0.0,1.0
1822BZ,7045.0,562.0,2487.45,42,18484,0,0,0,0,BU03610209,WK036102,GM0361,14396.0,108,24,2308902.5,0.0,39,2163.0,True,9477.930735,8719.6962762,1424634.4715260223,1433354.1678022223,0.9939165793967237,0.0,1.0,0.0,1.0,0.0,1.0
1822CA,4217.0,467.0,508.29999999999995,23,1987,0,0,0,0,BU03610209,WK036102,GM0361,2227.0,19,13,313362.5,0.0,18,442.0,True,1936.7754899999998,1781.8334507999998,2786.9702692,4568.80372,0.61,0.0,1.0,0.0,1.0,0.0,1.0
1822CB,3995.0,0.0,1081.0,32,3590,0,0,0,0,BU03610209,WK036102,GM0361,4450.0,34,20,651442.5,0.043478260869565216,23,940.0,True,4118.9343,3789.419556,44247.18790282354,48036.60745882354,0.921113922142644,0.043478260869565216,0.9565217391304348,0.043478260869565216,0.9565217391304348,0.043478260869565216,0.9565217391304348
1822CC,5239.0,567.0,1400.6999999999998,63,11604,0,0,0,0,BU03610209,WK036102,GM0361,646.0,4,4,98637.5,0.25,4,1218.0,True,5337.08721,4910.1202332,7679.931646799999,12590.051879999999,0.61,0.25,0.75,0.25,0.75,0.25,0.75
1822CD,5239.0,567.0,1400.6999999999998,63,11604,0,0,0,0,BU03610209,WK036102,GM0361,12891.0,99,30,1955272.5,0.0,47,1218.0,True,5337.08721,4910.1202332,718688.1134649819,723598.2336981819,0.993214300416261,0.0,1.0,0.0,1.0,0.0,1.0
1822DC,0.0,0.0,1339.75,64,6441,0,0,0,0,BU03610208,WK036102,GM0361,639.0,4,3,190300.0,0.75,4,1165.0,True,5104.849425,4696.4614710000005,7345.747429000001,12042.208900000001,0.61,0.75,0.25,0.75,0.25,0.75,0.25
1822EA,0.0,0.0,1339.75,64,6441,571,100,0,0,BU03610208,WK036102,GM0361,5274.0,32,32,698805.0,1.0,32,1165.0,True,5104.849425,4696.4614710000005,7345.747429000001,12042.208900000001,0.61,1.0,0.0,1.0,0.0,1.0,0.0
1822EB,3766.0,1444.0,964.8499999999999,44,2556,408,70,30,5,BU03610208,WK036102,GM0361,3535.0,27,27,468387.5,1.0,27,839.0,True,3676.3679549999993,3382.2585185999997,5290.1992214,8672.45774,0.61,1.0,0.0,1.0,0.0,1.0,0.0
1822EC,4735.0,231.0,1393.8,46,465,316,0,70,5,BU03610208,WK036102,GM0361,1033.0,10,10,136872.5,1.0,10,1212.0,True,5310.79614,4885.9324488,7642.099471199999,12528.03192,0.61,1.0,0.0,1.0,0.0,1.0,0.0
1822ED,4463.0,705.0,1439.8,54,1060,325,50,50,10,BU03610208,WK036102,GM0361,2473.0,22,19,316452.5,1.0,22,1252.0,True,5486.069939999999,5047.1843448,7894.313975200001,12941.49832,0.61,1.0,0.0,1.0,0.0,1.0,0.0
1822EE,3371.0,1907.0,952.1999999999999,45,1958,425,100,0,0,BU03610208,WK036102,GM0361,3412.0,23,23,445927.5,1.0,23,828.0,True,3628.16766,3337.9142472000003,5220.840232799999,8558.75448,0.61,1.0,0.0,1.0,0.0,1.0,0.0
1822EG,4166.0,989.0,1120.1,112,5110,410,80,20,10,BU03610208,WK036102,GM0361,8376.0,62,43,1078207.5,1.0,62,974.0,True,4267.9170300000005,3926.4836676000004,6141.423172399999,10067.90684,0.61,1.0,0.0,1.0,0.0,1.0,0.0
1822EH,4179.0,1282.0,1014.3,35,3576,464,100,0,0,BU03610208,WK036102,GM0361,2885.0,19,19,370022.5,1.0,19,882.0,True,3864.7872899999998,3555.6043068,5561.3298132,9116.93412,0.61,1.0,0.0,1.0,0.0,1.0,0.0
1822EJ,5013.0,1810.0,1114.35,42,3710,589,100,0,0,BU03610208,WK036102,GM0361,4017.0,23,23,532252.5,1.0,23,969.0,True,4246.007804999999,3906.3271805999993,6109.8963594,10016.223539999999,0.61,1.0,0.0,1.0,0.0,1.0,0.0
1822EK,6160.0,1397.0,1139.6499999999999,56,6146,655,100,0,0,BU03610208,WK036102,GM0361,5717.0,30,30,742245.0,1.0,30,991.0,True,4342.408394999999,3995.015723399999,6248.614336599999,10243.630059999998,0.61,1.0,0.0,1.0,0.0,1.0,0.0
1822JA,3443.0,1436.0,1221.3,66,6755,517,100,0,0,BU03611100,WK036111,GM0361,5474.0,35,35,866872.5,1.0,35,1062.0,True,4653.5193899999995,4281.2378388,6696.2950812,10977.53292,0.61,1.0,0.0,1.0,0.0,1.0,0.0
1822JB,4223.0,2234.0,1075.25,74,7305,505,100,0,0,BU03611100,WK036111,GM0361,7073.0,40,40,1134457.5,1.0,40,935.0,True,4097.025075,3769.2630689999996,5895.514031,9664.7771,0.61,1.0,0.0,1.0,0.0,1.0,0.0
1822JC,3945.0,1445.0,1194.85,62,5751,575,100,0,0,BU03611100,WK036111,GM0361,6173.0,30,30,967310.0,1.0,30,1039.0,True,4552.736955,4188.5179986,6551.2717414,10739.78974,0.61,1.0,0.0,1.0,0.0,1.0,0.0
1822JD,4144.0,3039.0,1360.4499999999998,55,5190,615,100,0,0,BU03611100,WK036111,GM0361,6739.0,28,28,1005542.5,1.0,28,1183.0,True,5183.722634999999,4769.0248242,7459.243955799999,12228.268779999999,0.61,1.0,0.0,1.0,0.0,1.0,0.0
1822JE,4000.0,2780.0,1293.75,51,5759,529,100,0,0,BU03611100,WK036111,GM0361,6240.0,29,29,1000030.0,1.0,29,1125.0,True,4929.5756249999995,4535.209575,7093.532925,11628.7425,0.61,1.0,0.0,1.0,0.0,1.0,0.0
1822KA,2461.0,229.0,539.3499999999999,56,2824,317,100,0,0,BU03611100,WK036111,GM0361,2677.0,29,29,442877.5,1.0,29,469.0,True,2055.0853049999996,1890.6784805999996,2957.2150593999995,4847.893539999999,0.61,1.0,0.0,1.0,0.0,1.0,0.0
1822KB,2806.0,1107.0,1025.8,57,4714,0,100,0,0,BU03611100,WK036111,GM0361,5075.0,29,29,761687.5,1.0,29,892.0,True,3908.605739999999,3595.9172807999994,5624.3834392,9220.30072,0.61,1.0,0.0,1.0,0.0,1.0,0.0
1822KC,2639.0,1476.0,772.8,71,1898,287,30,70,25,BU03611100,WK036111,GM0361,3964.0,36,36,384130.0,1.0,36,672.0,True,2944.59984,2709.0318528,4237.2036672,6946.23552,0.61,1.0,0.0,1.0,0.0,1.0,0.0
1822KD,2367.0,1074.0,787.7499999999999,53,1417,283,30,80,20,BU03611100,WK036111,GM0361,3049.0,28,28,276067.5,1.0,28,685.0,True,3001.5638249999997,2761.4387189999998,4319.173380999999,7080.6120999999985,0.61,1.0,0.0,1.0,0.0,1.0,0.0
1822KE,2727.0,914.0,790.05,70,2315,304,50,50,15,BU03611100,WK036111,GM0361,4357.0,36,35,531485.0,0.972972972972973,37,687.0,True,3010.3275150000004,2769.5013138000004,4331.7841062,7101.28542,0.61,0.972972972972973,0.027027027027026973,0.972972972972973,0.027027027027026973,0.972972972972973,0.027027027027026973
1822KG,2674.0,427.0,696.9,56,8469,317,90,0,0,BU03611100,WK036111,GM0361,2677.0,29,29,457510.0,1.0,29,606.0,True,2655.39807,2442.9662244,3821.0497355999996,6264.01596,0.61,1.0,0.0,1.0,0.0,1.0,0.0
1822KH,3167.0,1867.0,962.55,52,4793,0,100,0,0,BU03611100,WK036111,GM0361,5086.0,29,29,763612.5,1.0,29,837.0,True,3667.604265,3374.1959238,5277.5884962,8651.78442,0.61,1.0,0.0,1.0,0.0,1.0,0.0
1822KJ,3663.0,1091.0,884.3499999999999,85,5720,289,70,30,15,BU03611100,WK036111,GM0361,6864.0,60,45,1048445.0,0.9361702127659575,47,769.0,True,3369.6388049999996,3100.0677005999996,4848.823839399999,7948.891539999999,0.61,0.9361702127659575,0.06382978723404253,0.9361702127659575,0.06382978723404253,0.9361702127659575,0.06382978723404253
1822KK,2362.0,1066.0,623.3,52,1417,286,30,70,20,BU03611100,WK036111,GM0361,3058.0,28,28,426860.0,1.0,28,542.0,True,2374.95999,2184.9631908,3417.5065292,5602.46972,0.61,1.0,0.0,1.0,0.0,1.0,0.0
1822KL,2704.0,869.0,848.6999999999999,64,2364,314,90,0,0,BU03611100,WK036111,GM0361,4352.0,36,36,616420.0,1.0,36,738.0,True,3233.8016100000004,2975.0974812000004,4653.357598799999,7628.45508,0.61,1.0,0.0,1.0,0.0,1.0,0.0
1822KM,3846.0,1547.0,1066.05,76,9925,0,0,0,0,BU03611100,WK036111,GM0361,1.0,0,1,125.0,0.0,1,927.0,True,4061.9703149999996,3737.0126898,5845.0711302,9582.08382,0.61,0.0,1.0,0.0,1.0,0.0,1.0
1822LA,3846.0,1547.0,1066.05,76,9925,443,100,0,0,BU03611100,WK036111,GM0361,7931.0,42,42,1253327.5,1.0,42,927.0,True,4061.9703149999996,3737.0126898,5845.0711302,9582.08382,0.61,1.0,0.0,1.0,0.0,1.0,0.0
1822LB,1905.0,596.0,725.65,55,1548,283,100,0,0,BU03611100,WK036111,GM0361,3095.0,30,29,471540.0,0.967741935483871,31,631.0,True,2764.944195,2543.7486594,3978.6838006,6522.43246,0.61,0.967741935483871,0.032258064516129004,0.967741935483871,0.032258064516129004,0.967741935483871,0.032258064516129004
1822LC,2210.0,634.0,917.6999999999999,62,2259,317,100,0,0,BU03611100,WK036111,GM0361,4079.0,33,33,625042.5,1.0,33,798.0,True,3496.71231,3216.9753252,5031.6793548,8248.65468,0.61,1.0,0.0,1.0,0.0,1.0,0.0
1822LD,3877.0,1659.0,1052.25,94,11605,441,100,0,0,BU03611100,WK036111,GM0361,9436.0,50,48,1456567.5,1.0,50,915.0,True,4009.3881750000005,3688.6371210000007,5769.406779,9458.0439,0.61,1.0,0.0,1.0,0.0,1.0,0.0
1822LE,4251.0,611.0,1069.5,59,4291,330,90,0,0,BU03611100,WK036111,GM0361,4843.0,37,31,756442.5,0.9393939393939394,33,930.0,True,4075.11585,3749.1065820000003,5863.987218,9613.0938,0.61,0.9393939393939394,0.06060606060606055,0.9393939393939394,0.06060606060606055,0.9393939393939394,0.06060606060606055
1822LG,2513.0,471.0,988.9999999999999,80,2137,286,100,0,0,BU03611100,WK036111,GM0361,4522.0,40,40,699040.0,1.0,40,860.0,True,3768.3867,3466.9157640000003,5422.611835999999,8889.5276,0.61,1.0,0.0,1.0,0.0,1.0,0.0
1822LH,1709.0,346.0,771.65,38,1091,282,100,0,0,BU03611100,WK036111,GM0361,2270.0,20,20,330652.5,1.0,20,671.0,True,2940.217995,2705.0005554,4230.8983046,6935.89886,0.61,1.0,0.0,1.0,0.0,1.0,0.0
1822LJ,2524.0,341.0,800.4,62,2323,299,100,0,0,BU03611100,WK036111,GM0361,3769.0,33,33,603560.0,1.0,33,696.0,True,3049.76412,2805.7829904,4388.5323696,7194.31536,0.61,1.0,0.0,1.0,0.0,1.0,0.0
1822MA,2708.0,0.0,624.4499999999999,106,7829,312,40,60,0,BU03611100,WK036111,GM0361,6500.0,56,56,917010.0,1.0,56,543.0,True,2379.3418349999997,2188.9944882,3423.8118918,5612.80638,0.61,1.0,0.0,1.0,0.0,1.0,0.0
1822MB,1730.0,155.0,595.6999999999999,103,1185,243,80,20,0,BU03611100,WK036111,GM0361,5872.0,74,72,1000810.0,1.0,74,518.0,True,2269.7957099999994,2088.2120531999994,3266.1778267999994,5354.389879999999,0.61,1.0,0.0,1.0,0.0,1.0,0.0
1822MC,1974.0,267.0,816.4999999999999,75,1187,226,0,100,75,BU03611100,WK036111,GM0361,5879.0,74,2,527307.5,0.9866666666666667,75,710.0,True,3111.1099499999996,2862.221154,4476.807445999999,7339.028599999999,0.61,0.9866666666666667,0.013333333333333308,0.9866666666666667,0.013333333333333308,0.9866666666666667,0.013333333333333308
1822MD,1636.0,257.0,0.0,0,0,226,0,100,75,BU03611100,WK036111,GM0361,5872.0,74,0,517232.5,1.0,74,0.0,True,0.0,0.0,517232.5,517232.5,1.0,1.0,0.0,1.0,0.0,1.0,0.0
1822ME,3932.0,1670.0,1048.8,71,8386,497,100,0,0,BU03611100,WK036111,GM0361,6785.0,36,36,1045595.0,1.0,36,912.0,True,3996.24264,3676.5432288,5750.4906912,9427.03392,0.61,1.0,0.0,1.0,0.0,1.0,0.0
1822MG,3760.0,1402.0,1010.8499999999999,70,7804,380,100,0,0,BU03611100,WK036111,GM0361,5531.0,38,36,875000.0,0.972972972972973,37,879.0,True,3851.641754999999,3543.5104145999994,5542.4137254,9085.92414,0.61,0.972972972972973,0.027027027027026973,0.972972972972973,0.027027027027026973,0.972972972972973,0.027027027027026973
1822MH,4263.0,2348.0,1045.35,47,5730,515,100,0,0,BU03611100,WK036111,GM0361,4659.0,24,23,759225.0,1.0,24,909.0,True,3983.0971049999994,3664.4493365999997,5731.574603399999,9396.02394,0.61,1.0,0.0,1.0,0.0,1.0,0.0
1822MK,0.0,0.0,924.5999999999999,84,9205,422,100,0,0,BU03611100,WK036111,GM0361,7709.0,47,43,1226505.0,1.0,47,804.0,True,3523.00338,3241.1631096,5069.511530399999,8310.67464,0.61,1.0,0.0,1.0,0.0,1.0,0.0
1822ML,3891.0,1912.0,784.3,55,6054,428,100,0,0,BU03611100,WK036111,GM0361,5008.0,30,28,788467.5,1.0,30,682.0,True,2988.41829,2749.3448268,4300.257293199999,7049.60212,0.61,1.0,0.0,1.0,0.0,1.0,0.0
1822MN,3386.0,1373.0,916.55,56,6851,444,100,0,0,BU03611100,WK036111,GM0361,5184.0,30,30,818247.5,1.0,30,797.0,True,3492.330465,3212.9440278,5025.3739922,8238.31802,0.61,1.0,0.0,1.0,0.0,1.0,0.0
1822PA,4810.0,1206.0,0.0,0,0,464,70,30,10,BU03611101,WK036111,GM0361,9765.0,74,0,1546132.5,1.0,74,0.0,True,0.0,0.0,1546132.5,1546132.5,1.0,1.0,0.0,1.0,0.0,1.0,0.0
1822PB,3479.0,1453.0,0.0,0,0,0,0,0,0,BU03611101,WK036111,GM0361,23634.0,133,0,2470497.5,1.0,133,0.0,True,0.0,0.0,2470497.5,2470497.5,1.0,1.0,0.0,1.0,0.0,1.0,0.0
1822PC,2190.0,1427.0,0.0,0,0,264,10,90,50,BU03611101,WK036111,GM0361,5002.0,59,0,401900.0,1.0,59,0.0,True,0.0,0.0,401900.0,401900.0,1.0,1.0,0.0,1.0,0.0,1.0,0.0
1822PD,2919.0,1999.0,0.0,0,0,445,70,30,10,BU03611101,WK036111,GM0361,4645.0,33,0,615462.5,1.0,33,0.0,True,0.0,0.0,615462.5,615462.5,1.0,1.0,0.0,1.0,0.0,1.0,0.0
1822PE,4003.0,2025.0,0.0,0,0,0,0,0,0,BU03611101,WK036111,GM0361,662.0,4,0,59580.0,1.0,4,0.0,True,0.0,0.0,59580.0,59580.0,1.0,1.0,0.0,1.0,0.0,1.0,0.0
1822PG,4003.0,2025.0,0.0,0,0,496,100,0,0,BU03611101,WK036111,GM0361,3512.0,22,0,465340.0,1.0,22,0.0,True,0.0,0.0,465340.0,465340.0,1.0,1.0,0.0,1.0,0.0,1.0,0.0
1822PH,4960.0,2282.0,0.0,0,0,0,90,0,0,BU03611101,WK036111,GM0361,1811.0,11,0,154602.5,1.0,11,0.0,True,0.0,0.0,154602.5,154602.5,1.0,1.0,0.0,1.0,0.0,1.0,0.0
1822PJ,4100.0,1921.0,0.0,0,0,521,100,0,0,BU03611101,WK036111,GM0361,2033.0,12,0,269372.5,1.0,12,0.0,True,0.0,0.0,269372.5,269372.5,1.0,1.0,0.0,1.0,0.0,1.0,0.0
1822PK,3964.0,2099.0,0.0,0,0,571,100,0,0,BU03611101,WK036111,GM0361,1811.0,11,0,239957.5,1.0,11,0.0,True,0.0,0.0,239957.5,239957.5,1.0,1.0,0.0,1.0,0.0,1.0,0.0
1822PM,1796.0,1937.0,0.0,0,0,335,50,50,5,BU03611101,WK036111,GM0361,1432.0,13,0,189740.0,1.0,13,0.0,True,0.0,0.0,189740.0,189740.0,1.0,1.0,0.0,1.0,0.0,1.0,0.0
1822PN,3252.0,2582.0,0.0,0,0,570,0,0,0,BU03611101,WK036111,GM0361,1521.0,8,0,190227.5,1.0,8,0.0,True,0.0,0.0,190227.5,190227.5,1.0,1.0,0.0,1.0,0.0,1.0,0.0
1822PP,3899.0,1217.0,0.0,0,0,436,100,0,0,BU03611101,WK036111,GM0361,1694.0,11,0,224455.0,1.0,11,0.0,True,0.0,0.0,224455.0,224455.0,1.0,1.0,0.0,1.0,0.0,1.0,0.0
1822PR,3342.0,626.0,0.0,0,0,445,100,0,0,BU03611101,WK036111,GM0361,1613.0,11,0,213722.5,1.0,11,0.0,True,0.0,0.0,213722.5,213722.5,1.0,1.0,0.0,1.0,0.0,1.0,0.0
1822PS,1685.0,2702.0,0.0,0,0,244,0,0,0,BU03611101,WK036111,GM0361,1986.0,20,0,263145.0,1.0,20,0.0,True,0.0,0.0,263145.0,263145.0,1.0,1.0,0.0,1.0,0.0,1.0,0.0
1822PT,3707.0,1389.0,0.0,0,0,636,0,0,0,BU03611101,WK036111,GM0361,1167.0,6,0,154627.5,1.0,6,0.0,True,0.0,0.0,154627.5,154627.5,1.0,1.0,0.0,1.0,0.0,1.0,0.0
1822PV,3707.0,1389.0,0.0,0,0,0,0,0,0,BU03611101,WK036111,GM0361,1719.0,10,0,227767.5,1.0,10,0.0,True,0.0,0.0,227767.5,227767.5,1.0,1.0,0.0,1.0,0.0,1.0,0.0
1822PW,7872.0,1192.0,0.0,0,0,486,100,0,0,BU03611101,WK036111,GM0361,1809.0,11,0,239692.5,1.0,11,0.0,True,0.0,0.0,239692.5,239692.5,1.0,1.0,0.0,1.0,0.0,1.0,0.0
1822PX,3055.0,1584.0,0.0,0,0,283,0,0,0,BU03611101,WK036111,GM0361,1846.0,15,0,244595.0,1.0,15,0.0,True,0.0,0.0,244595.0,244595.0,1.0,1.0,0.0,1.0,0.0,1.0,0.0
1822PZ,3115.0,1990.0,0.0,0,0,0,0,0,0,BU03611101,WK036111,GM0361,1386.0,8,0,183645.0,1.0,8,0.0,True,0.0,0.0,183645.0,183645.0,1.0,1.0,0.0,1.0,0.0,1.0,0.0
1822RA,3062.0,1607.0,0.0,0,0,307,0,0,0,BU03611101,WK036111,GM0361,1926.0,16,0,255195.0,1.0,16,0.0,True,0.0,0.0,255195.0,255195.0,1.0,1.0,0.0,1.0,0.0,1.0,0.0
1822RB,2710.0,1330.0,0.0,0,0,284,0,0,0,BU03611101,WK036111,GM0361,1859.0,13,0,246317.5,1.0,13,0.0,True,0.0,0.0,246317.5,246317.5,1.0,1.0,0.0,1.0,0.0,1.0,0.0
1822RC,3991.0,2531.0,0.0,0,0,0,0,0,0,BU03611101,WK036111,GM0361,1665.0,10,0,220612.5,1.0,10,0.0,True,0.0,0.0,220612.5,220612.5,1.0,1.0,0.0,1.0,0.0,1.0,0.0
1822RD,3430.0,2251.0,0.0,0,0,0,0,0,0,BU03611101,WK036111,GM0361,1697.0,10,0,224852.5,1.0,10,0.0,True,0.0,0.0,224852.5,224852.5,1.0,1.0,0.0,1.0,0.0,1.0,0.0
1822RE,3967.0,1458.0,0.0,0,0,288,0,0,0,BU03611101,WK036111,GM0361,1536.0,13,0,203520.0,1.0,13,0.0,True,0.0,0.0,203520.0,203520.0,1.0,1.0,0.0,1.0,0.0,1.0,0.0
1822RG,2727.0,1745.0,0.0,0,0,302,0,0,0,BU03611101,WK036111,GM0361,3673.0,30,0,486672.5,1.0,30,0.0,True,0.0,0.0,486672.5,486672.5,1.0,1.0,0.0,1.0,0.0,1.0,0.0
1822RH,3271.0,1612.0,0.0,0,0,0,0,0,0,BU03611101,WK036111,GM0361,1277.0,8,0,169202.5,1.0,8,0.0,True,0.0,0.0,169202.5,169202.5,1.0,1.0,0.0,1.0,0.0,1.0,0.0
1822RJ,3271.0,1612.0,0.0,0,0,454,100,0,0,BU03611101,WK036111,GM0361,4169.0,27,0,552392.5,1.0,27,0.0,True,0.0,0.0,552392.5,552392.5,1.0,1.0,0.0,1.0,0.0,1.0,0.0
1822RK,3114.0,2760.0,0.0,0,0,294,0,0,0,BU03611101,WK036111,GM0361,1962.0,18,0,259965.0,1.0,18,0.0,True,0.0,0.0,259965.0,259965.0,1.0,1.0,0.0,1.0,0.0,1.0,0.0
1822RL,3310.0,2458.0,0.0,0,0,413,40,60,20,BU03611101,WK036111,GM0361,4567.0,33,0,662847.5,1.0,33,0.0,True,0.0,0.0,662847.5,662847.5,1.0,1.0,0.0,1.0,0.0,1.0,0.0
1822RM,2687.0,1911.0,0.0,0,0,447,80,30,5,BU03611101,WK036111,GM0361,3557.0,24,0,471302.5,1.0,24,0.0,True,0.0,0.0,471302.5,471302.5,1.0,1.0,0.0,1.0,0.0,1.0,0.0
1822RN,8088.0,1357.0,0.0,0,0,435,80,20,5,BU03611101,WK036111,GM0361,3887.0,27,0,515027.5,1.0,27,0.0,True,0.0,0.0,515027.5,515027.5,1.0,1.0,0.0,1.0,0.0,1.0,0.0
1822RP,2960.0,1577.0,0.0,0,0,283,0,0,0,BU03611101,WK036111,GM0361,4465.0,37,0,320605.0,0.8181818181818182,22,0.0,True,0.0,0.0,320605.0,320605.0,1.0,0.8181818181818182,0.18181818181818177,0.8181818181818182,0.18181818181818177,0.8181818181818182,0.18181818181818177
1822RR,5941.0,698.0,0.0,0,0,362,80,0,0,BU03611101,WK036111,GM0361,1507.0,13,0,182600.0,1.0,13,0.0,True,0.0,0.0,182600.0,182600.0,1.0,1.0,0.0,1.0,0.0,1.0,0.0
1823AA,0.0,0.0,1589.3,40,2718,383,100,0,0,BU03610200,WK036102,GM0361,3069.0,23,23,1132602.5,1.0,23,1382.0,True,6055.709789999999,5571.2530068,8714.0111132,14285.26412,0.61,1.0,0.0,1.0,0.0,1.0,0.0
1823AB,1774.0,1098.0,1049.9499999999998,90,15065,222,20,80,50,BU03610200,WK036102,GM0361,4528.0,62,62,983962.5,0.9841269841269841,63,913.0,True,4000.624484999999,3680.574526199999,5756.796053799998,9437.370579999997,0.61,0.9841269841269841,0.015873015873015928,0.9841269841269841,0.015873015873015928,0.9841269841269841,0.015873015873015928
1823AC,1884.0,271.0,1128.1499999999999,45,1526,268,100,0,0,BU03610200,WK036102,GM0361,2046.0,24,24,704452.5,1.0,24,981.0,True,4298.589944999999,3954.7027493999994,6185.560710599999,10140.263459999998,0.61,1.0,0.0,1.0,0.0,1.0,0.0
1823AD,1917.0,274.0,1127.0,39,1067,255,100,0,0,BU03610200,WK036102,GM0361,1659.0,22,22,634332.5,1.0,22,980.0,True,4294.208099999999,3950.6714519999996,6179.255348,10129.9268,0.61,1.0,0.0,1.0,0.0,1.0,0.0
1823AE,1905.0,779.0,1204.05,42,1231,304,70,30,5,BU03610200,WK036102,GM0361,2370.0,23,23,766512.5,1.0,23,1047.0,True,4587.791715,4220.7683778,6601.7146422,10822.48302,0.61,1.0,0.0,1.0,0.0,1.0,0.0
1823AG,1924.0,364.0,1061.4499999999998,16,688,298,70,0,0,BU03610200,WK036102,GM0361,1044.0,10,10,334915.0,1.0,10,923.0,True,4044.442934999999,3720.8875001999995,5819.849679799999,9540.737179999998,0.61,1.0,0.0,1.0,0.0,1.0,0.0
1823AH,2170.0,488.0,1067.1999999999998,54,1873,310,0,0,0,BU03610200,WK036102,GM0361,898.0,8,8,268332.5,1.0,8,928.0,True,4066.3521599999995,3741.0439871999997,5851.376492799999,9592.420479999999,0.61,1.0,0.0,1.0,0.0,1.0,0.0
1823AJ,2170.0,488.0,1067.1999999999998,54,1873,257,100,0,0,BU03610200,WK036102,GM0361,1725.0,20,20,655632.5,1.0,20,928.0,True,4066.3521599999995,3741.0439871999997,5851.376492799999,9592.420479999999,0.61,1.0,0.0,1.0,0.0,1.0,0.0
1823AK,2742.0,217.0,1160.35,41,1266,244,0,0,0,BU03610200,WK036102,GM0361,701.0,9,9,248850.0,1.0,9,1009.0,True,4421.281605,4067.5790766,6362.1108634,10429.68994,0.61,1.0,0.0,1.0,0.0,1.0,0.0
1823AL,2742.0,217.0,1160.35,41,1266,262,100,0,0,BU03610200,WK036102,GM0361,1120.0,13,12,443990.0,1.0,13,1009.0,True,4421.281605,4067.5790766,6362.1108634,10429.68994,0.61,1.0,0.0,1.0,0.0,1.0,0.0
1823AM,2412.0,83.0,972.9,30,1108,267,90,0,0,BU03610200,WK036102,GM0361,1504.0,16,16,501177.5,1.0,16,846.0,True,3707.0408700000003,3410.4776004000005,5334.3367596,8744.81436,0.61,1.0,0.0,1.0,0.0,1.0,0.0
1823AN,1830.0,206.0,1031.55,48,1781,287,90,0,0,BU03610200,WK036102,GM0361,2909.0,26,26,837975.0,0.5952380952380952,42,897.0,True,3930.5149650000003,3616.0737678000005,5655.910252199999,9271.98402,0.61,0.5952380952380952,0.40476190476190477,0.5952380952380952,0.40476190476190477,0.5952380952380952,0.40476190476190477
1823AP,2608.0,1632.0,1350.1,42,5736,469,100,0,0,BU03610200,WK036102,GM0361,3466.0,24,24,575100.0,1.0,24,1174.0,True,5144.28603,4732.7431476,7402.4956924,12135.23884,0.61,1.0,0.0,1.0,0.0,1.0,0.0
1823AR,2771.0,1528.0,1154.6,48,5375,424,100,0,0,BU03610200,WK036102,GM0361,3706.0,26,26,608897.5,1.0,26,1004.0,True,4399.37238,4047.4225896,6330.5840504,10378.00664,0.61,1.0,0.0,1.0,0.0,1.0,0.0
1823AS,2826.0,1399.0,1214.3999999999999,29,1455,470,100,0,0,BU03610200,WK036102,GM0361,2326.0,15,15,387415.0,1.0,15,1056.0,True,4627.228319999999,4257.0500544,6658.4629055999985,10915.512959999998,0.61,1.0,0.0,1.0,0.0,1.0,0.0
1823AT,3369.0,1105.0,1068.35,72,6405,478,100,0,0,BU03610200,WK036102,GM0361,6372.0,40,40,1049990.0,1.0,40,929.0,True,4070.7340049999993,3745.0752845999996,5857.6818554,9602.75714,0.61,1.0,0.0,1.0,0.0,1.0,0.0
1823BA,3249.0,244.0,906.1999999999999,74,4701,262,50,50,20,BU03610200,WK036102,GM0361,3546.0,40,40,903752.5,1.0,40,788.0,True,3452.8938599999997,3176.6623511999996,4968.6257288,8145.288079999999,0.61,1.0,0.0,1.0,0.0,1.0,0.0
1823BB,2619.0,20.0,1166.1,29,1324,287,90,0,0,BU03610200,WK036102,GM0361,1389.0,15,15,517560.0,1.0,15,1014.0,True,4443.190829999999,4087.7355635999993,6393.6376764,10481.373239999999,0.61,1.0,0.0,1.0,0.0,1.0,0.0
1823BC,2258.0,392.0,1148.85,31,1699,295,90,0,0,BU03610200,WK036102,GM0361,1547.0,16,16,568992.5,1.0,16,999.0,True,4377.4631549999995,4027.2661025999996,6299.057237399999,10326.323339999999,0.61,1.0,0.0,1.0,0.0,1.0,0.0
1823BD,2551.0,0.0,1327.1,25,1144,0,80,0,0,BU03610200,WK036102,GM0361,1286.0,13,13,475145.0,1.0,13,1154.0,True,5056.64913,4652.1171996,7276.388440399999,11928.50564,0.61,1.0,0.0,1.0,0.0,1.0,0.0
1823BE,1739.0,459.0,1107.4499999999998,33,1745,275,90,0,0,BU03610200,WK036102,GM0361,1599.0,17,17,502490.0,1.0,17,963.0,True,4219.716735,3882.1393962,6072.064183799999,9954.20358,0.61,1.0,0.0,1.0,0.0,1.0,0.0
1823BG,1941.0,218.0,1154.6,45,2777,267,100,0,0,BU03610200,WK036102,GM0361,1953.0,23,23,739587.5,1.0,23,1004.0,True,4399.37238,4047.4225896,6330.5840504,10378.00664,0.61,1.0,0.0,1.0,0.0,1.0,0.0
1823BH,2097.0,76.0,1086.75,43,2000,262,100,0,0,BU03610200,WK036102,GM0361,1904.0,22,22,674792.5,1.0,22,945.0,True,4140.843525,3809.576043,5958.567656999999,9768.143699999999,0.61,1.0,0.0,1.0,0.0,1.0,0.0
1823BJ,2381.0,278.0,1070.6499999999999,26,1670,0,100,0,0,BU03610200,WK036102,GM0361,1419.0,14,14,464337.5,1.0,14,931.0,True,4079.497695,3753.1378794,5870.292580599999,9623.43046,0.61,1.0,0.0,1.0,0.0,1.0,0.0
1823BK,2406.0,436.0,1061.4499999999998,23,1533,284,100,0,0,BU03610200,WK036102,GM0361,1177.0,12,12,363245.0,1.0,12,923.0,True,4044.442934999999,3720.8875001999995,5819.849679799999,9540.737179999998,0.61,1.0,0.0,1.0,0.0,1.0,0.0
1823BL,2094.0,695.0,1232.8,49,2717,265,100,0,0,BU03610200,WK036102,GM0361,909.0,10,9,331460.0,1.0,10,1072.0,True,4697.33784,4321.5508128,6759.348707199999,11080.899519999999,0.61,1.0,0.0,1.0,0.0,1.0,0.0
1823BM,1950.0,1180.0,1232.8,49,2717,284,90,0,0,BU03610200,WK036102,GM0361,1433.0,15,15,448585.0,1.0,15,1072.0,True,4697.33784,4321.5508128,6759.348707199999,11080.899519999999,0.61,1.0,0.0,1.0,0.0,1.0,0.0
1823BN,3986.0,1264.0,1547.8999999999999,66,8375,514,100,0,0,BU03610200,WK036102,GM0361,5971.0,37,37,982905.0,0.9736842105263158,38,1346.0,True,5897.963369999999,5426.126300399999,8487.0180596,13913.144359999998,0.61,0.9736842105263158,0.02631578947368418,0.9736842105263158,0.02631578947368418,0.9736842105263158,0.02631578947368418
1823BP,2371.0,649.0,833.7499999999999,60,2222,323,100,0,0,BU03610200,WK036102,GM0361,3272.0,32,31,605485.0,0.9411764705882353,34,725.0,True,3176.837624999999,2922.6906149999995,4571.387884999999,7494.078499999999,0.61,0.9411764705882353,0.05882352941176472,0.9411764705882353,0.05882352941176472,0.9411764705882353,0.05882352941176472
1823BR,2443.0,1067.0,961.4,58,2945,348,90,0,0,BU03610200,WK036102,GM0361,3647.0,32,32,687977.5,1.0,32,836.0,True,3663.22242,3370.1646264,5271.283133599999,8641.44776,0.61,1.0,0.0,1.0,0.0,1.0,0.0
1823BS,2279.0,356.0,890.0999999999999,44,1364,340,100,0,0,BU03610200,WK036102,GM0361,2509.0,23,23,551980.0,1.0,23,774.0,True,3391.5480299999995,3120.2241876,4880.350652399999,8000.574839999998,0.61,1.0,0.0,1.0,0.0,1.0,0.0
1823BT,4043.0,0.0,980.9499999999999,18,1367,315,80,0,0,BU03610200,WK036102,GM0361,1310.0,15,13,274875.0,0.9230769230769231,13,853.0,True,3737.7137850000004,3438.6966822000004,5378.4742978,8817.17098,0.61,0.9230769230769231,0.07692307692307687,0.9230769230769231,0.07692307692307687,0.9230769230769231,0.07692307692307687
1823BV,3019.0,915.0,1265.0,39,2568,439,90,0,0,BU03610200,WK036102,GM0361,2931.0,23,21,526800.0,0.8260869565217391,23,1100.0,True,4820.0295,4434.42714,6935.898859999999,11370.326,0.61,0.8260869565217391,0.17391304347826086,0.8260869565217391,0.17391304347826086,0.8260869565217391,0.17391304347826086
1823BW,3423.0,1219.0,1045.35,31,2775,380,80,0,0,BU03610200,WK036102,GM0361,2487.0,18,18,329527.5,1.0,18,909.0,True,3983.0971049999994,3664.4493365999997,5731.574603399999,9396.02394,0.61,1.0,0.0,1.0,0.0,1.0,0.0
1823BX,2884.0,623.0,761.3,19,2164,324,50,50,0,BU03610200,WK036102,GM0361,1234.0,11,11,154920.0,1.0,11,662.0,True,2900.781389999999,2668.7188787999994,4174.1500412,6842.868919999999,0.61,1.0,0.0,1.0,0.0,1.0,0.0
1823BZ,4899.0,1666.0,1922.8,21,1666,510,100,0,0,BU03610200,WK036102,GM0361,1995.0,12,12,395147.5,1.0,12,1672.0,True,7326.44484,6740.3292528,10542.566267199998,17282.89552,0.61,1.0,0.0,1.0,0.0,1.0,0.0
1823CA,4328.0,117.0,1499.6,79,24521,386,80,20,0,BU03610200,WK036102,GM0361,10315.0,89,49,2323917.5,0.9019607843137255,51,1304.0,True,5713.92588,5256.8118096,269336.5186730967,274593.3304826967,0.9808560105944334,0.9019607843137255,0.0980392156862745,0.9019607843137255,0.0980392156862745,0.9019607843137255,0.0980392156862745
1823CB,2320.0,782.0,1014.3,20,626,0,0,0,0,BU03610200,WK036102,GM0361,1229.0,11,11,411805.0,1.0,11,882.0,True,3864.7872899999998,3555.6043068,5561.3298132,9116.93412,0.61,1.0,0.0,1.0,0.0,1.0,0.0
1823CC,3402.0,622.0,1139.6499999999999,35,989,334,100,0,0,BU03610200,WK036102,GM0361,2556.0,22,18,935907.5,0.9473684210526315,19,991.0,True,4342.408394999999,3995.015723399999,6248.614336599999,10243.630059999998,0.61,0.9473684210526315,0.052631578947368474,0.9473684210526315,0.052631578947368474,0.9473684210526315,0.052631578947368474
1823CD,2397.0,336.0,848.6999999999999,75,2638,380,80,20,0,BU03610200,WK036102,GM0361,4216.0,39,39,1048617.5,1.0,39,738.0,True,3233.8016100000004,2975.0974812000004,4653.357598799999,7628.45508,0.61,1.0,0.0,1.0,0.0,1.0,0.0
1823CE,3163.0,1127.0,1485.8,41,2995,442,100,0,0,BU03610200,WK036102,GM0361,3826.0,27,23,1243250.0,0.8888888888888888,27,1292.0,True,5661.343739999999,5208.4362408,8146.5284792,13354.96472,0.61,0.8888888888888888,0.11111111111111116,0.8888888888888888,0.11111111111111116,0.8888888888888888,0.11111111111111116
1823CG,3615.0,930.0,1478.8999999999999,34,2619,338,80,0,0,BU03610200,WK036102,GM0361,1853.0,18,16,608127.5,0.9375,16,1286.0,True,5635.052669999999,5184.2484564,8108.696303599999,13292.944759999998,0.61,0.9375,0.0625,0.9375,0.0625,0.9375,0.0625
1823CH,2481.0,1476.0,1369.6499999999999,24,1196,415,90,0,0,BU03610200,WK036102,GM0361,1497.0,12,12,567750.0,1.0,12,1191.0,True,5218.777394999999,4801.2752034,7509.6868565999985,12310.962059999998,0.61,1.0,0.0,1.0,0.0,1.0,0.0
1823CJ,3638.0,7.0,1377.6999999999998,272,682439,451,90,10,0,BU03610803,WK036108,GM0361,59360.0,498,137,8226132.5,0.7652173913043478,345,1198.0,True,5249.450309999999,4829.4942851999995,3740698.2922662855,3745527.7865514853,0.9987105971279828,0.7652173913043478,0.23478260869565215,0.7652173913043478,0.23478260869565215,0.7652173913043478,0.23478260869565215
1823CK,4716.0,0.0,2808.2999999999997,18,651057,0,0,0,0,BU03610803,WK036108,GM0361,15743.0,142,7,1653707.5,0.7894736842105263,57,2442.0,True,10700.465489999999,9844.4282508,1459480.3011030026,1469324.7293538025,0.99330003228413,0.7894736842105263,0.21052631578947367,0.7894736842105263,0.21052631578947367,0.7894736842105263,0.21052631578947367
1823CL,16795.0,0.0,4909.349999999999,13,4467,0,0,0,0,BU03610803,WK036108,GM0361,8419.0,66,3,3110645.0,0.0,11,4269.0,True,18706.096304999995,17209.608600599997,2524859.789909097,2542069.398509697,0.993230079158858,0.0,1.0,0.0,1.0,0.0,1.0
1823CM,3293.0,337.0,0.0,0,0,0,0,0,0,BU03610803,WK036108,GM0361,1860.72,14,19,705958.775,0.0,23,0.0,True,0.0,0.0,705958.775,705958.775,1.0,0.0,1.0,0.0,1.0,0.0,1.0
1823CN,6436.0,0.0,2120.6,94,55464,338,90,10,0,BU03610803,WK036108,GM0361,14902.0,105,57,2320172.5,0.7906976744186046,86,1844.0,True,8080.1221799999985,7433.712405599999,254692.77911059037,262126.49151619038,0.9716407435105014,0.7906976744186046,0.2093023255813954,0.7906976744186046,0.2093023255813954,0.7906976744186046,0.2093023255813954
1823CP,8106.0,616.0,5269.299999999999,61,64774,0,0,0,0,BU03610803,WK036108,GM0361,18022.0,151,7,2500907.5,0.75,40,4582.0,True,20077.61379,18471.4046868,1519498.2906384978,1537969.6953252978,0.9879897472993491,0.75,0.25,0.75,0.25,0.75,0.25
1823CR,25324.0,433.0,5269.299999999999,61,64774,0,0,0,0,BU03610803,WK036108,GM0361,37659.0,288,27,5486857.5,0.0,33,4582.0,True,20077.61379,18471.4046868,4353601.770391533,4372073.175078333,0.9957751382588721,0.0,1.0,0.0,1.0,0.0,1.0
1823CS,20543.0,1148.0,7576.2,27,94961,0,0,0,0,BU03610803,WK036108,GM0361,37837.0,351,2,11253122.5,0.9383259911894273,227,6588.0,True,28867.594860000005,26558.187271200004,10429037.421116492,10455595.608387692,0.9974599068034063,0.9383259911894273,0.06167400881057272,0.9383259911894273,0.06167400881057272,0.9383259911894273,0.06167400881057272
1823CT,20543.0,1148.0,0.0,0,0,0,0,0,0,BU03610803,WK036108,GM0361,2700.0,21,0,337500.0,0.0,1,0.0,True,0.0,0.0,337500.0,337500.0,1.0,0.0,1.0,0.0,1.0,0.0,1.0
1823CV,20543.0,1148.0,7576.2,27,94961,0,0,0,0,BU03610803,WK036108,GM0361,2161.0,17,1,402737.5,0.0,5,6588.0,True,28867.594860000005,26558.187271200004,41539.728808800006,68097.91608000001,0.61,0.0,1.0,0.0,1.0,0.0,1.0
1823CW,20543.0,1148.0,7576.2,27,94961,0,0,0,0,BU03610803,WK036108,GM0361,37462.0,283,14,10937942.5,0.10714285714285714,28,6588.0,True,28867.594860000005,26558.187271200004,9935932.944356503,9962491.131627703,0.9973341820915769,0.10714285714285714,0.8928571428571429,0.10714285714285714,0.8928571428571429,0.10714285714285714,0.8928571428571429
1823CX,16625.0,494.0,2952.0499999999997,36,16651,0,0,0,0,BU03610803,WK036108,GM0361,20582.0,158,22,5857787.5,0.0,28,2567.0,True,11248.196114999999,10348.3404258,4539287.60630053,4549635.94672633,0.997725457476824,0.0,1.0,0.0,1.0,0.0,1.0
1823CZ,3313.0,833.0,0.0,0,0,450,100,0,0,BU03610803,WK036108,GM0361,8836.0,64,0,1170770.0,1.0,64,0.0,True,0.0,0.0,1170770.0,1170770.0,1.0,1.0,0.0,1.0,0.0,1.0,0.0
1823DA,2640.0,1413.0,1615.7499999999998,23,1608,446,70,30,5,BU03610200,WK036102,GM0361,1807.0,15,14,565335.0,1.0,15,1405.0,True,6156.492224999999,5663.972846999999,8859.034452999998,14523.007299999997,0.61,1.0,0.0,1.0,0.0,1.0,0.0
1823DB,4295.0,1418.0,1759.4999999999998,38,2915,573,100,0,0,BU03610200,WK036102,GM0361,2687.0,18,18,921582.5,0.9473684210526315,19,1530.0,True,6704.22285,6167.885022,9647.204778,15815.0898,0.61,0.9473684210526315,0.052631578947368474,0.9473684210526315,0.052631578947368474,0.9473684210526315,0.052631578947368474
1823DC,6078.0,1864.0,3414.35,21,2585,508,90,0,0,BU03610200,WK036102,GM0361,2822.0,19,10,1075945.0,0.9090909090909091,11,2969.0,True,13009.697805,11968.9219806,18720.621559399995,30689.543539999995,0.61,0.9090909090909091,0.09090909090909094,0.9090909090909091,0.09090909090909094,0.9090909090909091,0.09090909090909094
1823DD,2859.0,1655.0,1512.2499999999998,31,2158,449,90,0,0,BU03610200,WK036102,GM0361,2043.0,17,15,681730.0,0.8823529411764706,17,1315.0,True,5762.1261749999985,5301.156080999999,8291.551818999998,13592.707899999998,0.61,0.8823529411764706,0.11764705882352944,0.8823529411764706,0.11764705882352944,0.8823529411764706,0.11764705882352944
1823DE,2340.0,666.0,2308.0499999999997,16,1042,466,0,0,0,BU03610200,WK036102,GM0361,1191.0,9,8,442667.5,0.7777777777777778,9,2007.0,True,8794.362914999998,8090.813881799999,12654.8627382,20745.67662,0.61,0.7777777777777778,0.2222222222222222,0.7777777777777778,0.2222222222222222,0.7777777777777778,0.2222222222222222
1823DG,6516.0,2555.0,1458.1999999999998,40,2346,833,100,0,0,BU03610201,WK036102,GM0361,8442.0,38,20,1139850.0,1.0,38,1268.0,True,5556.179459999999,5111.6851031999995,7995.199776799998,13106.884879999998,0.61,1.0,0.0,1.0,0.0,1.0,0.0
1823DH,8809.0,4350.0,1911.3,36,2617,670,0,0,0,BU03610201,WK036102,GM0361,2014.0,11,4,529687.5,0.8333333333333334,6,1662.0,True,7282.626389999999,6700.0162788,10479.5126412,17179.52892,0.61,0.8333333333333334,0.16666666666666663,0.8333333333333334,0.16666666666666663,0.8333333333333334,0.16666666666666663
1823DJ,3711.0,1237.0,1911.3,36,2617,502,100,0,0,BU03610200,WK036102,GM0361,2113.0,16,15,745922.5,1.0,16,1662.0,True,7282.626389999999,6700.0162788,10479.5126412,17179.52892,0.61,1.0,0.0,1.0,0.0,1.0,0.0
1823DK,3145.0,229.0,1446.6999999999998,34,3955,391,90,0,0,BU03610200,WK036102,GM0361,4060.0,28,19,1310930.0,0.45161290322580644,31,1258.0,True,5512.361009999999,5071.372129199999,7932.146150799999,13003.518279999998,0.61,0.45161290322580644,0.5483870967741935,0.45161290322580644,0.5483870967741935,0.45161290322580644,0.5483870967741935
1823DL,18529.0,831.0,5672.95,13,68888,0,0,0,0,BU03610208,WK036102,GM0361,60732.0,466,8,13027572.5,0.0,15,4933.0,True,21615.641385,19886.3900742,12695246.719585627,12715133.109659828,0.9984360061430192,0.0,1.0,0.0,1.0,0.0,1.0
1823DM,4835.0,1222.0,990.15,89,5601,0,0,0,0,BU03610208,WK036102,GM0361,443.0,3,1,89707.5,0.0,1,861.0,True,3772.768545,3470.9470614,5428.9171986,8899.86426,0.61,0.0,1.0,0.0,1.0,0.0,1.0
1823DN,4835.0,1222.0,990.15,89,5601,449,100,0,0,BU03610208,WK036102,GM0361,5609.0,46,46,743192.5,1.0,46,861.0,True,3772.768545,3470.9470614,5428.9171986,8899.86426,0.61,1.0,0.0,1.0,0.0,1.0,0.0
1823DP,3114.0,1636.0,1137.35,57,5095,470,90,0,0,BU03610208,WK036102,GM0361,4332.0,31,30,573990.0,1.0,31,989.0,True,4333.644704999999,3986.953128599999,6236.003611399999,10222.956739999998,0.61,1.0,0.0,1.0,0.0,1.0,0.0
1823DR,3145.0,1117.0,1030.3999999999999,81,6874,450,100,0,0,BU03610208,WK036102,GM0361,5685.0,42,42,747270.0,1.0,42,896.0,True,3926.1331199999995,3612.0424703999997,5649.604889599999,9261.647359999999,0.61,1.0,0.0,1.0,0.0,1.0,0.0
1823DS,4010.0,679.0,0.0,0,0,0,0,0,0,BU03610201,WK036102,GM0361,12475.0,96,1,1559375.0,0.0,1,0.0,True,0.0,0.0,1559375.0,1559375.0,1.0,0.0,1.0,0.0,1.0,0.0,1.0
1823EA,4010.0,679.0,1293.75,32,1305,345,100,0,0,BU03610205,WK036102,GM0361,2392.0,19,19,687520.0,1.0,19,1125.0,True,4929.5756249999995,4535.209575,7093.532925,11628.7425,0.61,1.0,0.0,1.0,0.0,1.0,0.0
1823EB,1883.0,845.0,0.0,0,0,172,0,0,0,BU03610204,WK036102,GM0361,2288.0,28,0,128265.0,1.0,28,0.0,True,0.0,0.0,128265.0,128265.0,1.0,1.0,0.0,1.0,0.0,1.0,0.0
1823EC,0.0,0.0,0.0,0,0,0,0,0,0,BU03610204,WK036102,GM0361,490.0,4,0,44100.0,0.0,1,0.0,True,0.0,0.0,44100.0,44100.0,1.0,0.0,1.0,0.0,1.0,0.0,1.0
1823ED,2547.0,897.0,1137.35,36,1169,345,100,0,0,BU03610205,WK036102,GM0361,2413.0,19,19,669957.5,1.0,19,989.0,True,4333.644704999999,3986.953128599999,6236.003611399999,10222.956739999998,0.61,1.0,0.0,1.0,0.0,1.0,0.0
1823EE,2017.0,939.0,0.0,0,0,172,0,0,0,BU03610204,WK036102,GM0361,2288.0,28,0,132010.0,1.0,28,0.0,True,0.0,0.0,132010.0,132010.0,1.0,1.0,0.0,1.0,0.0,1.0,0.0
1823EH,2584.0,174.0,56.349999999999994,35,9393,180,0,0,0,BU03610204,WK036102,GM0361,2146.0,22,22,425785.0,0.5945945945945946,37,49.0,True,214.710405,197.5335726,308.96276739999996,506.49634,0.61,0.5945945945945946,0.4054054054054054,0.5945945945945946,0.4054054054054054,0.5945945945945946,0.4054054054054054
1823EJ,1811.0,0.0,49.449999999999996,37,9393,180,0,0,0,BU03610204,WK036102,GM0361,1978.0,23,23,327875.0,1.0,23,43.0,True,188.41933500000002,173.34578820000002,271.1305918,444.47638,0.61,1.0,0.0,1.0,0.0,1.0,0.0
1823EK,1898.0,0.0,55.199999999999996,38,9393,180,0,0,0,BU03610204,WK036102,GM0361,1892.0,22,21,335615.0,1.0,22,48.0,True,210.32855999999998,193.50227519999999,302.6574048,496.15968,0.61,1.0,0.0,1.0,0.0,1.0,0.0
1823EL,1850.0,0.0,41.4,37,9393,180,0,0,0,BU03610204,WK036102,GM0361,1806.0,21,20,313255.0,1.0,21,36.0,True,157.74641999999997,145.1267064,226.9930536,372.11976,0.61,1.0,0.0,1.0,0.0,1.0,0.0
1823EM,1741.0,990.0,0.0,0,0,172,0,0,0,BU03610204,WK036102,GM0361,2542.0,32,0,151235.0,1.0,32,0.0,True,0.0,0.0,151235.0,151235.0,1.0,1.0,0.0,1.0,0.0,1.0,0.0
1823EN,1920.0,839.0,0.0,0,0,172,0,0,0,BU03610204,WK036102,GM0361,2288.0,28,0,128265.0,1.0,28,0.0,True,0.0,0.0,128265.0,128265.0,1.0,1.0,0.0,1.0,0.0,1.0,0.0
1823EP,1600.0,955.0,0.0,0,0,172,0,0,0,BU03610204,WK036102,GM0361,2288.0,28,0,135360.0,1.0,28,0.0,True,0.0,0.0,135360.0,135360.0,1.0,1.0,0.0,1.0,0.0,1.0,0.0
1823ER,1657.0,1189.0,0.0,0,0,172,0,0,0,BU03610204,WK036102,GM0361,2509.0,32,0,142077.5,1.0,32,0.0,True,0.0,0.0,142077.5,142077.5,1.0,1.0,0.0,1.0,0.0,1.0,0.0
1823ES,1814.0,1052.0,0.0,0,0,172,0,0,0,BU03610204,WK036102,GM0361,2545.0,32,0,151422.5,1.0,32,0.0,True,0.0,0.0,151422.5,151422.5,1.0,1.0,0.0,1.0,0.0,1.0,0.0
1823ET,2234.0,600.0,1481.1999999999998,27,1603,331,100,0,0,BU03610205,WK036102,GM0361,1753.0,14,14,575410.0,1.0,14,1288.0,True,5643.816359999999,5192.311051199999,8121.307028799999,13313.618079999998,0.61,1.0,0.0,1.0,0.0,1.0,0.0
1823EV,4986.0,341.0,2601.2999999999997,78,12183,350,80,20,0,BU03610205,WK036102,GM0361,9744.0,76,39,2067967.5,0.8780487804878049,41,2262.0,True,9911.73339,9118.7947188,14262.7302012,23381.52492,0.61,0.8780487804878049,0.12195121951219512,0.8780487804878049,0.12195121951219512,0.8780487804878049,0.12195121951219512
1823EW,2308.0,1314.0,1238.55,30,997,0,80,0,0,BU03610205,WK036102,GM0361,2318.0,16,16,655880.0,0.5714285714285714,28,1077.0,True,4719.2470650000005,4341.7072998,6790.875520199999,11132.58282,0.61,0.5714285714285714,0.4285714285714286,0.5714285714285714,0.4285714285714286,0.5714285714285714,0.4285714285714286
1823EX,2565.0,965.0,1297.1999999999998,26,999,313,80,0,0,BU03610205,WK036102,GM0361,2397.0,16,16,596595.0,0.5333333333333333,30,1128.0,True,4942.721159999999,4547.303467199999,7112.4490128,11659.75248,0.61,0.5333333333333333,0.4666666666666667,0.5333333333333333,0.4666666666666667,0.5333333333333333,0.4666666666666667
1823EZ,2097.0,815.0,1115.5,39,2006,309,100,0,0,BU03610205,WK036102,GM0361,2844.0,23,22,769585.0,0.7419354838709677,31,970.0,True,4250.38965,3910.358478,6116.201722,10026.5602,0.61,0.7419354838709677,0.25806451612903225,0.7419354838709677,0.25806451612903225,0.7419354838709677,0.25806451612903225
1823GA,2105.0,923.0,1240.85,27,1054,233,60,40,5,BU03610206,WK036102,GM0361,1402.0,14,14,356227.5,1.0,14,1079.0,True,4728.010755,4349.7698946,6803.4862453999995,11153.25614,0.61,1.0,0.0,1.0,0.0,1.0,0.0
1823GB,3803.0,1872.0,2066.5499999999997,30,2852,593,100,0,0,BU03610206,WK036102,GM0361,3112.0,16,16,704537.5,1.0,16,1797.0,True,7874.175464999999,7244.2414278,11330.736592199999,18574.97802,0.61,1.0,0.0,1.0,0.0,1.0,0.0
1823GC,2731.0,277.0,1324.8,25,1640,287,90,0,0,BU03610206,WK036102,GM0361,1579.0,14,14,454037.5,1.0,14,1152.0,True,5047.885439999999,4644.0546048,7263.7777152,11907.83232,0.61,1.0,0.0,1.0,0.0,1.0,0.0
1823GD,1760.0,220.0,959.0999999999999,36,2094,213,30,70,15,BU03610206,WK036102,GM0361,1687.0,21,21,372280.0,1.0,21,834.0,True,3654.4587299999994,3362.1020315999995,5258.6724084,8620.77444,0.61,1.0,0.0,1.0,0.0,1.0,0.0
1823GE,1833.0,794.0,1273.05,38,3231,307,0,0,0,BU03610206,WK036102,GM0361,760.0,6,6,220450.0,1.0,6,1107.0,True,4850.702415,4462.6462218,6980.0363982,11442.68262,0.61,1.0,0.0,1.0,0.0,1.0,0.0
1823GG,1833.0,794.0,1273.05,38,3231,364,100,0,0,BU03610206,WK036102,GM0361,1795.0,16,16,412320.0,1.0,16,1107.0,True,4850.702415,4462.6462218,6980.0363982,11442.68262,0.61,1.0,0.0,1.0,0.0,1.0,0.0
1823GH,1813.0,202.0,1100.55,39,2454,247,50,50,10,BU03610206,WK036102,GM0361,2097.0,22,21,510390.0,1.0,22,957.0,True,4193.425665,3857.9516118,6034.2320082,9892.18362,0.61,1.0,0.0,1.0,0.0,1.0,0.0
1823GJ,1714.0,715.0,999.3499999999999,30,2038,265,70,30,5,BU03610206,WK036102,GM0361,1862.0,18,18,507437.5,1.0,18,869.0,True,3807.823305,3503.1974406,5479.3600994,8982.55754,0.61,1.0,0.0,1.0,0.0,1.0,0.0
1823GK,2165.0,565.0,1151.1499999999999,39,2262,276,100,0,0,BU03610206,WK036102,GM0361,2247.0,21,21,613122.5,1.0,21,1001.0,True,4386.226844999999,4035.3286973999993,6311.6679626,10346.996659999999,0.61,1.0,0.0,1.0,0.0,1.0,0.0
1823GL,1943.0,765.0,1045.35,40,1513,251,80,30,5,BU03610206,WK036102,GM0361,1961.0,20,20,517000.0,1.0,20,909.0,True,3983.0971049999994,3664.4493365999997,5731.574603399999,9396.02394,0.61,1.0,0.0,1.0,0.0,1.0,0.0
1823GM,2138.0,819.0,1240.85,43,1952,0,0,0,0,BU03610206,WK036102,GM0361,1183.0,9,9,246260.0,1.0,9,1079.0,True,4728.010755,4349.7698946,6803.4862453999995,11153.25614,0.61,1.0,0.0,1.0,0.0,1.0,0.0
1823GN,3516.0,709.0,1240.85,43,1952,248,60,40,5,BU03610206,WK036102,GM0361,1211.0,13,13,264232.5,0.9285714285714286,14,1079.0,True,4728.010755,4349.7698946,6803.4862453999995,11153.25614,0.61,0.9285714285714286,0.0714285714285714,0.9285714285714286,0.0714285714285714,0.9285714285714286,0.0714285714285714
1823GP,2094.0,568.0,959.0999999999999,23,965,0,70,0,0,BU03610206,WK036102,GM0361,1394.0,13,13,352085.0,0.8666666666666667,15,834.0,True,3654.4587299999994,3362.1020315999995,5258.6724084,8620.77444,0.61,0.8666666666666667,0.1333333333333333,0.8666666666666667,0.1333333333333333,0.8666666666666667,0.1333333333333333
1823GR,1877.0,207.0,929.1999999999999,22,1007,0,70,0,0,BU03610206,WK036102,GM0361,1420.0,13,13,361667.5,0.8666666666666667,15,808.0,True,3540.53076,3257.2882992000004,5094.7329808,8352.02128,0.61,0.8666666666666667,0.1333333333333333,0.8666666666666667,0.1333333333333333,0.8666666666666667,0.1333333333333333
1823GS,2409.0,708.0,1144.25,29,1243,246,60,40,5,BU03610206,WK036102,GM0361,1628.0,16,16,399332.5,1.0,16,995.0,True,4359.935775,4011.140913,6273.835787000001,10284.976700000001,0.61,1.0,0.0,1.0,0.0,1.0,0.0
1823GT,1889.0,420.0,1137.35,38,1639,248,80,20,5,BU03610206,WK036102,GM0361,2150.0,22,22,527207.5,1.0,22,989.0,True,4333.644704999999,3986.953128599999,6236.003611399999,10222.956739999998,0.61,1.0,0.0,1.0,0.0,1.0,0.0
1823GV,2052.0,323.0,1120.1,40,1675,250,100,0,0,BU03610206,WK036102,GM0361,2105.0,22,22,550435.0,1.0,22,974.0,True,4267.9170300000005,3926.4836676000004,6141.423172399999,10067.90684,0.61,1.0,0.0,1.0,0.0,1.0,0.0
1823GW,2125.0,1165.0,1066.05,23,1026,242,70,0,0,BU03610206,WK036102,GM0361,1352.0,13,13,346332.5,0.8666666666666667,15,927.0,True,4061.9703149999996,3737.0126898,5845.0711302,9582.08382,0.61,0.8666666666666667,0.1333333333333333,0.8666666666666667,0.1333333333333333,0.8666666666666667,0.1333333333333333
1823GX,2155.0,606.0,1060.3,24,1005,240,70,0,0,BU03610206,WK036102,GM0361,1315.0,13,13,303902.5,0.8666666666666667,15,922.0,True,4040.0610899999992,3716.8562027999997,5813.5443172,9530.40052,0.61,0.8666666666666667,0.1333333333333333,0.8666666666666667,0.1333333333333333,0.8666666666666667,0.1333333333333333
1823GZ,2282.0,834.0,1219.0,29,1213,241,80,0,0,BU03610206,WK036102,GM0361,1765.0,16,16,449057.5,1.0,16,1060.0,True,4644.7557,4273.175244,6683.684356,10956.8596,0.61,1.0,0.0,1.0,0.0,1.0,0.0
1823HA,4147.0,286.0,3929.5499999999997,20,883,310,60,40,15,BU03610206,WK036102,GM0361,7584.0,72,5,999092.5,0.6666666666666666,51,3417.0,True,14972.764365,13774.943215800002,743112.2295597555,756887.1727755555,0.9818005328782541,0.6666666666666666,0.33333333333333337,0.6666666666666666,0.33333333333333337,0.6666666666666666,0.33333333333333337
1823HB,2392.0,0.0,1476.6,23,1317,269,0,0,0,BU03610206,WK036102,GM0361,1297.0,15,1,202780.0,0.9333333333333333,15,1284.0,True,5626.288979999999,5176.1858616,8096.085578399999,13272.271439999999,0.61,0.9333333333333333,0.06666666666666665,0.9333333333333333,0.06666666666666665,0.9333333333333333,0.06666666666666665
1823HC,2403.0,500.0,1476.6,23,1317,276,90,0,0,BU03610206,WK036102,GM0361,1372.0,12,12,368537.5,1.0,12,1284.0,True,5626.288979999999,5176.1858616,8096.085578399999,13272.271439999999,0.61,1.0,0.0,1.0,0.0,1.0,0.0
1823HD,1628.0,167.0,1060.3,38,2072,203,30,70,15,BU03610206,WK036102,GM0361,1607.0,21,21,363970.0,1.0,21,922.0,True,4040.0610899999992,3716.8562027999997,5813.5443172,9530.40052,0.61,1.0,0.0,1.0,0.0,1.0,0.0
1823HE,1288.0,0.0,783.15,30,823,187,0,0,0,BU03610206,WK036102,GM0361,981.0,15,15,188902.5,1.0,15,681.0,True,2984.036445,2745.3135294000003,4293.951930599999,7039.26546,0.61,1.0,0.0,1.0,0.0,1.0,0.0
1823HG,2317.0,468.0,1098.25,23,1182,259,100,0,0,BU03610206,WK036102,GM0361,1350.0,12,12,371297.5,1.0,12,955.0,True,4184.661975,3849.8890170000004,6021.6212829999995,9871.5103,0.61,1.0,0.0,1.0,0.0,1.0,0.0
1823HH,2272.0,212.0,925.7499999999999,38,1253,203,20,80,15,BU03610206,WK036102,GM0361,1621.0,21,21,369932.5,1.0,21,805.0,True,3527.3852249999986,3245.194406999999,5075.816892999999,8321.011299999998,0.61,1.0,0.0,1.0,0.0,1.0,0.0
1823HJ,3573.0,1063.0,1176.4499999999998,43,2112,0,0,0,0,BU03610206,WK036102,GM0361,795.0,6,6,235620.0,0.46153846153846156,13,1023.0,True,4482.6274349999985,4124.017240199999,6450.385939799999,10574.403179999998,0.61,0.46153846153846156,0.5384615384615384,0.46153846153846156,0.5384615384615384,0.46153846153846156,0.5384615384615384
1823HK,3573.0,1063.0,1176.4499999999998,43,2112,251,80,0,0,BU03610206,WK036102,GM0361,1712.0,16,16,437120.0,1.0,16,1023.0,True,4482.6274349999985,4124.017240199999,6450.385939799999,10574.403179999998,0.61,1.0,0.0,1.0,0.0,1.0,0.0
1823HL,2001.0,298.0,1248.8999999999999,22,1367,0,80,0,0,BU03610206,WK036102,GM0361,1281.0,12,12,335552.5,1.0,12,1086.0,True,4758.683669999999,4377.9889764,6847.6237836,11225.61276,0.61,1.0,0.0,1.0,0.0,1.0,0.0
1823HM,1893.0,564.0,997.05,62,3863,265,0,0,0,BU03610206,WK036102,GM0361,929.0,9,9,246432.5,1.0,9,867.0,True,3799.059615,3495.1348458,5466.7493742,8961.88422,0.61,1.0,0.0,1.0,0.0,1.0,0.0
1823HN,1893.0,564.0,997.05,62,3863,245,70,30,0,BU03610206,WK036102,GM0361,2458.0,24,24,641010.0,1.0,24,867.0,True,3799.059615,3495.1348458,5466.7493742,8961.88422,0.61,1.0,0.0,1.0,0.0,1.0,0.0
1823HP,2679.0,405.0,1104.0,46,1852,238,70,30,0,BU03610206,WK036102,GM0361,2408.0,24,24,640900.0,1.0,24,960.0,True,4206.5712,3870.0455040000006,6053.148096,9923.1936,0.61,1.0,0.0,1.0,0.0,1.0,0.0
1823HR,1170.0,0.0,446.2,22,291,101,0,0,0,BU03610206,WK036102,GM0361,518.0,16,16,105735.0,1.0,16,388.0,True,1700.15586,1564.1433912000002,2446.4806888,4010.62408,0.61,1.0,0.0,1.0,0.0,1.0,0.0
1823HS,6323.0,59.0,4273.4,59,71732,0,0,0,0,BU03610204,WK036102,GM0361,182.0,2,2,40040.0,1.0,2,3716.0,True,16282.936019999997,14980.301138399998,23430.7274216,38411.02856,0.61,1.0,0.0,1.0,0.0,1.0,0.0
1823JA,6323.0,59.0,4273.4,59,71732,0,0,0,0,BU03610803,WK036108,GM0361,2432.0,19,5,997120.0,0.0,5,3716.0,True,16282.936019999997,14980.301138399998,23430.7274216,38411.02856,0.61,0.0,1.0,0.0,1.0,0.0,1.0
1823JB,6323.0,59.0,0.0,0,0,0,0,0,0,BU03610803,WK036108,GM0361,4038.0,40,0,320602.5,1.0,40,0.0,True,0.0,0.0,320602.5,320602.5,1.0,1.0,0.0,1.0,0.0,1.0,0.0
1823JC,4660.0,1.0,4273.4,59,71732,0,0,0,0,BU03610803,WK036108,GM0361,8014.0,101,4,2098610.0,0.9587628865979382,97,3716.0,True,16282.936019999997,14980.301138399998,896120.0343522931,911100.3354906931,0.9835580116098498,0.9587628865979382,0.04123711340206182,0.9587628865979382,0.04123711340206182,0.9587628865979382,0.04123711340206182
1823VA,0.0,0.0,4273.4,59,71732,194,70,30,5,BU03610204,WK036102,GM0361,1936.0,22,22,493240.0,1.0,22,3716.0,True,16282.936019999997,14980.301138399998,23430.7274216,38411.02856,0.61,1.0,0.0,1.0,0.0,1.0,0.0
1823VB,1850.0,0.0,1014.3,42,6255,0,0,80,15,BU03610204,WK036102,GM0361,1936.0,22,22,365420.0,1.0,22,882.0,True,3864.7872899999998,3555.6043068,5561.3298132,9116.93412,0.61,1.0,0.0,1.0,0.0,1.0,0.0
1823VC,1531.0,0.0,708.4,40,6255,195,60,40,0,BU03610204,WK036102,GM0361,1936.0,22,22,496100.0,1.0,22,616.0,True,2699.21652,2483.2791984,3884.1033616,6367.38256,0.61,1.0,0.0,1.0,0.0,1.0,0.0
1823VD,2059.0,0.0,673.9,41,6255,194,60,40,0,BU03610204,WK036102,GM0361,1936.0,22,22,464640.0,1.0,22,586.0,True,2567.76117,2362.3402764,3694.9424836,6057.28276,0.61,1.0,0.0,1.0,0.0,1.0,0.0
1823VE,3257.0,1136.0,31.049999999999997,43,6264,158,0,0,0,BU03610204,WK036102,GM0361,1872.0,26,26,258070.0,1.0,26,27.0,True,118.30981499999999,108.84502979999999,170.24479019999998,279.08982,0.61,1.0,0.0,1.0,0.0,1.0,0.0
1823VG,1498.0,0.0,39.099999999999994,38,6264,0,0,0,0,BU03610204,WK036102,GM0361,1968.0,23,23,280365.0,0.8846153846153846,26,34.0,True,148.98272999999998,137.0641116,214.3823284,351.44644,0.61,0.8846153846153846,0.11538461538461542,0.8846153846153846,0.11538461538461542,0.8846153846153846,0.11538461538461542
1823VH,2068.0,0.0,46.0,31,6264,184,0,0,0,BU03610204,WK036102,GM0361,1936.0,22,22,264000.0,1.0,22,40.0,True,175.27379999999997,161.251896,252.21450399999998,413.46639999999996,0.61,1.0,0.0,1.0,0.0,1.0,0.0
1823VJ,1798.0,0.0,43.699999999999996,38,6264,184,0,0,0,BU03610204,WK036102,GM0361,2140.0,22,22,370080.0,0.6470588235294118,34,38.0,True,166.51010999999997,153.1893012,239.6037788,392.79308,0.61,0.6470588235294118,0.3529411764705882,0.6470588235294118,0.3529411764705882,0.6470588235294118,0.3529411764705882
1823VK,5554.0,360.0,2832.45,25,5146,306,60,40,0,BU03610205,WK036102,GM0361,2974.0,23,15,941967.5,0.8666666666666667,15,2463.0,True,10792.484234999998,9929.0854962,15530.1080838,25459.19358,0.61,0.8666666666666667,0.1333333333333333,0.8666666666666667,0.1333333333333333,0.8666666666666667,0.1333333333333333
1823VL,2110.0,1316.0,1544.4499999999998,27,997,294,50,50,5,BU03610205,WK036102,GM0361,2358.0,16,16,601747.5,0.5161290322580645,31,1343.0,True,5884.817835000001,5414.032408200001,8468.101971799999,13882.13438,0.61,0.5161290322580645,0.4838709677419355,0.5161290322580645,0.4838709677419355,0.5161290322580645,0.4838709677419355
1823VM,1968.0,1032.0,1186.8,38,1617,314,80,30,5,BU03610205,WK036102,GM0361,3667.0,24,24,1050652.5,0.47058823529411764,51,1032.0,True,4522.06404,4160.2989168,6507.134203199999,10667.43312,0.61,0.47058823529411764,0.5294117647058824,0.47058823529411764,0.5294117647058824,0.47058823529411764,0.5294117647058824
1823VN,2242.0,888.0,1311.0,34,1325,309,80,30,5,BU03610205,WK036102,GM0361,2631.0,20,20,677562.5,1.0,20,1140.0,True,4995.3033000000005,4595.679036,7188.113364,11783.7924,0.61,1.0,0.0,1.0,0.0,1.0,0.0
1823WB,7842.0,1165.0,2919.85,65,9253,298,80,20,0,BU03610204,WK036102,GM0361,8354.0,59,37,1380357.5,0.725,40,2539.0,True,11125.504455,10235.464098600001,16009.3156414,26244.77974,0.61,0.725,0.275,0.725,0.275,0.725,0.275
1823WD,3863.0,931.0,1630.6999999999998,62,3317,349,90,0,0,BU03610204,WK036102,GM0361,5814.4,45,36,1604444.0,0.6842105263157895,38,1418.0,True,6213.456209999999,5716.3797132,8941.004166799998,14657.383879999998,0.61,0.6842105263157895,0.3157894736842105,0.6842105263157895,0.3157894736842105,0.6842105263157895,0.3157894736842105
1823WE,3025.0,956.0,951.05,62,3743,368,100,0,0,BU03610204,WK036102,GM0361,4022.0,33,33,676812.5,1.0,33,827.0,True,3623.785815,3333.8829498000005,5214.5348702,8548.41782,0.61,1.0,0.0,1.0,0.0,1.0,0.0
1823WG,2925.0,706.0,887.8,54,2417,354,100,0,0,BU03610204,WK036102,GM0361,3366.0,29,29,570742.5,1.0,29,772.0,True,3382.78434,3112.1615928,4867.739927199999,7979.901519999999,0.61,1.0,0.0,1.0,0.0,1.0,0.0
1823WH,2994.0,332.0,913.0999999999999,34,1466,336,80,0,0,BU03610204,WK036102,GM0361,1898.0,18,18,314895.0,1.0,18,794.0,True,3479.1849299999994,3200.8501355999997,5006.4579044,8207.30804,0.61,1.0,0.0,1.0,0.0,1.0,0.0
1823WJ,1298.0,830.0,596.8499999999999,96,25779,187,0,100,0,BU03610204,WK036102,GM0361,3234.0,52,52,361690.0,0.9807692307692307,52,519.0,True,2274.1775549999998,2092.2433505999998,3272.483189399999,5364.726539999999,0.61,0.9807692307692307,0.019230769230769273,0.9807692307692307,0.019230769230769273,0.9807692307692307,0.019230769230769273
1823WK,1120.0,1397.0,817.65,56,2396,237,0,100,0,BU03610204,WK036102,GM0361,2512.0,30,30,338000.0,0.75,40,711.0,True,3115.4917950000004,2866.2524514000006,4483.1128086,7349.3652600000005,0.61,0.75,0.25,0.75,0.25,0.75,0.25
1823XA,1875.0,1278.0,0.0,0,0,176,0,0,0,BU03610204,WK036102,GM0361,1393.0,18,0,81212.5,1.0,18,0.0,True,0.0,0.0,81212.5,81212.5,1.0,1.0,0.0,1.0,0.0,1.0,0.0
1823XB,1408.0,986.0,0.0,0,0,176,0,0,0,BU03610204,WK036102,GM0361,1172.0,14,0,63970.0,1.0,14,0.0,True,0.0,0.0,63970.0,63970.0,1.0,1.0,0.0,1.0,0.0,1.0,0.0
1823XC,1615.0,1258.0,0.0,0,0,176,0,0,0,BU03610204,WK036102,GM0361,1172.0,14,0,72240.0,1.0,14,0.0,True,0.0,0.0,72240.0,72240.0,1.0,1.0,0.0,1.0,0.0,1.0,0.0
1823XD,1203.0,1382.0,0.0,0,0,176,0,0,0,BU03610204,WK036102,GM0361,1426.0,18,0,82265.0,1.0,18,0.0,True,0.0,0.0,82265.0,82265.0,1.0,1.0,0.0,1.0,0.0,1.0,0.0
1823XE,1443.0,1124.0,0.0,0,0,176,0,0,0,BU03610204,WK036102,GM0361,1172.0,14,0,67400.0,1.0,14,0.0,True,0.0,0.0,67400.0,67400.0,1.0,1.0,0.0,1.0,0.0,1.0,0.0
1823XG,1282.0,874.0,0.0,0,0,176,0,0,0,BU03610204,WK036102,GM0361,1172.0,14,0,63970.0,1.0,14,0.0,True,0.0,0.0,63970.0,63970.0,1.0,1.0,0.0,1.0,0.0,1.0,0.0
1823XH,2901.0,1031.0,69.0,33,6298,184,0,0,0,BU03610204,WK036102,GM0361,1936.0,22,21,284680.0,1.0,22,60.0,True,262.9107,241.87784400000004,378.321756,620.1996,0.61,1.0,0.0,1.0,0.0,1.0,0.0
1823XJ,1862.0,0.0,56.349999999999994,40,6298,184,0,0,0,BU03610204,WK036102,GM0361,1953.0,22,22,282135.0,0.9565217391304348,23,49.0,True,214.710405,197.5335726,308.96276739999996,506.49634,0.61,0.9565217391304348,0.04347826086956519,0.9565217391304348,0.04347826086956519,0.9565217391304348,0.04347826086956519
1823XK,1688.0,0.0,36.8,38,6298,184,0,0,0,BU03610204,WK036102,GM0361,1936.0,22,21,267740.0,1.0,22,32.0,True,140.21903999999998,129.0015168,201.77160319999996,330.77311999999995,0.61,1.0,0.0,1.0,0.0,1.0,0.0
1823XL,1964.0,0.0,31.049999999999997,40,6298,184,0,0,0,BU03610204,WK036102,GM0361,2174.0,22,22,374670.0,0.6111111111111112,36,27.0,True,118.30981499999999,108.84502979999999,170.24479019999998,279.08982,0.61,0.6111111111111112,0.38888888888888884,0.6111111111111112,0.38888888888888884,0.6111111111111112,0.38888888888888884
1823XM,3081.0,911.0,23.0,35,17216,184,0,0,0,BU03610204,WK036102,GM0361,1936.0,22,21,280720.0,1.0,22,20.0,True,87.63689999999998,80.625948,126.10725199999999,206.73319999999998,0.61,1.0,0.0,1.0,0.0,1.0,0.0
1823XN,2021.0,0.0,49.449999999999996,33,17216,184,0,0,0,BU03610204,WK036102,GM0361,1936.0,22,21,306020.0,1.0,22,43.0,True,188.41933500000002,173.34578820000002,271.1305918,444.47638,0.61,1.0,0.0,1.0,0.0,1.0,0.0
1823XP,1714.0,0.0,54.05,37,17216,184,0,0,0,BU03610204,WK036102,GM0361,1936.0,22,21,275220.0,1.0,22,47.0,True,205.946715,189.47097780000001,296.35204219999997,485.82302,0.61,1.0,0.0,1.0,0.0,1.0,0.0
1823XR,1868.0,0.0,29.9,35,17216,184,0,0,0,BU03610204,WK036102,GM0361,2174.0,22,22,378410.0,0.6111111111111112,36,26.0,True,113.92796999999999,104.81373239999999,163.9394276,268.75316,0.61,0.6111111111111112,0.38888888888888884,0.6111111111111112,0.38888888888888884,0.6111111111111112,0.38888888888888884
1823XS,2260.0,914.0,39.099999999999994,35,6276,184,0,0,0,BU03610204,WK036102,GM0361,1936.0,22,22,264220.0,1.0,22,34.0,True,148.98272999999998,137.0641116,214.3823284,351.44644,0.61,1.0,0.0,1.0,0.0,1.0,0.0
1823XT,1577.0,0.0,36.8,36,6276,184,0,0,0,BU03610204,WK036102,GM0361,1938.0,22,21,272625.0,1.0,22,32.0,True,140.21903999999998,129.0015168,201.77160319999996,330.77311999999995,0.61,1.0,0.0,1.0,0.0,1.0,0.0
1823XV,1343.0,0.0,24.15,35,6276,184,0,0,0,BU03610204,WK036102,GM0361,1936.0,22,20,264000.0,1.0,22,21.0,True,92.018745,84.6572454,132.4126146,217.06986,0.61,1.0,0.0,1.0,0.0,1.0,0.0
1823XW,1693.0,0.0,35.65,37,6276,184,0,0,0,BU03610204,WK036102,GM0361,1936.0,22,22,282700.0,1.0,22,31.0,True,135.83719499999998,124.97021939999999,195.46624059999996,320.43645999999995,0.61,1.0,0.0,1.0,0.0,1.0,0.0
1823XX,2662.0,221.0,1405.3,27,1048,327,90,0,0,BU03610205,WK036102,GM0361,1707.0,14,14,520040.0,1.0,14,1222.0,True,5354.614589999999,4926.2454228,7705.153097199999,12631.398519999999,0.61,1.0,0.0,1.0,0.0,1.0,0.0
1824DA,0.0,0.0,842.9499999999999,134,8064,629,0,0,0,BU03610502,WK036105,GM0361,1065.0,5,5,430927.5,1.0,5,733.0,True,3211.892385,2954.9409942,4621.8307858,7576.77178,0.61,1.0,0.0,1.0,0.0,1.0,0.0
1824DS,3099.0,111.0,842.9499999999999,134,8064,144,0,100,0,BU03610503,WK036105,GM0361,1865.0,49,1,401540.0,1.0,49,733.0,True,3211.892385,2954.9409942,4621.8307858,7576.77178,0.61,1.0,0.0,1.0,0.0,1.0,0.0
1824DT,1623.0,1.0,842.9499999999999,134,8064,229,60,40,5,BU03610503,WK036105,GM0361,4456.0,70,70,667877.5,1.0,70,733.0,True,3211.892385,2954.9409942,4621.8307858,7576.77178,0.61,1.0,0.0,1.0,0.0,1.0,0.0
1824DV,1465.0,0.0,606.05,20,850,181,50,50,5,BU03610503,WK036105,GM0361,719.0,11,11,149377.5,1.0,11,527.0,True,2309.2323149999997,2124.4937298,3322.9260902,5447.41982,0.61,1.0,0.0,1.0,0.0,1.0,0.0
1824DW,5040.0,0.0,1757.1999999999998,119,7082,0,0,0,0,BU03610503,WK036105,GM0361,498.0,4,1,151890.0,0.0,2,1528.0,True,6695.4591599999985,6159.822427199999,9634.5940528,15794.416479999998,0.61,0.0,1.0,0.0,1.0,0.0,1.0
1824DX,5040.0,0.0,1757.1999999999998,119,7082,259,50,50,30,BU03610503,WK036105,GM0361,8458.0,119,58,1137617.5,0.9150943396226415,106,1528.0,True,6695.4591599999985,6159.822427199999,9634.5940528,15794.416479999998,0.61,0.9150943396226415,0.08490566037735847,0.9150943396226415,0.08490566037735847,0.9150943396226415,0.08490566037735847
1824DZ,2305.0,895.0,784.3,52,1553,328,100,0,0,BU03610503,WK036105,GM0361,3209.0,30,29,425192.5,1.0,30,682.0,True,2988.41829,2749.3448268,4300.257293199999,7049.60212,0.61,1.0,0.0,1.0,0.0,1.0,0.0
1824EA,2566.0,151.0,1268.4499999999998,33,2228,253,0,80,15,BU03610500,WK036105,GM0361,2006.0,19,19,486420.0,1.0,19,1103.0,True,4833.175034999999,4446.521032199999,6954.814947799999,11401.335979999998,0.61,1.0,0.0,1.0,0.0,1.0,0.0
1824EB,2075.0,0.0,1347.8,33,2255,250,0,0,0,BU03610500,WK036105,GM0361,2006.0,19,19,443075.0,0.95,20,1172.0,True,5135.52234,4724.6805528,7389.8849672,12114.56552,0.61,0.95,0.050000000000000044,0.95,0.050000000000000044,0.95,0.050000000000000044
1824EC,3054.0,844.0,1238.55,33,2394,296,80,0,0,BU03610500,WK036105,GM0361,2625.0,19,19,760542.5,1.0,19,1077.0,True,4719.2470650000005,4341.7072998,6790.875520199999,11132.58282,0.61,1.0,0.0,1.0,0.0,1.0,0.0
1824ED,2976.0,968.0,1143.1,47,3009,285,70,30,5,BU03610500,WK036105,GM0361,3488.0,26,25,969060.0,1.0,26,994.0,True,4355.553929999999,4007.1096155999994,6267.530424399999,10274.640039999998,0.61,1.0,0.0,1.0,0.0,1.0,0.0
1824EE,2651.0,67.0,1532.9499999999998,43,3025,0,80,20,0,BU03610500,WK036105,GM0361,3075.0,23,23,958887.5,1.0,23,1333.0,True,5840.999385,5373.7194342,8405.048345799998,13778.767779999998,0.61,1.0,0.0,1.0,0.0,1.0,0.0
1824EG,2218.0,509.0,1321.35,23,1319,287,50,50,0,BU03610500,WK036105,GM0361,1964.0,14,12,579800.0,0.9230769230769231,13,1149.0,True,5034.739904999999,4631.9607126,7244.861627399999,11876.822339999999,0.61,0.9230769230769231,0.07692307692307687,0.9230769230769231,0.07692307692307687,0.9230769230769231,0.07692307692307687
1824EH,2927.0,0.0,1204.05,34,2230,249,0,0,0,BU03610500,WK036105,GM0361,1980.0,19,19,435600.0,1.0,19,1047.0,True,4587.791715,4220.7683778,6601.7146422,10822.48302,0.61,1.0,0.0,1.0,0.0,1.0,0.0
1824EJ,2472.0,35.0,1352.3999999999999,36,2233,249,0,0,0,BU03610500,WK036105,GM0361,1988.0,19,19,437360.0,1.0,19,1176.0,True,5153.04972,4740.8057424,7415.1064176,12155.91216,0.61,1.0,0.0,1.0,0.0,1.0,0.0
1824EK,1952.0,179.0,1331.6999999999998,39,3005,286,60,40,10,BU03610500,WK036105,GM0361,3099.0,23,23,848980.0,1.0,23,1158.0,True,5074.176509999998,4668.242389199999,7301.6098907999985,11969.852279999997,0.61,1.0,0.0,1.0,0.0,1.0,0.0
1824EL,2656.0,1040.0,1242.0,27,1093,284,80,0,0,BU03610500,WK036105,GM0361,2055.0,15,15,616500.0,1.0,15,1080.0,True,4732.3926,4353.801192,6809.791608,11163.5928,0.61,1.0,0.0,1.0,0.0,1.0,0.0
1824EM,2389.0,673.0,1354.6999999999998,43,3012,286,80,0,0,BU03610500,WK036105,GM0361,3065.0,23,23,913952.5,1.0,23,1178.0,True,5161.81341,4748.8683372,7427.717142799998,12176.585479999998,0.61,1.0,0.0,1.0,0.0,1.0,0.0
1824EN,3527.0,542.0,1005.0999999999999,25,1675,294,60,40,0,BU03610500,WK036105,GM0361,2094.0,15,15,570865.0,1.0,15,874.0,True,3829.7325299999998,3523.3539276,5510.8869124,9034.24084,0.61,1.0,0.0,1.0,0.0,1.0,0.0
1824EP,2125.0,75.0,1511.1,32,2226,252,0,0,0,BU03610500,WK036105,GM0361,1992.0,19,19,452815.0,1.0,19,1314.0,True,5757.74433,5297.1247836,8285.246456399998,13582.371239999999,0.61,1.0,0.0,1.0,0.0,1.0,0.0
1824ER,2261.0,0.0,1284.55,37,2234,0,0,80,15,BU03610500,WK036105,GM0361,2003.0,19,19,486140.0,0.95,20,1117.0,True,4894.5208649999995,4502.9591958,7043.090024199999,11546.049219999999,0.61,0.95,0.050000000000000044,0.95,0.050000000000000044,0.95,0.050000000000000044
1824ES,3170.0,280.0,1466.25,44,3011,289,60,40,10,BU03610500,WK036105,GM0361,3088.0,23,23,882337.5,1.0,23,1275.0,True,5586.852375,5139.904185,8039.337315,13179.2415,0.61,1.0,0.0,1.0,0.0,1.0,0.0
1824ET,3333.0,1124.0,1036.1499999999999,27,1621,287,80,0,0,BU03610500,WK036105,GM0361,2055.0,15,14,585332.5,1.0,15,901.0,True,3948.042344999999,3632.198957399999,5681.131702599999,9313.330659999998,0.61,1.0,0.0,1.0,0.0,1.0,0.0
1824EV,2829.0,780.0,1128.1499999999999,35,2334,0,80,0,0,BU03610500,WK036105,GM0361,2637.0,19,19,791390.0,1.0,19,981.0,True,4298.589944999999,3954.7027493999994,6185.560710599999,10140.263459999998,0.61,1.0,0.0,1.0,0.0,1.0,0.0
1824EW,3177.0,493.0,1037.3,45,2823,288,60,40,10,BU03610500,WK036105,GM0361,3425.0,25,24,943587.5,1.0,25,902.0,True,3952.4241899999997,3636.2302548,5687.437065199999,9323.667319999999,0.61,1.0,0.0,1.0,0.0,1.0,0.0
1824EX,20208.0,399.0,3303.95,57,27696,0,0,0,0,BU03610500,WK036105,GM0361,16625.0,130,8,2246360.0,0.3333333333333333,9,2873.0,True,12589.040684999998,11581.9174302,1279532.8452113385,1291114.7626415384,0.9910295213366594,0.3333333333333333,0.6666666666666667,0.3333333333333333,0.6666666666666667,0.3333333333333333,0.6666666666666667
1824EZ,5567.0,597.0,3303.95,57,27696,0,0,0,0,BU03610500,WK036105,GM0361,5972.0,47,7,2062980.0,0.25,8,2873.0,True,12589.040684999998,11581.9174302,18115.306749800002,29697.22418,0.61,0.25,0.75,0.25,0.75,0.25,0.75
1824GA,5567.0,597.0,3303.95,57,27696,291,90,0,0,BU03610502,WK036105,GM0361,2022.0,17,17,501242.5,1.0,17,2873.0,True,12589.040684999998,11581.9174302,18115.306749800002,29697.22418,0.61,1.0,0.0,1.0,0.0,1.0,0.0
1824GB,2375.0,1070.0,1227.05,30,1261,289,100,0,0,BU03610502,WK036105,GM0361,1847.0,16,16,486580.0,1.0,16,1067.0,True,4675.428615,4301.3943258,6727.8218941999985,11029.216219999998,0.61,1.0,0.0,1.0,0.0,1.0,0.0
1824GC,2528.0,601.0,1233.9499999999998,30,999,284,100,0,0,BU03610502,WK036105,GM0361,1849.0,16,16,509180.0,1.0,16,1073.0,True,4701.719684999999,4325.582110199999,6765.654069799999,11091.236179999998,0.61,1.0,0.0,1.0,0.0,1.0,0.0
1824GD,2058.0,742.0,1127.0,26,951,305,100,0,0,BU03610502,WK036105,GM0361,1781.0,14,14,480047.5,1.0,14,980.0,True,4294.208099999999,3950.6714519999996,6179.255348,10129.9268,0.61,1.0,0.0,1.0,0.0,1.0,0.0
1824GE,2963.0,650.0,1351.25,26,675,291,90,0,0,BU03610502,WK036105,GM0361,1549.0,14,14,429700.0,1.0,14,1175.0,True,5148.667875000001,4736.774445000001,7408.801055,12145.5755,0.61,1.0,0.0,1.0,0.0,1.0,0.0
1824GG,3352.0,1518.0,1397.25,39,2025,382,100,0,0,BU03610502,WK036105,GM0361,3487.0,21,21,916502.5,1.0,21,1215.0,True,5323.941675000001,4898.026341000001,7661.0155589999995,12559.0419,0.61,1.0,0.0,1.0,0.0,1.0,0.0
1824GH,2477.0,914.0,1098.25,30,1258,297,100,0,0,BU03610502,WK036105,GM0361,2077.0,18,18,581495.0,1.0,18,955.0,True,4184.661975,3849.8890170000004,6021.6212829999995,9871.5103,0.61,1.0,0.0,1.0,0.0,1.0,0.0
1824GJ,3613.0,488.0,1147.6999999999998,30,1102,298,100,0,0,BU03610502,WK036105,GM0361,1792.0,16,16,480932.5,1.0,16,998.0,True,4373.08131,4023.2348051999998,6292.7518748,10315.98668,0.61,1.0,0.0,1.0,0.0,1.0,0.0
1824GK,2435.0,1059.0,1033.85,43,1439,295,90,0,0,BU03610502,WK036105,GM0361,2648.0,24,23,681047.5,1.0,24,899.0,True,3939.278654999999,3624.1363625999993,5668.520977399999,9292.657339999998,0.61,1.0,0.0,1.0,0.0,1.0,0.0
1824GL,2292.0,569.0,1282.25,47,2426,320,100,0,0,BU03610502,WK036105,GM0361,3014.0,25,25,748042.5,1.0,25,1115.0,True,4885.757174999999,4494.8966009999995,7030.479299,11525.3759,0.61,1.0,0.0,1.0,0.0,1.0,0.0
1824GM,2463.0,869.0,1367.35,26,2449,327,100,0,0,BU03610502,WK036105,GM0361,1716.0,14,14,464517.5,1.0,14,1189.0,True,5210.013704999999,4793.2126086,7497.076131399998,12290.288739999998,0.61,1.0,0.0,1.0,0.0,1.0,0.0
1824GN,2064.0,548.0,1171.85,31,1250,312,100,0,0,BU03610502,WK036105,GM0361,1821.0,16,16,517132.5,0.9411764705882353,17,1019.0,True,4465.100055,4107.8920506,6425.164489399999,10533.05654,0.61,0.9411764705882353,0.05882352941176472,0.9411764705882353,0.05882352941176472,0.9411764705882353,0.05882352941176472
1824GP,2957.0,511.0,1394.9499999999998,28,2122,318,90,0,0,BU03610502,WK036105,GM0361,1792.0,15,15,516025.0,1.0,15,1213.0,True,5315.177984999998,4889.963746199999,7648.404833799999,12538.368579999998,0.61,1.0,0.0,1.0,0.0,1.0,0.0
1824GR,2373.0,406.0,1359.3,32,2249,329,90,0,0,BU03610502,WK036105,GM0361,2156.0,17,17,571210.0,1.0,17,1182.0,True,5179.340789999999,4764.9935268,7452.9385932,12217.93212,0.61,1.0,0.0,1.0,0.0,1.0,0.0
1824GS,2086.0,978.0,1067.1999999999998,27,1071,315,100,0,0,BU03610502,WK036105,GM0361,1576.0,14,14,362530.0,1.0,14,928.0,True,4066.3521599999995,3741.0439871999997,5851.376492799999,9592.420479999999,0.61,1.0,0.0,1.0,0.0,1.0,0.0
1824GT,2431.0,634.0,1081.0,32,1215,307,100,0,0,BU03610502,WK036105,GM0361,2186.0,18,18,595442.5,0.75,24,940.0,True,4118.9343,3789.419556,5927.040844,9716.4604,0.61,0.75,0.25,0.75,0.25,0.75,0.25
1824GV,2257.0,455.0,1167.25,31,1041,272,100,0,0,BU03610502,WK036105,GM0361,1638.0,17,17,455440.0,1.0,17,1015.0,True,4447.572674999999,4091.766861,6399.943039,10491.7099,0.61,1.0,0.0,1.0,0.0,1.0,0.0
1824GW,1883.0,610.0,1131.6,39,1448,281,100,0,0,BU03610502,WK036105,GM0361,2143.0,21,21,589125.0,1.0,21,984.0,True,4311.735479999999,3966.7966416,6204.476798399999,10171.273439999999,0.61,1.0,0.0,1.0,0.0,1.0,0.0
1824GX,2016.0,327.0,942.9999999999999,34,910,238,90,0,0,BU03610502,WK036105,GM0361,1458.0,20,20,392645.0,1.0,20,820.0,True,3593.1129000000005,3305.6638680000005,5170.397332,8476.0612,0.61,1.0,0.0,1.0,0.0,1.0,0.0
1824GZ,1473.0,157.0,921.15,34,890,241,100,0,0,BU03610502,WK036105,GM0361,1519.0,20,20,389762.5,1.0,20,801.0,True,3509.8578449999995,3229.0692173999996,5050.595442599999,8279.664659999999,0.61,1.0,0.0,1.0,0.0,1.0,0.0
1824HA,2886.0,483.0,1268.4499999999998,35,1070,295,80,0,0,BU03610502,WK036105,GM0361,2157.0,19,19,521690.0,1.0,19,1103.0,True,4833.175034999999,4446.521032199999,6954.814947799999,11401.335979999998,0.61,1.0,0.0,1.0,0.0,1.0,0.0
1824HB,2579.0,405.0,1265.0,19,740,292,60,0,0,BU03610502,WK036105,GM0361,1109.0,10,10,296057.5,1.0,10,1100.0,True,4820.0295,4434.42714,6935.898859999999,11370.326,0.61,1.0,0.0,1.0,0.0,1.0,0.0
1824HC,2305.0,460.0,1250.05,27,875,303,50,50,0,BU03610502,WK036105,GM0361,1711.0,14,14,461785.0,1.0,14,1087.0,True,4763.065515,4382.020273800001,6853.9291462,11235.94942,0.61,1.0,0.0,1.0,0.0,1.0,0.0
1824HD,2714.0,342.0,1106.3,27,746,295,60,40,0,BU03610502,WK036105,GM0361,1621.0,14,14,406742.5,1.0,14,962.0,True,4215.33489,3878.1080988000003,6065.7588212,9943.86692,0.61,1.0,0.0,1.0,0.0,1.0,0.0
1824HE,2712.0,765.0,1440.9499999999998,31,1469,300,90,0,0,BU03610502,WK036105,GM0361,2171.0,17,17,615100.0,1.0,17,1253.0,True,5490.451784999999,5051.2156422,7900.6193378,12951.83498,0.61,1.0,0.0,1.0,0.0,1.0,0.0
1824HG,2600.0,650.0,1376.55,39,3691,321,100,0,0,BU03610502,WK036105,GM0361,2789.0,23,23,814905.0,1.0,23,1197.0,True,5245.068464999999,4825.4629878,7547.5190322,12372.98202,0.61,1.0,0.0,1.0,0.0,1.0,0.0
1824HH,2454.0,655.0,1225.8999999999999,39,2756,314,100,0,0,BU03610502,WK036105,GM0361,2504.0,21,21,715415.0,1.0,21,1066.0,True,4671.04677,4297.3630284,6721.516531599999,11018.87956,0.61,1.0,0.0,1.0,0.0,1.0,0.0
1824HJ,1935.0,785.0,1254.6499999999999,35,2662,271,90,0,0,BU03610502,WK036105,GM0361,2369.0,21,21,685175.0,1.0,21,1091.0,True,4780.592894999999,4398.145463399999,6879.1505965999995,11277.296059999999,0.61,1.0,0.0,1.0,0.0,1.0,0.0
1824HK,2789.0,917.0,1190.25,37,1285,322,80,0,0,BU03610502,WK036105,GM0361,2625.0,21,21,666470.0,1.0,21,1035.0,True,4535.209575,4172.392809,6526.0502910000005,10698.4431,0.61,1.0,0.0,1.0,0.0,1.0,0.0
1824HL,2480.0,0.0,1043.05,23,3070,0,50,50,0,BU03610502,WK036105,GM0361,1358.0,14,14,322857.5,1.0,14,907.0,True,3974.3334149999996,3656.3867418,5718.963878199999,9375.35062,0.61,1.0,0.0,1.0,0.0,1.0,0.0
1824HM,1772.0,0.0,740.5999999999999,37,434,202,70,30,0,BU03610502,WK036105,GM0361,1491.0,21,21,379032.5,1.0,21,644.0,True,2821.9081799999994,2596.1555255999997,4060.6535143999995,6656.809039999999,0.61,1.0,0.0,1.0,0.0,1.0,0.0
1824HN,2106.0,0.0,891.2499999999999,132,11801,211,60,40,0,BU03610502,WK036105,GM0361,5856.0,72,72,1407985.0,1.0,72,775.0,True,3395.9298749999994,3124.2554849999997,4886.656015,8010.911499999999,0.61,1.0,0.0,1.0,0.0,1.0,0.0
1824HP,1798.0,0.0,830.3,134,20774,200,80,20,0,BU03610502,WK036105,GM0361,5322.0,76,75,1377980.0,1.0,76,722.0,True,3163.69209,2910.5967228,4552.4717972,7463.06852,0.61,1.0,0.0,1.0,0.0,1.0,0.0
1824HR,1512.0,0.0,1025.8,33,1165,218,100,0,0,BU03610502,WK036105,GM0361,1524.0,18,18,381900.0,1.0,18,892.0,True,3908.605739999999,3595.9172807999994,5624.3834392,9220.30072,0.61,1.0,0.0,1.0,0.0,1.0,0.0
1824HS,2424.0,439.0,1131.6,55,3564,230,80,20,0,BU03610502,WK036105,GM0361,3040.0,29,29,758850.0,1.0,29,984.0,True,4311.735479999999,3966.7966416,6204.476798399999,10171.273439999999,0.61,1.0,0.0,1.0,0.0,1.0,0.0
1824HT,2317.0,309.0,1051.1,38,1859,269,100,0,0,BU03610502,WK036105,GM0361,1657.0,20,20,445122.5,1.0,20,914.0,True,4005.0063299999997,3684.6058236,5763.1014164,9447.70724,0.61,1.0,0.0,1.0,0.0,1.0,0.0
1824HV,2646.0,115.0,1224.75,38,2868,242,80,0,0,BU03610502,WK036105,GM0361,1953.0,19,19,549912.5,1.0,19,1065.0,True,4666.664925,4293.331731,6715.211169,11008.5429,0.61,1.0,0.0,1.0,0.0,1.0,0.0
1824HW,3018.0,320.0,1419.1,42,1843,272,70,30,5,BU03610502,WK036105,GM0361,2415.0,22,22,635755.0,1.0,22,1234.0,True,5407.19673,4974.6209916,7780.817448399998,12755.438439999998,0.61,1.0,0.0,1.0,0.0,1.0,0.0
1824HX,14259.0,0.0,1938.8999999999999,30,22192,0,0,0,0,BU03610502,WK036105,GM0361,3308.0,26,6,712897.5,0.0,18,1686.0,True,7387.790669999998,6796.767416399998,10630.841343599997,17427.608759999996,0.61,0.0,1.0,0.0,1.0,0.0,1.0
1824HZ,1923.0,802.0,1938.8999999999999,30,22192,263,50,50,0,BU03610502,WK036105,GM0361,1100.0,10,10,257400.0,1.0,10,1686.0,True,7387.790669999998,6796.767416399998,10630.841343599997,17427.608759999996,0.61,1.0,0.0,1.0,0.0,1.0,0.0
1824JA,2562.0,784.0,1143.1,33,1102,320,100,0,0,BU03610502,WK036105,GM0361,2108.0,17,17,583315.0,1.0,17,994.0,True,4355.553929999999,4007.1096155999994,6267.530424399999,10274.640039999998,0.61,1.0,0.0,1.0,0.0,1.0,0.0
1824JB,2532.0,299.0,1205.1999999999998,25,728,306,100,0,0,BU03610502,WK036105,GM0361,1624.0,14,14,452850.0,1.0,14,1048.0,True,4592.173559999999,4224.7996752,6608.020004799999,10832.819679999999,0.61,1.0,0.0,1.0,0.0,1.0,0.0
1824JC,2624.0,865.0,1054.55,29,1053,0,100,0,0,BU03610502,WK036105,GM0361,1730.0,15,15,482802.5,1.0,15,917.0,True,4018.1518650000003,3696.6997158000004,5782.0175042,9478.71722,0.61,1.0,0.0,1.0,0.0,1.0,0.0
1824JD,2386.0,715.0,1306.3999999999999,31,1467,323,100,0,0,BU03610502,WK036105,GM0361,2170.0,18,18,577795.0,1.0,18,1136.0,True,4977.775919999999,4579.553846399999,7162.8919135999995,11742.445759999999,0.61,1.0,0.0,1.0,0.0,1.0,0.0
1824JE,2267.0,618.0,1187.9499999999998,30,1741,270,80,0,0,BU03610502,WK036105,GM0361,1764.0,16,16,486992.5,1.0,16,1033.0,True,4526.445884999999,4164.330214199999,6513.439565799998,10677.769779999997,0.61,1.0,0.0,1.0,0.0,1.0,0.0
1824JG,2390.0,0.0,1037.3,17,1834,265,50,50,0,BU03610502,WK036105,GM0361,1100.0,10,10,273075.0,1.0,10,902.0,True,3952.4241899999997,3636.2302548,5687.437065199999,9323.667319999999,0.61,1.0,0.0,1.0,0.0,1.0,0.0
1824JH,1879.0,626.0,1029.25,27,2412,0,70,0,0,BU03610502,WK036105,GM0361,1558.0,14,14,412567.5,1.0,14,895.0,True,3921.7512749999996,3608.011173,5643.299527,9251.3107,0.61,1.0,0.0,1.0,0.0,1.0,0.0
1824JJ,2050.0,647.0,1160.35,40,3588,292,60,40,0,BU03610502,WK036105,GM0361,2513.0,21,21,626537.5,1.0,21,1009.0,True,4421.281605,4067.5790766,6362.1108634,10429.68994,0.61,1.0,0.0,1.0,0.0,1.0,0.0
1824JK,2625.0,565.0,1363.8999999999999,21,1908,302,50,50,0,BU03610502,WK036105,GM0361,1330.0,11,11,328422.5,1.0,11,1186.0,True,5196.86817,4781.1187164,7478.160043599999,12259.27876,0.61,1.0,0.0,1.0,0.0,1.0,0.0
1824JL,2300.0,628.0,1305.25,24,2167,304,100,0,0,BU03610502,WK036105,GM0361,1612.0,13,13,415217.5,1.0,13,1135.0,True,4973.394075,4575.522549,7156.586550999999,11732.1091,0.61,1.0,0.0,1.0,0.0,1.0,0.0
1824JM,2064.0,458.0,1064.8999999999999,19,1868,281,100,0,0,BU03610502,WK036105,GM0361,1107.0,10,10,325587.5,1.0,10,926.0,True,4057.5884699999997,3732.9813924,5838.765767599999,9571.747159999999,0.61,1.0,0.0,1.0,0.0,1.0,0.0
1824JN,1522.0,196.0,960.2499999999999,32,1169,239,80,0,0,BU03610502,WK036105,GM0361,1494.0,18,18,391580.0,1.0,18,835.0,True,3658.8405749999993,3366.1333289999993,5264.977770999999,8631.111099999998,0.61,1.0,0.0,1.0,0.0,1.0,0.0
1824JP,1771.0,1020.0,956.8,32,1717,269,90,0,0,BU03610502,WK036105,GM0361,1844.0,17,16,497760.0,1.0,17,832.0,True,3645.6950399999996,3354.0394367999997,5246.0616832,8600.10112,0.61,1.0,0.0,1.0,0.0,1.0,0.0
1824JR,2172.0,341.0,1179.8999999999999,18,1618,277,90,0,0,BU03610502,WK036105,GM0361,1151.0,10,10,317062.5,1.0,10,1026.0,True,4495.772969999999,4136.111132399999,6469.302027599999,10605.413159999998,0.61,1.0,0.0,1.0,0.0,1.0,0.0
1824JS,2785.0,664.0,1186.8,36,3734,0,90,0,0,BU03610502,WK036105,GM0361,2234.0,20,20,673832.5,1.0,20,1032.0,True,4522.06404,4160.2989168,6507.134203199999,10667.43312,0.61,1.0,0.0,1.0,0.0,1.0,0.0
1824JT,1939.0,0.0,1112.05,32,1533,246,70,30,0,BU03610502,WK036105,GM0361,1364.0,16,16,375612.5,1.0,16,967.0,True,4237.2441149999995,3898.2645857999996,6097.2856342,9995.55022,0.61,1.0,0.0,1.0,0.0,1.0,0.0
1824JV,2149.0,654.0,1022.3499999999999,40,2097,254,70,30,0,BU03610502,WK036105,GM0361,1730.0,20,20,439122.5,1.0,20,889.0,True,3895.4602049999994,3583.8233886,5605.467351399999,9189.290739999999,0.61,1.0,0.0,1.0,0.0,1.0,0.0
1824JW,1713.0,714.0,1033.85,26,1536,242,70,0,0,BU03610502,WK036105,GM0361,1190.0,14,14,313862.5,1.0,14,899.0,True,3939.278654999999,3624.1363625999993,5668.520977399999,9292.657339999998,0.61,1.0,0.0,1.0,0.0,1.0,0.0
1824KA,1898.0,0.0,990.15,52,9731,196,0,0,0,BU03610503,WK036105,GM0361,3880.0,35,28,849960.0,0.9655172413793104,29,861.0,True,3772.768545,3470.9470614,5428.9171986,8899.86426,0.61,0.9655172413793104,0.03448275862068961,0.9655172413793104,0.03448275862068961,0.9655172413793104,0.03448275862068961
1824KB,2222.0,282.0,1062.6,35,5091,204,40,60,10,BU03610503,WK036105,GM0361,1755.0,21,21,420330.0,1.0,21,924.0,True,4048.824779999999,3724.9187975999994,5826.1550424,9551.07384,0.61,1.0,0.0,1.0,0.0,1.0,0.0
1824KC,1550.0,0.0,1086.75,31,5205,165,0,0,0,BU03610503,WK036105,GM0361,1249.0,17,17,270567.5,1.0,17,945.0,True,4140.843525,3809.576043,5958.567656999999,9768.143699999999,0.61,1.0,0.0,1.0,0.0,1.0,0.0
1824KD,2471.0,19.0,1222.4499999999998,37,2461,224,50,50,10,BU03610503,WK036105,GM0361,2022.0,19,19,475085.0,1.0,19,1063.0,True,4657.901234999999,4285.2691362,6702.600443799999,10987.869579999999,0.61,1.0,0.0,1.0,0.0,1.0,0.0
1824KE,2803.0,39.0,1311.0,27,1040,226,40,60,10,BU03610503,WK036105,GM0361,1393.0,14,14,332100.0,1.0,14,1140.0,True,4995.3033000000005,4595.679036,7188.113364,11783.7924,0.61,1.0,0.0,1.0,0.0,1.0,0.0
1824KG,2004.0,324.0,1121.25,42,3969,210,40,60,10,BU03610503,WK036105,GM0361,2251.0,24,24,537400.0,0.9583333333333334,24,975.0,True,4272.298875,3930.5149650000003,6147.728535,10078.2435,0.61,0.9583333333333334,0.04166666666666663,0.9583333333333334,0.04166666666666663,0.9583333333333334,0.04166666666666663
1824KH,2273.0,2.0,1355.85,29,2066,204,0,80,10,BU03610503,WK036105,GM0361,1657.0,17,17,345640.0,0.9411764705882353,17,1179.0,True,5166.195254999999,4752.899634599999,7434.022505399999,12186.922139999999,0.61,0.9411764705882353,0.05882352941176472,0.9411764705882353,0.05882352941176472,0.9411764705882353,0.05882352941176472
1824KJ,2617.0,500.0,1282.25,48,2661,234,0,0,0,BU03610503,WK036105,GM0361,925.0,8,8,219485.0,1.0,8,1115.0,True,4885.757174999999,4494.8966009999995,7030.479299,11525.3759,0.61,1.0,0.0,1.0,0.0,1.0,0.0
1824KK,2617.0,500.0,1282.25,48,2661,243,50,50,10,BU03610503,WK036105,GM0361,1988.0,17,18,522207.5,0.9444444444444444,18,1115.0,True,4885.757174999999,4494.8966009999995,7030.479299,11525.3759,0.61,0.9444444444444444,0.05555555555555558,0.9444444444444444,0.05555555555555558,0.9444444444444444,0.05555555555555558
1824KL,2236.0,620.0,1110.8999999999999,35,2229,246,70,30,0,BU03610503,WK036105,GM0361,2215.0,19,19,560407.5,1.0,19,966.0,True,4232.86227,3894.2332883999998,6090.980271599999,9985.213559999998,0.61,1.0,0.0,1.0,0.0,1.0,0.0
1824KM,2020.0,278.0,1183.35,39,1859,226,60,40,10,BU03610503,WK036105,GM0361,2060.0,21,21,522345.0,1.0,21,1029.0,True,4508.918505,4148.2050246,6488.218115399999,10636.423139999999,0.61,1.0,0.0,1.0,0.0,1.0,0.0
1824KN,2803.0,187.0,1198.3,36,2173,245,50,50,10,BU03610503,WK036105,GM0361,2407.0,20,20,596512.5,0.7692307692307693,26,1042.0,True,4565.882490000001,4200.611890800001,6570.1878292,10770.79972,0.61,0.7692307692307693,0.23076923076923073,0.7692307692307693,0.23076923076923073,0.7692307692307693,0.23076923076923073
1824KP,2132.0,863.0,1440.9499999999998,29,2405,0,100,0,0,BU03610503,WK036105,GM0361,2161.0,17,17,564905.0,1.0,17,1253.0,True,5490.451784999999,5051.2156422,7900.6193378,12951.83498,0.61,1.0,0.0,1.0,0.0,1.0,0.0
1824KR,2885.0,915.0,1161.5,29,984,0,90,0,0,BU03610503,WK036105,GM0361,1870.0,16,16,476540.0,1.0,16,1010.0,True,4425.66345,4071.610374,6368.416225999999,10440.0266,0.61,1.0,0.0,1.0,0.0,1.0,0.0
1824KS,2024.0,424.0,1363.8999999999999,45,2778,240,100,0,0,BU03610503,WK036105,GM0361,2415.0,25,25,647102.5,1.0,25,1186.0,True,5196.86817,4781.1187164,7478.160043599999,12259.27876,0.61,1.0,0.0,1.0,0.0,1.0,0.0
1824KT,2674.0,773.0,1517.9999999999998,38,2756,295,100,0,0,BU03610503,WK036105,GM0361,2480.0,20,20,656410.0,0.8,25,1320.0,True,5784.035399999999,5321.312567999999,8323.078631999999,13644.391199999998,0.61,0.8,0.19999999999999996,0.8,0.19999999999999996,0.8,0.19999999999999996
1824KV,3208.0,1252.0,1823.8999999999999,29,6357,298,90,0,0,BU03610503,WK036105,GM0361,6469.0,50,16,1826547.5,0.6,25,1586.0,True,6949.606169999999,6393.6376764,777150.2550836001,783543.8927600001,0.991840102723692,0.6,0.4,0.6,0.4,0.6,0.4
1824KW,2442.0,159.0,1351.25,34,2369,251,60,40,5,BU03610503,WK036105,GM0361,2423.0,19,19,607392.5,1.0,19,1175.0,True,5148.667875000001,4736.774445000001,7408.801055,12145.5755,0.61,1.0,0.0,1.0,0.0,1.0,0.0
1824KX,2556.0,294.0,1278.8,24,1813,0,90,0,0,BU03610503,WK036105,GM0361,1686.0,14,14,410932.5,1.0,14,1112.0,True,4872.61164,4482.8027088,7011.5632111999985,11494.365919999998,0.61,1.0,0.0,1.0,0.0,1.0,0.0
1824KZ,2102.0,196.0,1097.1,33,1831,232,60,40,5,BU03610503,WK036105,GM0361,1870.0,18,18,467197.5,0.9473684210526315,19,954.0,True,4180.280129999999,3845.8577195999997,6015.315920399999,9861.173639999999,0.61,0.9473684210526315,0.052631578947368474,0.9473684210526315,0.052631578947368474,0.9473684210526315,0.052631578947368474
1824LA,2184.0,0.0,1327.1,44,7558,243,70,30,5,BU03610503,WK036105,GM0361,2845.0,23,23,719847.5,1.0,23,1154.0,True,5056.64913,4652.1171996,7276.388440399999,11928.50564,0.61,1.0,0.0,1.0,0.0,1.0,0.0
1824LB,1693.0,28.0,1006.2499999999999,34,5332,207,70,30,0,BU03610503,WK036105,GM0361,1720.0,20,19,422957.5,1.0,20,875.0,True,3834.1143749999997,3527.385225,5517.192274999999,9044.5775,0.61,1.0,0.0,1.0,0.0,1.0,0.0
1824LC,2714.0,240.0,1130.4499999999998,23,2750,225,90,0,0,BU03610503,WK036105,GM0361,1276.0,13,13,304780.0,1.0,13,983.0,True,4307.353634999999,3962.765344199999,6198.171435799999,10160.936779999998,0.61,1.0,0.0,1.0,0.0,1.0,0.0
1824LD,2831.0,426.0,1143.1,39,1418,257,70,30,5,BU03610503,WK036105,GM0361,2537.0,21,21,692102.5,1.0,21,994.0,True,4355.553929999999,4007.1096155999994,6267.530424399999,10274.640039999998,0.61,1.0,0.0,1.0,0.0,1.0,0.0
1824LE,2510.0,803.0,1267.3,41,1335,259,0,0,0,BU03610503,WK036105,GM0361,1175.0,9,9,288150.0,1.0,9,1102.0,True,4828.793189999999,4442.4897347999995,6948.5095851999995,11390.999319999999,0.61,1.0,0.0,1.0,0.0,1.0,0.0
1824LG,2510.0,803.0,1267.3,41,1335,255,70,30,0,BU03610503,WK036105,GM0361,1955.0,15,13,482787.5,1.0,15,1102.0,True,4828.793189999999,4442.4897347999995,6948.5095851999995,11390.999319999999,0.61,1.0,0.0,1.0,0.0,1.0,0.0
1824LH,2608.0,716.0,1284.55,35,1240,0,80,0,0,BU03610503,WK036105,GM0361,2139.0,18,18,585037.5,1.0,18,1117.0,True,4894.5208649999995,4502.9591958,7043.090024199999,11546.049219999999,0.61,1.0,0.0,1.0,0.0,1.0,0.0
1824LJ,2424.0,149.0,1336.3,27,1701,254,70,0,0,BU03610503,WK036105,GM0361,1754.0,14,14,455395.0,1.0,14,1162.0,True,5091.70389,4684.3675788,7326.831341200001,12011.19892,0.61,1.0,0.0,1.0,0.0,1.0,0.0
1824LK,1895.0,0.0,1024.6499999999999,25,2852,198,70,0,0,BU03610503,WK036105,GM0361,1216.0,14,14,320175.0,0.9285714285714286,14,891.0,True,3904.223894999999,3591.8859833999995,5618.078076599999,9209.964059999998,0.61,0.9285714285714286,0.0714285714285714,0.9285714285714286,0.0714285714285714,0.9285714285714286,0.0714285714285714
1824LL,2240.0,0.0,806.15,18,3273,246,50,50,0,BU03610503,WK036105,GM0361,1394.0,11,11,324767.5,1.0,11,701.0,True,3071.673345,2825.9394774,4420.059182599999,7245.998659999999,0.61,1.0,0.0,1.0,0.0,1.0,0.0
1824LM,4008.0,543.0,1252.35,38,1332,264,90,0,0,BU03610503,WK036105,GM0361,2870.0,22,22,781925.0,1.0,22,1089.0,True,4771.829204999999,4390.0828685999995,6866.539871399999,11256.622739999999,0.61,1.0,0.0,1.0,0.0,1.0,0.0
1824LN,2479.0,299.0,1074.1,21,737,255,80,0,0,BU03610503,WK036105,GM0361,1514.0,12,12,401252.5,1.0,12,934.0,True,4092.6432299999997,3765.2317716,5889.208668399999,9654.440439999998,0.61,1.0,0.0,1.0,0.0,1.0,0.0
1824LP,2787.0,184.0,1117.8,25,1003,269,90,0,0,BU03610503,WK036105,GM0361,1646.0,13,13,442815.0,1.0,13,972.0,True,4259.15334,3918.4210728,6128.8124472,10047.23352,0.61,1.0,0.0,1.0,0.0,1.0,0.0
1824LR,2335.0,507.0,1214.3999999999999,39,1358,250,90,0,0,BU03610503,WK036105,GM0361,2434.0,21,21,667960.0,1.0,21,1056.0,True,4627.228319999999,4257.0500544,6658.4629055999985,10915.512959999998,0.61,1.0,0.0,1.0,0.0,1.0,0.0
1824LS,2516.0,241.0,1110.8999999999999,43,1661,245,70,30,5,BU03610503,WK036105,GM0361,2843.0,24,24,773180.0,1.0,24,966.0,True,4232.86227,3894.2332883999998,6090.980271599999,9985.213559999998,0.61,1.0,0.0,1.0,0.0,1.0,0.0
1824LT,2858.0,408.0,1220.1499999999999,23,731,0,90,0,0,BU03610503,WK036105,GM0361,1479.0,12,12,393455.0,1.0,12,1061.0,True,4649.137545,4277.2065414,6689.989718599999,10967.196259999999,0.61,1.0,0.0,1.0,0.0,1.0,0.0
1824LV,2289.0,397.0,1342.05,32,1177,269,90,0,0,BU03610503,WK036105,GM0361,2304.0,18,18,602762.5,1.0,18,1167.0,True,5113.613115,4704.5240658,7358.358154199999,12062.88222,0.61,1.0,0.0,1.0,0.0,1.0,0.0
1824LW,2652.0,514.0,1013.15,39,1456,263,90,0,0,BU03610503,WK036105,GM0361,2482.0,20,20,667387.5,1.0,20,881.0,True,3860.405445,3551.5730094,5555.024450599999,9106.597459999999,0.61,1.0,0.0,1.0,0.0,1.0,0.0
1824SB,0.0,0.0,1108.6,36,1042,0,0,80,15,BU03610500,WK036105,GM0361,2344.0,19,19,550360.0,0.76,25,964.0,True,4224.09858,3886.1706936,6078.3695464,9964.54024,0.61,0.76,0.24,0.76,0.24,0.76,0.24
1824SC,2787.0,650.0,976.3499999999999,31,930,286,30,70,15,BU03610500,WK036105,GM0361,2341.0,19,17,537225.0,0.76,25,849.0,True,3720.186405,3422.5714926,5353.252847399999,8775.82434,0.61,0.76,0.24,0.76,0.24,0.76,0.24
1824SE,2413.0,709.0,1200.6,37,2192,292,70,30,0,BU03610500,WK036105,GM0361,2624.0,19,19,697390.0,1.0,19,1044.0,True,4574.64618,4208.6744856,6582.798554399999,10791.473039999999,0.61,1.0,0.0,1.0,0.0,1.0,0.0
1824SG,2525.0,1464.0,1283.3999999999999,15,1153,273,80,0,0,BU03610500,WK036105,GM0361,1385.0,11,10,406180.0,1.0,11,1116.0,True,4890.139019999999,4498.927898399999,7036.784661599999,11535.712559999998,0.61,1.0,0.0,1.0,0.0,1.0,0.0
1824SH,1553.0,0.0,1251.1999999999998,39,937,192,0,0,0,BU03610500,WK036105,GM0361,1871.0,23,23,574445.0,1.0,23,1088.0,True,4767.447359999999,4386.0515712,6860.2345088,11246.28608,0.61,1.0,0.0,1.0,0.0,1.0,0.0
1824SJ,2128.0,614.0,1236.25,43,2997,283,50,50,10,BU03610500,WK036105,GM0361,3084.0,23,23,828917.5,1.0,23,1075.0,True,4710.483375000001,4333.644705000001,6778.264795000001,11111.909500000002,0.61,1.0,0.0,1.0,0.0,1.0,0.0
1824SK,2490.0,703.0,1177.6,28,1750,294,90,0,0,BU03610500,WK036105,GM0361,2094.0,15,15,583567.5,1.0,15,1024.0,True,4487.009279999999,4128.0485376,6456.691302399999,10584.739839999998,0.61,1.0,0.0,1.0,0.0,1.0,0.0
1824SL,2753.0,378.0,1214.3999999999999,37,1040,283,0,80,15,BU03610500,WK036105,GM0361,2324.0,19,19,517315.0,0.7916666666666666,24,1056.0,True,4627.228319999999,4257.0500544,6658.4629055999985,10915.512959999998,0.61,0.7916666666666666,0.20833333333333337,0.7916666666666666,0.20833333333333337,0.7916666666666666,0.20833333333333337
1824SM,2447.0,45.0,1122.3999999999999,34,1039,281,0,0,0,BU03610500,WK036105,GM0361,2342.0,19,19,544562.5,0.76,25,976.0,True,4276.68072,3934.5462624,6154.033897599999,10088.58016,0.61,0.76,0.24,0.76,0.24,0.76,0.24
1824SN,3005.0,545.0,1426.0,41,3066,285,70,30,10,BU03610500,WK036105,GM0361,3127.0,23,23,860015.0,1.0,23,1240.0,True,5433.4878,4998.808776,7818.649624,12817.4584,0.61,1.0,0.0,1.0,0.0,1.0,0.0
1824SP,1283.0,0.0,978.65,41,935,192,0,0,0,BU03610500,WK036105,GM0361,1871.0,23,23,571565.0,1.0,23,851.0,True,3728.9500950000006,3430.6340874000007,5365.8635726,8796.49766,0.61,1.0,0.0,1.0,0.0,1.0,0.0
1824SR,2363.0,303.0,1417.9499999999998,37,3004,285,50,50,10,BU03610500,WK036105,GM0361,3051.0,23,23,849695.0,1.0,23,1233.0,True,5402.814885,4970.5896942,7774.512085799999,12745.101779999999,0.61,1.0,0.0,1.0,0.0,1.0,0.0
1824ST,2355.0,980.0,1334.0,27,1677,273,70,30,0,BU03610500,WK036105,GM0361,2040.0,16,15,592300.0,1.0,16,1160.0,True,5082.9402,4676.304984,7314.2206160000005,11990.5256,0.61,1.0,0.0,1.0,0.0,1.0,0.0
1824TA,1912.0,178.0,1317.8999999999999,36,1040,0,0,80,15,BU03610500,WK036105,GM0361,2267.0,19,19,532945.0,0.95,20,1146.0,True,5021.594369999999,4619.8668204,7225.9455395999985,11845.812359999998,0.61,0.95,0.050000000000000044,0.95,0.050000000000000044,0.95,0.050000000000000044
1824TB,2554.0,0.0,956.8,38,1040,283,0,0,0,BU03610500,WK036105,GM0361,2248.0,19,19,527560.0,1.0,19,832.0,True,3645.6950399999996,3354.0394367999997,5246.0616832,8600.10112,0.61,1.0,0.0,1.0,0.0,1.0,0.0
1824TC,2920.0,824.0,1335.1499999999999,43,2979,293,90,0,0,BU03610500,WK036105,GM0361,3097.0,23,23,936535.0,1.0,23,1161.0,True,5087.322044999999,4680.336281399999,7320.525978599999,12000.862259999998,0.61,1.0,0.0,1.0,0.0,1.0,0.0
1824TD,1452.0,0.0,1059.1499999999999,41,11257,189,0,0,0,BU03610500,WK036105,GM0361,1849.0,23,23,566815.0,1.0,23,921.0,True,4035.679245,3712.8249054,5807.238954599999,9520.063859999998,0.61,1.0,0.0,1.0,0.0,1.0,0.0
1824TE,2747.0,506.0,1398.3999999999999,43,3003,281,40,60,15,BU03610500,WK036105,GM0361,3048.0,23,23,803660.0,1.0,23,1216.0,True,5328.323519999999,4902.0576384,7667.3209216,12569.37856,0.61,1.0,0.0,1.0,0.0,1.0,0.0
1824TG,2893.0,522.0,1059.1499999999999,28,1670,291,70,0,0,BU03610500,WK036105,GM0361,2055.0,15,15,616500.0,1.0,15,921.0,True,4035.679245,3712.8249054,5807.238954599999,9520.063859999998,0.61,1.0,0.0,1.0,0.0,1.0,0.0
1824TH,2988.0,78.0,1388.05,23,356,267,0,80,15,BU03610500,WK036105,GM0361,2482.0,19,3,818247.5,0.76,25,1207.0,True,5288.886915,4865.7759618,7610.572658200001,12476.34862,0.61,0.76,0.24,0.76,0.24,0.76,0.24
1824TJ,2303.0,0.0,1346.6499999999999,24,199,260,0,0,0,BU03610500,WK036105,GM0361,2339.0,19,4,835950.0,0.76,25,1171.0,True,5131.140495,4720.6492554,7383.5796046,12104.22886,0.61,0.76,0.24,0.76,0.24,0.76,0.24
1824TK,2607.0,2.0,1394.9499999999998,32,598,0,40,60,15,BU03610500,WK036105,GM0361,2896.0,23,11,955320.0,1.0,23,1213.0,True,5315.177984999998,4889.963746199999,7648.404833799999,12538.368579999998,0.61,1.0,0.0,1.0,0.0,1.0,0.0
1824TL,1424.0,0.0,1052.25,24,937,177,0,0,0,BU03610500,WK036105,GM0361,1706.0,23,3,609895.0,1.0,23,915.0,True,4009.3881750000005,3688.6371210000007,5769.406779,9458.0439,0.61,1.0,0.0,1.0,0.0,1.0,0.0
1824TM,2562.0,908.0,1221.3,37,2398,290,70,30,5,BU03610500,WK036105,GM0361,3050.0,23,19,925375.0,1.0,23,1062.0,True,4653.5193899999995,4281.2378388,6696.2950812,10977.53292,0.61,1.0,0.0,1.0,0.0,1.0,0.0
1824TN,2887.0,1031.0,1224.75,29,1737,293,70,0,0,BU03610500,WK036105,GM0361,2055.0,15,15,609650.0,1.0,15,1065.0,True,4666.664925,4293.331731,6715.211169,11008.5429,0.61,1.0,0.0,1.0,0.0,1.0,0.0
1824VA,2850.0,216.0,1363.8999999999999,32,1402,0,0,80,15,BU03610500,WK036105,GM0361,2470.0,19,12,854645.0,0.76,25,1186.0,True,5196.86817,4781.1187164,7478.160043599999,12259.27876,0.61,0.76,0.24,0.76,0.24,0.76,0.24
1824VB,2680.0,0.0,1484.6499999999999,34,398,0,0,0,0,BU03610500,WK036105,GM0361,2329.0,19,8,832405.0,0.7916666666666666,24,1291.0,True,5656.9618949999995,5204.4049434,8140.223116599999,13344.62806,0.61,0.7916666666666666,0.20833333333333337,0.7916666666666666,0.20833333333333337,0.7916666666666666,0.20833333333333337
1824VC,3641.0,211.0,1382.3,36,614,287,40,60,15,BU03610500,WK036105,GM0361,2900.0,23,10,955240.0,1.0,23,1202.0,True,5266.97769,4845.6194748,7579.045845199998,12424.665319999998,0.61,1.0,0.0,1.0,0.0,1.0,0.0
1824VD,1281.0,0.0,1118.9499999999998,46,943,0,0,0,0,BU03610500,WK036105,GM0361,1717.0,23,2,613827.5,1.0,23,973.0,True,4263.535185,3922.4523701999997,6135.117809799999,10057.570179999999,0.61,1.0,0.0,1.0,0.0,1.0,0.0
1824VE,2599.0,606.0,1277.6499999999999,43,2137,294,70,30,5,BU03610500,WK036105,GM0361,3084.0,23,17,901172.5,1.0,23,1111.0,True,4868.229794999999,4478.771411399999,7005.257848599998,11484.029259999998,0.61,1.0,0.0,1.0,0.0,1.0,0.0
1824VG,3052.0,1524.0,1306.3999999999999,27,1736,269,60,40,0,BU03610500,WK036105,GM0361,2055.0,17,15,589222.5,1.0,17,1136.0,True,4977.775919999999,4579.553846399999,7162.8919135999995,11742.445759999999,0.61,1.0,0.0,1.0,0.0,1.0,0.0
1824VH,2510.0,201.0,1365.05,34,2208,0,0,80,15,BU03610500,WK036105,GM0361,2468.0,19,19,882097.5,0.7916666666666666,24,1187.0,True,5201.250015,4785.1500138,7484.4654062,12269.61542,0.61,0.7916666666666666,0.20833333333333337,0.7916666666666666,0.20833333333333337,0.7916666666666666,0.20833333333333337
1824VJ,2302.0,361.0,1416.8,36,950,0,0,80,15,BU03610500,WK036105,GM0361,2361.0,19,19,811000.0,0.7307692307692307,26,1232.0,True,5398.43304,4966.5583968,7768.2067232,12734.76512,0.61,0.7307692307692307,0.2692307692307693,0.7307692307692307,0.2692307692307693,0.7307692307692307,0.2692307692307693
1824VK,2333.0,728.0,1176.4499999999998,43,1273,290,60,40,10,BU03610500,WK036105,GM0361,2922.0,23,23,927250.0,1.0,23,1023.0,True,4482.6274349999985,4124.017240199999,6450.385939799999,10574.403179999998,0.61,1.0,0.0,1.0,0.0,1.0,0.0
1824VL,1422.0,0.0,1082.1499999999999,37,934,175,0,0,0,BU03610500,WK036105,GM0361,1427.0,20,20,491592.5,1.0,20,941.0,True,4123.316145,3793.4508533999997,5933.346206599999,9726.797059999999,0.61,1.0,0.0,1.0,0.0,1.0,0.0
1824VM,3356.0,1146.0,1274.1999999999998,40,3127,281,70,30,5,BU03610500,WK036105,GM0361,2898.0,22,22,847245.0,1.0,22,1108.0,True,4855.08426,4466.6775192,6986.341760799999,11453.019279999999,0.61,1.0,0.0,1.0,0.0,1.0,0.0
1824VN,2935.0,992.0,1414.5,46,2316,289,60,40,0,BU03610500,WK036105,GM0361,3454.0,25,25,1065952.5,1.0,25,1230.0,True,5389.66935,4958.495802,7755.595998,12714.0918,0.61,1.0,0.0,1.0,0.0,1.0,0.0
1824XA,3017.0,309.0,980.9499999999999,32,15377,201,20,80,20,BU03610501,WK036105,GM0361,2176.0,29,5,420600.0,1.0,29,853.0,True,3737.7137850000004,3438.6966822000004,5378.4742978,8817.17098,0.61,1.0,0.0,1.0,0.0,1.0,0.0
1824XB,1345.0,0.0,738.3,24,1733,159,0,0,0,BU03610501,WK036105,GM0361,1600.0,24,1,352000.0,1.0,24,642.0,True,2813.1444899999997,2588.0929308,4048.0427891999993,6636.135719999999,0.61,1.0,0.0,1.0,0.0,1.0,0.0
1824XC,1518.0,0.0,899.3,24,1733,159,0,0,0,BU03610501,WK036105,GM0361,1600.0,24,1,336835.0,1.0,24,782.0,True,3426.6027900000004,3152.4745668000005,4930.7935532,8083.268120000001,0.61,1.0,0.0,1.0,0.0,1.0,0.0
1824XD,2731.0,371.0,1263.85,26,2298,178,0,0,0,BU03610501,WK036105,GM0361,2125.0,25,2,444550.0,1.0,25,1099.0,True,4815.647655,4430.3958426,6929.5934974,11359.98934,0.61,1.0,0.0,1.0,0.0,1.0,0.0
1824XE,1724.0,24.0,1175.3,28,2298,178,0,0,0,BU03610501,WK036105,GM0361,2136.0,25,4,459930.0,0.9615384615384616,26,1022.0,True,4478.2455899999995,4119.9859428,6444.0805771999985,10564.066519999998,0.61,0.9615384615384616,0.038461538461538436,0.9615384615384616,0.038461538461538436,0.9615384615384616,0.038461538461538436
1824XG,2510.0,486.0,0.0,0,0,178,0,0,0,BU03610501,WK036105,GM0361,2125.0,25,0,444550.0,1.0,25,0.0,True,0.0,0.0,444550.0,444550.0,1.0,1.0,0.0,1.0,0.0,1.0,0.0
1824XH,1870.0,0.0,0.0,0,0,178,0,0,0,BU03610501,WK036105,GM0361,2125.0,25,0,456025.0,1.0,25,0.0,True,0.0,0.0,456025.0,456025.0,1.0,1.0,0.0,1.0,0.0,1.0,0.0
1824XJ,2434.0,0.0,0.0,0,0,178,0,0,0,BU03610501,WK036105,GM0361,1615.0,19,0,336175.0,1.0,19,0.0,True,0.0,0.0,336175.0,336175.0,1.0,1.0,0.0,1.0,0.0,1.0,0.0
1824XK,2289.0,0.0,0.0,0,0,178,0,0,0,BU03610501,WK036105,GM0361,2040.0,24,0,425850.0,1.0,24,0.0,True,0.0,0.0,425850.0,425850.0,1.0,1.0,0.0,1.0,0.0,1.0,0.0
1824XL,3486.0,638.0,0.0,0,0,178,0,0,0,BU03610501,WK036105,GM0361,1634.0,19,0,350570.0,0.9,20,0.0,True,0.0,0.0,350570.0,350570.0,1.0,0.9,0.09999999999999998,0.9,0.09999999999999998,0.9,0.09999999999999998
1824XM,1757.0,0.0,0.0,0,0,178,0,0,0,BU03610501,WK036105,GM0361,1530.0,18,0,336600.0,1.0,18,0.0,True,0.0,0.0,336600.0,336600.0,1.0,1.0,0.0,1.0,0.0,1.0,0.0
1824XN,2862.0,758.0,0.0,0,0,178,0,0,0,BU03610501,WK036105,GM0361,1530.0,18,0,317687.5,1.0,18,0.0,True,0.0,0.0,317687.5,317687.5,1.0,1.0,0.0,1.0,0.0,1.0,0.0
1824XP,2032.0,38.0,1187.9499999999998,48,18713,178,0,100,0,BU03610501,WK036105,GM0361,4080.0,48,1,889950.0,1.0,48,1033.0,True,4526.445884999999,4164.330214199999,6513.439565799998,10677.769779999997,0.61,1.0,0.0,1.0,0.0,1.0,0.0
1824XR,1424.0,0.0,0.0,0,0,178,0,0,0,BU03610501,WK036105,GM0361,2040.0,24,0,433925.0,1.0,24,0.0,True,0.0,0.0,433925.0,433925.0,1.0,1.0,0.0,1.0,0.0,1.0,0.0
1824XS,1618.0,0.0,0.0,0,0,178,0,0,0,BU03610501,WK036105,GM0361,1955.0,23,0,407150.0,1.0,23,0.0,True,0.0,0.0,407150.0,407150.0,1.0,1.0,0.0,1.0,0.0,1.0,0.0
1824XT,5778.0,468.0,7895.9,20,3125,217,0,100,0,BU03610500,WK036105,GM0361,6384.0,78,11,890087.5,0.819672131147541,61,6866.0,True,30085.747769999998,27678.8879484,705152.5555090358,732831.4434574358,0.9622302124240011,0.819672131147541,0.180327868852459,0.819672131147541,0.180327868852459,0.819672131147541,0.180327868852459
1824XV,1154.0,284.0,929.1999999999999,161,57726,219,0,100,90,BU03610500,WK036105,GM0361,8006.0,106,95,948462.5,0.9207920792079208,101,808.0,True,3540.53076,3257.2882992000004,5094.7329808,8352.02128,0.61,0.9207920792079208,0.07920792079207917,0.9207920792079208,0.07920792079207917,0.9207920792079208,0.07920792079207917
1824XW,3080.0,25.0,823.4,72,16155,0,0,0,0,BU03610500,WK036105,GM0361,746.0,6,1,264727.5,0.0,3,716.0,True,3137.40102,2886.4089384,4514.6396216,7401.04856,0.61,0.0,1.0,0.0,1.0,0.0,1.0
1824XX,3080.0,25.0,823.4,72,16155,348,100,0,0,BU03610500,WK036105,GM0361,3512.0,36,35,580855.0,1.0,36,716.0,True,3137.40102,2886.4089384,4514.6396216,7401.04856,0.61,1.0,0.0,1.0,0.0,1.0,0.0
1825AA,2066.0,647.0,979.8,38,1331,241,60,40,0,BU03610600,WK036106,GM0361,2151.0,22,22,518425.0,1.0,22,852.0,True,3733.3319400000005,3434.6653848000005,5372.168935199999,8806.83432,0.61,1.0,0.0,1.0,0.0,1.0,0.0
1825AB,2479.0,527.0,934.9499999999999,31,910,243,90,0,0,BU03610600,WK036106,GM0361,1512.0,16,16,383712.5,0.9411764705882353,17,813.0,True,3562.4399849999995,3277.4447861999997,5126.2597938,8403.70458,0.61,0.9411764705882353,0.05882352941176472,0.9411764705882353,0.05882352941176472,0.9411764705882353,0.05882352941176472
1825AC,2191.0,608.0,1053.3999999999999,45,1467,247,70,30,0,BU03610600,WK036106,GM0361,2529.0,25,25,684225.0,1.0,25,916.0,True,4013.7700199999995,3692.6684183999996,5775.7121416,9468.38056,0.61,1.0,0.0,1.0,0.0,1.0,0.0
1825AD,2290.0,468.0,1190.25,48,1506,240,80,20,0,BU03610600,WK036106,GM0361,2397.0,25,25,592967.5,1.0,25,1035.0,True,4535.209575,4172.392809,6526.0502910000005,10698.4431,0.61,1.0,0.0,1.0,0.0,1.0,0.0
1825AE,2235.0,628.0,1104.0,28,1115,0,80,0,0,BU03610600,WK036106,GM0361,1583.0,16,16,386362.5,1.0,16,960.0,True,4206.5712,3870.0455040000006,6053.148096,9923.1936,0.61,1.0,0.0,1.0,0.0,1.0,0.0
1825AG,2775.0,686.0,1844.6,33,1626,241,60,40,0,BU03610600,WK036106,GM0361,2110.0,21,18,476160.0,0.9444444444444444,18,1604.0,True,7028.479379999999,6466.201029599999,10113.8016104,16580.00264,0.61,0.9444444444444444,0.05555555555555558,0.9444444444444444,0.05555555555555558,0.9444444444444444,0.05555555555555558
1825AH,2196.0,648.0,1114.35,37,1423,244,80,0,0,BU03610600,WK036106,GM0361,2000.0,20,20,520280.0,1.0,20,969.0,True,4246.007804999999,3906.3271805999993,6109.8963594,10016.223539999999,0.61,1.0,0.0,1.0,0.0,1.0,0.0
1825AJ,1671.0,640.0,1056.85,36,1395,244,80,0,0,BU03610600,WK036106,GM0361,1923.0,20,20,519777.5,1.0,20,919.0,True,4026.915555,3704.7623106,5794.6282294,9499.39054,0.61,1.0,0.0,1.0,0.0,1.0,0.0
1825AK,1869.0,299.0,1026.9499999999998,48,2024,0,0,0,0,BU03610600,WK036106,GM0361,460.0,5,5,124232.5,1.0,5,893.0,True,3912.987584999999,3599.9485781999992,5630.688801799999,9230.637379999998,0.61,1.0,0.0,1.0,0.0,1.0,0.0
1825AL,1869.0,299.0,1026.9499999999998,48,2024,239,70,30,0,BU03610600,WK036106,GM0361,2100.0,22,22,537080.0,1.0,22,893.0,True,3912.987584999999,3599.9485781999992,5630.688801799999,9230.637379999998,0.61,1.0,0.0,1.0,0.0,1.0,0.0
1825AM,2078.0,540.0,1098.25,38,1290,243,90,0,0,BU03610600,WK036106,GM0361,1861.0,19,18,488217.5,1.0,19,955.0,True,4184.661975,3849.8890170000004,6021.6212829999995,9871.5103,0.61,1.0,0.0,1.0,0.0,1.0,0.0
1825AN,1990.0,689.0,965.9999999999999,19,891,244,80,0,0,BU03610600,WK036106,GM0361,1078.0,11,11,270315.0,1.0,11,840.0,True,3680.749799999999,3386.2898159999995,5296.504583999999,8682.794399999999,0.61,1.0,0.0,1.0,0.0,1.0,0.0
1825AP,2247.0,376.0,1227.05,40,1235,250,60,50,0,BU03610600,WK036106,GM0361,2060.0,20,20,548545.0,1.0,20,1067.0,True,4675.428615,4301.3943258,6727.8218941999985,11029.216219999998,0.61,1.0,0.0,1.0,0.0,1.0,0.0
1825AT,13038.0,813.0,1707.7499999999998,84,27501,0,0,0,0,BU03610600,WK036106,GM0361,2384.0,18,5,440297.5,0.42857142857142855,7,1485.0,True,6507.039825,5986.476639,9363.463461,15349.9401,0.61,0.42857142857142855,0.5714285714285714,0.42857142857142855,0.5714285714285714,0.42857142857142855,0.5714285714285714
1825BA,13038.0,813.0,1707.7499999999998,84,27501,0,0,0,0,BU03610604,WK036106,GM0361,488.0,4,1,148840.0,0.0,1,1485.0,True,6507.039825,5986.476639,9363.463461,15349.9401,0.61,0.0,1.0,0.0,1.0,0.0,1.0
1825BB,13038.0,813.0,1707.7499999999998,84,27501,0,0,0,0,BU03610600,WK036106,GM0361,15528.0,119,9,4656372.5,0.7777777777777778,9,1485.0,True,6507.039825,5986.476639,1378884.7869904116,1384871.2636294116,0.9956772323924818,0.7777777777777778,0.2222222222222222,0.7777777777777778,0.2222222222222222,0.7777777777777778,0.2222222222222222
1825BC,2815.0,1353.0,1707.7499999999998,84,27501,458,90,0,0,BU03610600,WK036106,GM0361,5189.0,37,36,1090160.0,0.9736842105263158,38,1485.0,True,6507.039825,5986.476639,9363.463461,15349.9401,0.61,0.9736842105263158,0.02631578947368418,0.9736842105263158,0.02631578947368418,0.9736842105263158,0.02631578947368418
1825BD,2871.0,1568.0,1250.05,57,3142,394,100,0,0,BU03610600,WK036106,GM0361,3690.0,30,30,785972.5,1.0,30,1087.0,True,4763.065515,4382.020273800001,6853.9291462,11235.94942,0.61,1.0,0.0,1.0,0.0,1.0,0.0
1825BE,2387.0,544.0,1061.4499999999998,25,1630,234,80,0,0,BU03610600,WK036106,GM0361,1402.0,13,13,395782.5,1.0,13,923.0,True,4044.442934999999,3720.8875001999995,5819.849679799999,9540.737179999998,0.61,1.0,0.0,1.0,0.0,1.0,0.0
1825BG,1640.0,0.0,861.3499999999999,26,1291,185,0,0,0,BU03610600,WK036106,GM0361,1143.0,14,14,200025.0,1.0,14,749.0,True,3282.0019049999996,3019.4417525999997,4722.7165874,7742.15834,0.61,1.0,0.0,1.0,0.0,1.0,0.0
1825BH,1909.0,189.0,986.6999999999999,43,2399,206,40,60,15,BU03610600,WK036106,GM0361,2025.0,22,22,457887.5,1.0,22,858.0,True,3759.6230099999993,3458.8531691999997,5410.0011108,8868.85428,0.61,1.0,0.0,1.0,0.0,1.0,0.0
1825BJ,2176.0,269.0,982.0999999999999,34,1689,212,30,70,10,BU03610600,WK036106,GM0361,1820.0,19,19,405865.0,0.95,20,854.0,True,3742.0956299999993,3442.7279795999993,5384.779660399999,8827.507639999998,0.61,0.95,0.050000000000000044,0.95,0.050000000000000044,0.95,0.050000000000000044
1825BK,2026.0,214.0,953.3499999999999,38,2608,207,40,60,15,BU03610600,WK036106,GM0361,1979.0,22,22,454012.5,1.0,22,829.0,True,3632.549505,3341.9455446,5227.1455954,8569.09114,0.61,1.0,0.0,1.0,0.0,1.0,0.0
1825BL,2740.0,605.0,1061.4499999999998,41,3634,237,70,30,5,BU03610600,WK036106,GM0361,2523.0,22,22,609302.5,1.0,22,923.0,True,4044.442934999999,3720.8875001999995,5819.849679799999,9540.737179999998,0.61,1.0,0.0,1.0,0.0,1.0,0.0
1825BM,1975.0,300.0,979.8,55,5844,0,0,0,0,BU03610600,WK036106,GM0361,714.0,6,6,197552.5,1.0,6,852.0,True,3733.3319400000005,3434.6653848000005,5372.168935199999,8806.83432,0.61,1.0,0.0,1.0,0.0,1.0,0.0
1825BN,1975.0,300.0,979.8,55,5844,204,0,80,20,BU03610600,WK036106,GM0361,2236.0,24,23,472037.5,1.0,24,852.0,True,3733.3319400000005,3434.6653848000005,5372.168935199999,8806.83432,0.61,1.0,0.0,1.0,0.0,1.0,0.0
1825BP,1789.0,95.0,870.55,38,1310,199,0,0,0,BU03610600,WK036106,GM0361,1993.0,22,22,390570.0,1.0,22,757.0,True,3317.056664999999,3051.6921317999995,4773.1594882,7824.8516199999995,0.61,1.0,0.0,1.0,0.0,1.0,0.0
1825BR,3249.0,403.0,1182.1999999999998,36,3208,234,70,40,5,BU03610600,WK036106,GM0361,2567.0,23,21,599620.0,0.9090909090909091,22,1028.0,True,4504.536659999999,4144.173727199999,6481.912752799999,10626.086479999998,0.61,0.9090909090909091,0.09090909090909094,0.9090909090909091,0.09090909090909094,0.9090909090909091,0.09090909090909094
1825BS,2019.0,57.0,953.3499999999999,38,1282,200,30,70,15,BU03610600,WK036106,GM0361,1852.0,22,22,375997.5,1.0,22,829.0,True,3632.549505,3341.9455446,5227.1455954,8569.09114,0.61,1.0,0.0,1.0,0.0,1.0,0.0
1825BT,1667.0,81.0,934.9499999999999,45,1396,191,20,80,20,BU03610600,WK036106,GM0361,1976.0,25,25,425062.5,1.0,25,813.0,True,3562.4399849999995,3277.4447861999997,5126.2597938,8403.70458,0.61,1.0,0.0,1.0,0.0,1.0,0.0
1825BW,2387.0,484.0,1066.05,60,3361,274,0,0,0,BU03610600,WK036106,GM0361,973.0,8,8,229410.0,1.0,8,927.0,True,4061.9703149999996,3737.0126898,5845.0711302,9582.08382,0.61,1.0,0.0,1.0,0.0,1.0,0.0
1825BZ,2387.0,484.0,1066.05,60,3361,0,0,0,0,BU03610604,WK036106,GM0361,885.0,7,4,240315.0,0.5,6,927.0,True,4061.9703149999996,3737.0126898,5845.0711302,9582.08382,0.61,0.5,0.5,0.5,0.5,0.5,0.5
1825CC,2387.0,484.0,1066.05,60,3361,0,90,0,0,BU03610600,WK036106,GM0361,2238.0,20,20,554317.5,1.0,20,927.0,True,4061.9703149999996,3737.0126898,5845.0711302,9582.08382,0.61,1.0,0.0,1.0,0.0,1.0,0.0
1825CD,1388.0,17.0,765.9,37,1722,201,70,40,0,BU03610600,WK036106,GM0361,1391.0,20,20,317327.5,0.9523809523809523,21,666.0,True,2918.3087700000005,2684.8440684000007,4199.3714916,6884.215560000001,0.61,0.9523809523809523,0.04761904761904767,0.9523809523809523,0.04761904761904767,0.9523809523809523,0.04761904761904767
1825CE,1749.0,293.0,1010.8499999999999,24,1199,234,80,0,0,BU03610600,WK036106,GM0361,1318.0,14,14,315900.0,1.0,14,879.0,True,3851.641754999999,3543.5104145999994,5542.4137254,9085.92414,0.61,1.0,0.0,1.0,0.0,1.0,0.0
1825CG,1927.0,170.0,893.55,41,1936,214,70,30,0,BU03610600,WK036106,GM0361,1885.0,23,23,469552.5,0.9565217391304348,23,777.0,True,3404.693564999999,3132.3180797999994,4899.2667402,8031.584819999999,0.61,0.9565217391304348,0.04347826086956519,0.9565217391304348,0.04347826086956519,0.9565217391304348,0.04347826086956519
1825CH,4069.0,0.0,1138.5,27,861,0,90,0,0,BU03610600,WK036106,GM0361,1520.0,14,14,381010.0,1.0,14,990.0,True,4338.02655,3990.984426,6242.308973999999,10233.293399999999,0.61,1.0,0.0,1.0,0.0,1.0,0.0
1825CJ,3514.0,1688.0,1146.55,33,3086,382,100,0,0,BU03610600,WK036106,GM0361,3331.0,20,19,670027.5,0.9,20,997.0,True,4368.699465000001,4019.203507800001,6286.4465122,10305.650020000001,0.61,0.9,0.09999999999999998,0.9,0.09999999999999998,0.9,0.09999999999999998
1825CK,1890.0,0.0,621.0,39,1230,202,90,0,0,BU03610600,WK036106,GM0361,1433.0,20,20,368672.5,1.0,20,540.0,True,2366.1963,2176.900596,3404.895804,5581.7964,0.61,1.0,0.0,1.0,0.0,1.0,0.0
1825CL,3042.0,2.0,1204.05,23,657,242,90,0,0,BU03610600,WK036106,GM0361,1325.0,12,12,338025.0,1.0,12,1047.0,True,4587.791715,4220.7683778,6601.7146422,10822.48302,0.61,1.0,0.0,1.0,0.0,1.0,0.0
1825CM,2542.0,366.0,1160.35,38,1307,0,100,0,0,BU03610600,WK036106,GM0361,2008.0,21,21,514347.5,1.0,21,1009.0,True,4421.281605,4067.5790766,6362.1108634,10429.68994,0.61,1.0,0.0,1.0,0.0,1.0,0.0
1825CN,2414.0,721.0,1092.5,35,1202,232,80,0,0,BU03610600,WK036106,GM0361,1789.0,19,19,455925.0,1.0,19,950.0,True,4162.75275,3829.73253,5990.094470000001,9819.827000000001,0.61,1.0,0.0,1.0,0.0,1.0,0.0
1825CP,2773.0,638.0,1206.35,19,627,0,90,0,0,BU03610600,WK036106,GM0361,1140.0,10,10,321915.0,1.0,10,1049.0,True,4596.555404999999,4228.8309726,6614.3253674,10843.15634,0.61,1.0,0.0,1.0,0.0,1.0,0.0
1825CR,1654.0,505.0,1109.75,45,1949,263,80,30,0,BU03610600,WK036106,GM0361,2441.0,24,23,634607.5,1.0,24,965.0,True,4228.480425,3890.201991,6084.674908999999,9974.8769,0.61,1.0,0.0,1.0,0.0,1.0,0.0
1825CS,1540.0,569.0,919.9999999999999,36,1276,0,90,0,0,BU03610600,WK036106,GM0361,1755.0,20,20,466247.5,1.0,20,800.0,True,3505.4759999999987,3225.037919999999,5044.290079999999,8269.327999999998,0.61,1.0,0.0,1.0,0.0,1.0,0.0
1825CT,2013.0,570.0,982.0999999999999,45,1552,242,80,0,0,BU03610600,WK036106,GM0361,2360.0,26,24,594135.0,1.0,26,854.0,True,3742.0956299999993,3442.7279795999993,5384.779660399999,8827.507639999998,0.61,1.0,0.0,1.0,0.0,1.0,0.0
1825CV,2428.0,412.0,1248.8999999999999,19,642,254,100,0,0,BU03610600,WK036106,GM0361,1246.0,11,11,354657.5,1.0,11,1086.0,True,4758.683669999999,4377.9889764,6847.6237836,11225.61276,0.61,1.0,0.0,1.0,0.0,1.0,0.0
1825CW,2354.0,352.0,1047.6499999999999,29,1025,233,90,0,0,BU03610600,WK036106,GM0361,1489.0,16,16,391532.5,1.0,16,911.0,True,3991.860794999999,3672.5119313999994,5744.185328599998,9416.697259999997,0.61,1.0,0.0,1.0,0.0,1.0,0.0
1825CX,3261.0,2259.0,1275.35,45,4300,0,100,0,0,BU03610600,WK036106,GM0361,4868.0,26,26,940377.5,0.9629629629629629,27,1109.0,True,4859.466105,4470.7088166,6992.647123399999,11463.35594,0.61,0.9629629629629629,0.03703703703703709,0.9629629629629629,0.03703703703703709,0.9629629629629629,0.03703703703703709
1825DA,5024.0,204.0,1289.1499999999999,67,4791,0,0,0,0,BU03610600,WK036106,GM0361,659.0,6,6,160702.5,1.0,6,1121.0,True,4912.048244999999,4519.0843853999995,7068.311474599999,11587.395859999999,0.61,1.0,0.0,1.0,0.0,1.0,0.0
1825DB,5024.0,204.0,1289.1499999999999,67,4791,0,0,0,0,BU03610600,WK036106,GM0361,13617.0,168,5,5434510.0,0.9642857142857143,168,1121.0,True,4912.048244999999,4519.0843853999995,3274243.9662365047,3278763.050621905,0.9986217105915772,0.9642857142857143,0.0357142857142857,0.9642857142857143,0.0357142857142857,0.9642857142857143,0.0357142857142857
1825DC,5024.0,204.0,1289.1499999999999,67,4791,210,20,80,20,BU03610600,WK036106,GM0361,2411.0,25,25,521350.0,1.0,25,1121.0,True,4912.048244999999,4519.0843853999995,7068.311474599999,11587.395859999999,0.61,1.0,0.0,1.0,0.0,1.0,0.0
1825DD,2063.0,0.0,901.5999999999999,33,4920,198,0,80,15,BU03610600,WK036106,GM0361,1571.0,17,17,314940.0,1.0,17,784.0,True,3435.36648,3160.5371616,4943.404278399999,8103.94144,0.61,1.0,0.0,1.0,0.0,1.0,0.0
1825DE,3771.0,938.0,1029.25,20,1443,242,90,0,0,BU03610600,WK036106,GM0361,1111.0,10,10,291885.0,1.0,10,895.0,True,3921.7512749999996,3608.011173,5643.299527,9251.3107,0.61,1.0,0.0,1.0,0.0,1.0,0.0
1825DG,1807.0,0.0,755.55,33,1647,197,60,40,0,BU03610600,WK036106,GM0361,1274.0,18,18,320932.5,1.0,18,657.0,True,2878.872165,2648.5623918,4142.623228199999,6791.185619999999,0.61,1.0,0.0,1.0,0.0,1.0,0.0
1825DH,1718.0,0.0,768.1999999999999,26,915,0,60,40,0,BU03610600,WK036106,GM0361,1010.0,14,14,239260.0,1.0,14,668.0,True,2927.0724599999994,2692.9066631999995,4211.9822168,6904.8888799999995,0.6100000000000001,1.0,0.0,1.0,0.0,1.0,0.0
1825DJ,1819.0,932.0,1047.6499999999999,34,1199,0,70,30,0,BU03610600,WK036106,GM0361,1556.0,18,18,383327.5,1.0,18,911.0,True,3991.860794999999,3672.5119313999994,5744.185328599998,9416.697259999997,0.61,1.0,0.0,1.0,0.0,1.0,0.0
1825DK,2047.0,462.0,1059.1499999999999,44,1486,243,70,30,0,BU03610600,WK036106,GM0361,2176.0,22,22,560502.5,1.0,22,921.0,True,4035.679245,3712.8249054,5807.238954599999,9520.063859999998,0.61,1.0,0.0,1.0,0.0,1.0,0.0
1825DL,2743.0,309.0,1168.3999999999999,36,1520,248,100,0,0,BU03610600,WK036106,GM0361,1968.0,20,20,537215.0,1.0,20,1016.0,True,4451.954519999999,4095.7981584,6406.248401599999,10502.046559999999,0.61,1.0,0.0,1.0,0.0,1.0,0.0
1825DM,2911.0,500.0,1217.85,30,1258,0,80,0,0,BU03610600,WK036106,GM0361,1885.0,16,16,524405.0,1.0,16,1059.0,True,4640.373855,4269.1439466,6677.378993399999,10946.522939999999,0.61,1.0,0.0,1.0,0.0,1.0,0.0
1825DN,3999.0,733.0,959.0999999999999,48,8533,265,0,0,0,BU03610600,WK036106,GM0361,940.0,8,8,235087.5,1.0,8,834.0,True,3654.4587299999994,3362.1020315999995,5258.6724084,8620.77444,0.61,1.0,0.0,1.0,0.0,1.0,0.0
1825DP,3999.0,733.0,959.0999999999999,48,8533,0,90,0,0,BU03610600,WK036106,GM0361,5784.0,47,19,1161935.0,0.8571428571428571,21,834.0,True,3654.4587299999994,3362.1020315999995,5258.6724084,8620.77444,0.61,0.8571428571428571,0.1428571428571429,0.8571428571428571,0.1428571428571429,0.8571428571428571,0.1428571428571429
1825DR,2592.0,861.0,924.5999999999999,21,726,259,90,0,0,BU03610600,WK036106,GM0361,1264.0,12,11,342402.5,1.0,12,804.0,True,3523.00338,3241.1631096,5069.511530399999,8310.67464,0.61,1.0,0.0,1.0,0.0,1.0,0.0
1825DS,2946.0,473.0,1144.25,23,887,274,90,0,0,BU03610600,WK036106,GM0361,1396.0,12,12,409995.0,1.0,12,995.0,True,4359.935775,4011.140913,6273.835787000001,10284.976700000001,0.61,1.0,0.0,1.0,0.0,1.0,0.0
1825DT,2698.0,570.0,1365.05,35,1142,262,90,0,0,BU03610600,WK036106,GM0361,2030.0,18,18,518245.0,1.0,18,1187.0,True,5201.250015,4785.1500138,7484.4654062,12269.61542,0.61,1.0,0.0,1.0,0.0,1.0,0.0
1825DV,2221.0,108.0,1242.0,14,656,258,80,0,0,BU03610600,WK036106,GM0361,1091.0,10,10,265362.5,1.0,10,1080.0,True,4732.3926,4353.801192,6809.791608,11163.5928,0.61,1.0,0.0,1.0,0.0,1.0,0.0
1825DW,2152.0,1339.0,1024.6499999999999,30,1396,264,80,0,0,BU03610600,WK036106,GM0361,1886.0,16,16,459545.0,1.0,16,891.0,True,3904.223894999999,3591.8859833999995,5618.078076599999,9209.964059999998,0.61,1.0,0.0,1.0,0.0,1.0,0.0
1825DX,3968.0,773.0,1155.75,38,1972,262,90,0,0,BU03610600,WK036106,GM0361,2419.0,22,22,657257.5,0.9565217391304348,23,1005.0,True,4403.754225000001,4051.4538870000006,6336.889413,10388.3433,0.61,0.9565217391304348,0.04347826086956519,0.9565217391304348,0.04347826086956519,0.9565217391304348,0.04347826086956519
1825DZ,2756.0,1023.0,1063.75,40,2131,265,100,0,0,BU03610600,WK036106,GM0361,2528.0,22,22,650830.0,1.0,22,925.0,True,4053.206625,3728.950095,5832.460405,9561.4105,0.61,1.0,0.0,1.0,0.0,1.0,0.0
1825EA,2314.0,524.0,967.15,48,2157,260,90,0,0,BU03610600,WK036106,GM0361,2388.0,24,24,684460.0,1.0,24,841.0,True,3685.131645,3390.3211134000003,5302.809946599999,8693.13106,0.61,1.0,0.0,1.0,0.0,1.0,0.0
1825EB,2508.0,555.0,1123.55,35,1427,270,100,0,0,BU03610600,WK036106,GM0361,2001.0,20,20,558342.5,1.0,20,977.0,True,4281.062565,3938.5775598,6160.3392601999985,10098.916819999999,0.61,1.0,0.0,1.0,0.0,1.0,0.0
1825EC,2044.0,856.0,1068.35,31,1962,308,90,0,0,BU03610600,WK036106,GM0361,2172.0,17,17,590820.0,1.0,17,929.0,True,4070.7340049999993,3745.0752845999996,5857.6818554,9602.75714,0.61,1.0,0.0,1.0,0.0,1.0,0.0
1825ED,2303.0,608.0,984.4,40,2435,278,100,0,0,BU03610600,WK036106,GM0361,2275.0,21,21,628485.0,1.0,21,856.0,True,3750.85932,3450.7905744,5397.3903856,8848.18096,0.61,1.0,0.0,1.0,0.0,1.0,0.0
1825EE,2112.0,953.0,964.8499999999999,44,1625,259,100,0,0,BU03610600,WK036106,GM0361,2148.0,23,23,596645.0,1.0,23,839.0,True,3676.3679549999993,3382.2585185999997,5290.1992214,8672.45774,0.61,1.0,0.0,1.0,0.0,1.0,0.0
1825EG,2134.0,311.0,911.9499999999999,42,1284,271,100,0,0,BU03610600,WK036106,GM0361,2280.0,22,22,589120.0,1.0,22,793.0,True,3474.8030849999996,3196.8188382,5000.152541799999,8196.971379999999,0.61,1.0,0.0,1.0,0.0,1.0,0.0
1825EH,3594.0,188.0,1055.6999999999998,32,1408,282,100,0,0,BU03610600,WK036106,GM0361,1968.0,18,18,553987.5,1.0,18,918.0,True,4022.53371,3700.7310132000002,5788.322866799999,9489.05388,0.61,1.0,0.0,1.0,0.0,1.0,0.0
1825EJ,2761.0,773.0,979.8,57,4359,295,100,0,0,BU03610600,WK036106,GM0361,3627.0,30,30,974080.0,1.0,30,852.0,True,3733.3319400000005,3434.6653848000005,5372.168935199999,8806.83432,0.61,1.0,0.0,1.0,0.0,1.0,0.0
1825EK,3449.0,371.0,855.5999999999999,29,1213,249,100,0,0,BU03610600,WK036106,GM0361,1631.0,16,16,344285.0,1.0,16,744.0,True,3260.09268,2999.2852656000005,4691.1897744,7690.47504,0.61,1.0,0.0,1.0,0.0,1.0,0.0
1825EL,2253.0,1363.0,824.55,23,1136,0,100,0,0,BU03610600,WK036106,GM0361,1212.0,12,12,248595.0,1.0,12,717.0,True,3141.7828649999997,2890.4402357999998,4520.944984199999,7411.385219999999,0.61,1.0,0.0,1.0,0.0,1.0,0.0
1825EM,2806.0,482.0,853.3,36,1654,251,90,0,0,BU03610600,WK036106,GM0361,1999.0,19,19,431180.0,0.95,20,742.0,True,3251.3289899999995,2991.2226708,4678.579049200001,7669.80172,0.61,0.95,0.050000000000000044,0.95,0.050000000000000044,0.95,0.050000000000000044
1825EN,2308.0,390.0,831.4499999999999,28,1517,252,100,0,0,BU03610600,WK036106,GM0361,1654.0,16,16,344350.0,1.0,16,723.0,True,3168.0739349999994,2914.6280202,4558.777159799999,7473.405179999999,0.61,1.0,0.0,1.0,0.0,1.0,0.0
1825GA,2377.0,580.0,1001.65,30,1354,306,100,0,0,BU03610600,WK036106,GM0361,1678.0,15,15,471312.5,1.0,15,871.0,True,3816.5869949999997,3511.2600353999997,5491.9708246,9003.23086,0.61,1.0,0.0,1.0,0.0,1.0,0.0
1825GB,2432.0,827.0,954.4999999999999,23,872,309,100,0,0,BU03610600,WK036106,GM0361,1397.0,12,12,373847.5,1.0,12,830.0,True,3636.93135,3345.976842,5233.450957999999,8579.4278,0.61,1.0,0.0,1.0,0.0,1.0,0.0
1825GC,2649.0,813.0,1183.35,38,2590,299,100,0,0,BU03610600,WK036106,GM0361,2385.0,22,22,660800.0,0.9565217391304348,23,1029.0,True,4508.918505,4148.2050246,6488.218115399999,10636.423139999999,0.61,0.9565217391304348,0.04347826086956519,0.9565217391304348,0.04347826086956519,0.9565217391304348,0.04347826086956519
1825GD,2465.0,371.0,1105.1499999999999,42,2026,285,100,0,0,BU03610600,WK036106,GM0361,2170.0,21,21,589675.0,1.0,21,961.0,True,4210.953044999999,3874.0768013999996,6059.4534586,9933.53026,0.61,1.0,0.0,1.0,0.0,1.0,0.0
1825GE,2407.0,924.0,1054.55,49,2582,314,100,0,0,BU03610600,WK036106,GM0361,2689.0,25,25,690400.0,1.0,25,917.0,True,4018.1518650000003,3696.6997158000004,5782.0175042,9478.71722,0.61,1.0,0.0,1.0,0.0,1.0,0.0
1825GG,2694.0,532.0,1184.5,43,1813,295,80,0,0,BU03610600,WK036106,GM0361,2267.0,22,22,592900.0,1.0,22,1030.0,True,4513.3003499999995,4152.236322,6494.523478,10646.7598,0.61,1.0,0.0,1.0,0.0,1.0,0.0
1825GH,1798.0,611.0,1085.6,18,678,280,60,0,0,BU03610600,WK036106,GM0361,1009.0,10,10,266132.5,1.0,10,944.0,True,4136.461679999999,3805.5447455999993,5952.262294399999,9757.807039999998,0.61,1.0,0.0,1.0,0.0,1.0,0.0
1825GJ,2687.0,765.0,919.9999999999999,33,1006,274,90,0,0,BU03610600,WK036106,GM0361,1770.0,18,18,496000.0,1.0,18,800.0,True,3505.4759999999987,3225.037919999999,5044.290079999999,8269.327999999998,0.61,1.0,0.0,1.0,0.0,1.0,0.0
1825GK,2621.0,933.0,1084.4499999999998,38,1233,271,70,30,5,BU03610600,WK036106,GM0361,1954.0,20,20,486280.0,1.0,20,943.0,True,4132.079835,3801.5134481999994,5945.956931799999,9747.470379999999,0.61,1.0,0.0,1.0,0.0,1.0,0.0
1825GL,2403.0,1116.0,1064.8999999999999,31,903,271,80,0,0,BU03610600,WK036106,GM0361,1664.0,17,17,416957.5,1.0,17,926.0,True,4057.5884699999997,3732.9813924,5838.765767599999,9571.747159999999,0.61,1.0,0.0,1.0,0.0,1.0,0.0
1825GM,2806.0,368.0,992.4499999999999,28,1584,0,100,0,0,BU03610600,WK036106,GM0361,1672.0,16,16,357670.0,1.0,16,863.0,True,3781.5322349999997,3479.0096562,5441.5279238,8920.53758,0.61,1.0,0.0,1.0,0.0,1.0,0.0
1825GP,2601.0,876.0,917.6999999999999,56,2218,283,0,0,0,BU03610600,WK036106,GM0361,622.0,6,6,172295.0,1.0,6,798.0,True,3496.71231,3216.9753252,5031.6793548,8248.65468,0.61,1.0,0.0,1.0,0.0,1.0,0.0
1825GR,2601.0,876.0,917.6999999999999,56,2218,287,100,0,0,BU03610600,WK036106,GM0361,2489.0,23,23,689222.5,1.0,23,798.0,True,3496.71231,3216.9753252,5031.6793548,8248.65468,0.61,1.0,0.0,1.0,0.0,1.0,0.0
1825GS,3004.0,503.0,868.2499999999999,19,605,296,100,0,0,BU03610600,WK036106,GM0361,1177.0,11,11,301120.0,1.0,11,755.0,True,3308.292975,3043.629537,4760.548762999999,7804.178299999999,0.61,1.0,0.0,1.0,0.0,1.0,0.0
1825GT,2554.0,909.0,1086.75,25,916,0,100,0,0,BU03610600,WK036106,GM0361,1319.0,13,13,362242.5,1.0,13,945.0,True,4140.843525,3809.576043,5958.567656999999,9768.143699999999,0.61,1.0,0.0,1.0,0.0,1.0,0.0
1825HA,2279.0,419.0,926.9,40,1343,209,50,50,10,BU03610601,WK036106,GM0361,1857.0,20,20,425150.0,1.0,20,806.0,True,3531.767070000001,3249.2257044000007,5082.1222556,8331.347960000001,0.61,1.0,0.0,1.0,0.0,1.0,0.0
1825HB,2932.0,307.0,809.5999999999999,44,1643,208,50,50,10,BU03610601,WK036106,GM0361,2182.0,22,22,513470.0,0.9565217391304348,23,704.0,True,3084.81888,2838.0333696,4438.975270399999,7277.008639999999,0.61,0.9565217391304348,0.04347826086956519,0.9565217391304348,0.04347826086956519,0.9565217391304348,0.04347826086956519
1825HC,4281.0,2795.0,1453.6,29,3060,209,40,60,10,BU03610601,WK036106,GM0361,4005.0,33,17,974210.0,0.8823529411764706,17,1264.0,True,5538.65208,5095.5599136,126056.03893246061,131151.5988460606,0.9611475578000317,0.8823529411764706,0.11764705882352944,0.8823529411764706,0.11764705882352944,0.8823529411764706,0.11764705882352944
1825HD,2785.0,465.0,1084.4499999999998,38,1365,227,50,50,10,BU03610601,WK036106,GM0361,2447.0,22,22,596067.5,1.0,22,943.0,True,4132.079835,3801.5134481999994,5945.956931799999,9747.470379999999,0.61,1.0,0.0,1.0,0.0,1.0,0.0
1825HE,2913.0,715.0,864.8,37,1117,224,50,50,10,BU03610601,WK036106,GM0361,2345.0,20,20,534680.0,1.0,20,752.0,True,3295.14744,3031.5356448000002,4741.6326751999995,7773.16832,0.61,1.0,0.0,1.0,0.0,1.0,0.0
1825HG,2876.0,372.0,842.9499999999999,36,1015,204,50,50,10,BU03610601,WK036106,GM0361,1751.0,19,19,366267.5,1.0,19,733.0,True,3211.892385,2954.9409942,4621.8307858,7576.77178,0.61,1.0,0.0,1.0,0.0,1.0,0.0
1825HH,3399.0,471.0,1231.6499999999999,48,1931,236,60,40,10,BU03610601,WK036106,GM0361,2865.0,27,27,689062.5,0.9629629629629629,27,1071.0,True,4692.955994999999,4317.519515399999,6753.043344599999,11070.562859999998,0.61,0.9629629629629629,0.03703703703703709,0.9629629629629629,0.03703703703703709,0.9629629629629629,0.03703703703703709
1825HJ,2604.0,247.0,722.1999999999999,39,1079,194,70,30,5,BU03610601,WK036106,GM0361,1783.0,21,21,415675.0,1.0,21,628.0,True,2751.7986599999995,2531.6547671999997,3959.7677127999996,6491.422479999999,0.61,1.0,0.0,1.0,0.0,1.0,0.0
1825HK,1662.0,0.0,772.8,29,1061,181,50,50,0,BU03610601,WK036106,GM0361,1244.0,16,16,309210.0,1.0,16,672.0,True,2944.59984,2709.0318528,4237.2036672,6946.23552,0.61,1.0,0.0,1.0,0.0,1.0,0.0
1825HL,2156.0,260.0,742.9,29,803,192,60,40,5,BU03610601,WK036106,GM0361,1174.0,16,16,265497.5,1.0,16,646.0,True,2830.6718699999997,2604.2181204,4073.2642396,6677.48236,0.61,1.0,0.0,1.0,0.0,1.0,0.0
1825HM,1944.0,303.0,757.8499999999999,43,1849,196,50,50,10,BU03610601,WK036106,GM0361,2214.0,24,24,505982.5,1.0,24,659.0,True,2887.6358549999995,2656.6249866,4155.233953399999,6811.858939999999,0.61,1.0,0.0,1.0,0.0,1.0,0.0
1825HN,1861.0,272.0,562.3499999999999,31,1201,180,60,40,5,BU03610601,WK036106,GM0361,1298.0,16,16,292917.5,1.0,16,489.0,True,2142.722204999999,1971.3044285999995,3083.3223113999993,5054.626739999999,0.61,1.0,0.0,1.0,0.0,1.0,0.0
1825HP,1867.0,658.0,553.15,28,1056,196,50,50,10,BU03610601,WK036106,GM0361,1138.0,15,15,215300.0,1.0,15,481.0,True,2107.667445,1939.0540494000002,3032.8794106,4971.93346,0.61,1.0,0.0,1.0,0.0,1.0,0.0
1825HR,1599.0,0.0,739.4499999999999,30,1061,179,60,40,0,BU03610601,WK036106,GM0361,1236.0,16,16,300457.5,1.0,16,643.0,True,2817.5263349999996,2592.1242282,4054.3481517999994,6646.472379999999,0.61,1.0,0.0,1.0,0.0,1.0,0.0
1825HS,1673.0,53.0,853.3,24,746,179,50,50,5,BU03610601,WK036106,GM0361,1082.0,14,14,231217.5,1.0,14,742.0,True,3251.3289899999995,2991.2226708,4678.579049200001,7669.80172,0.61,1.0,0.0,1.0,0.0,1.0,0.0
1825HT,2015.0,519.0,819.9499999999999,49,1339,228,0,0,0,BU03610601,WK036106,GM0361,601.0,6,6,160062.5,1.0,6,713.0,True,3124.255485,2874.3150462000003,4495.723533799999,7370.0385799999995,0.6099999999999999,1.0,0.0,1.0,0.0,1.0,0.0
1825HV,2015.0,519.0,819.9499999999999,49,1339,163,0,80,20,BU03610601,WK036106,GM0361,1462.0,22,22,351972.5,1.0,22,713.0,True,3124.255485,2874.3150462000003,4495.723533799999,7370.0385799999995,0.6099999999999999,1.0,0.0,1.0,0.0,1.0,0.0
1825HW,1539.0,536.0,719.9,47,1071,174,30,70,20,BU03610601,WK036106,GM0361,1781.0,25,25,415255.0,1.0,25,626.0,True,2743.0349699999997,2523.5921724,3947.1569876000003,6470.74916,0.61,1.0,0.0,1.0,0.0,1.0,0.0
1825HX,1835.0,758.0,928.05,18,715,226,0,60,5,BU03610601,WK036106,GM0361,921.0,10,10,177387.5,0.9090909090909091,11,807.0,True,3536.1489149999993,3253.2570017999997,5088.4276182,8341.68462,0.61,0.9090909090909091,0.09090909090909094,0.9090909090909091,0.09090909090909094,0.9090909090909091,0.09090909090909094
1825JA,1194.0,366.0,769.3499999999999,38,1264,0,0,0,0,BU03610604,WK036106,GM0361,1280.0,20,20,248255.0,1.0,20,669.0,True,2931.454305,2696.9379606,4218.287579399999,6915.2255399999995,0.61,1.0,0.0,1.0,0.0,1.0,0.0
1825JB,2588.0,761.0,1009.6999999999999,34,1710,230,70,30,5,BU03610604,WK036106,GM0361,2103.0,20,20,438530.0,0.7407407407407407,27,878.0,True,3847.2599099999993,3539.4791171999996,5536.108362799999,9075.587479999998,0.61,0.7407407407407407,0.2592592592592593,0.7407407407407407,0.2592592592592593,0.7407407407407407,0.2592592592592593
1825JC,1398.0,158.0,733.6999999999999,37,1263,0,0,0,0,BU03610604,WK036106,GM0361,1280.0,20,20,230930.0,1.0,20,638.0,True,2795.61711,2571.9677412,4022.8213387999995,6594.78908,0.61,1.0,0.0,1.0,0.0,1.0,0.0
1825JD,2392.0,452.0,1258.1,34,1674,230,40,60,10,BU03610604,WK036106,GM0361,1765.0,18,17,340735.0,1.0,18,1094.0,True,4793.738429999999,4410.2393556,6898.0666844,11308.30604,0.61,1.0,0.0,1.0,0.0,1.0,0.0
1825JE,2821.0,492.0,1169.55,28,1380,0,80,0,0,BU03610604,WK036106,GM0361,1406.0,14,14,300410.0,1.0,14,1017.0,True,4456.336364999999,4099.8294558,6412.5537642,10512.38322,0.61,1.0,0.0,1.0,0.0,1.0,0.0
1825JG,1992.0,558.0,1256.9499999999998,45,1457,189,0,0,0,BU03610604,WK036106,GM0361,1971.0,25,25,364950.0,1.0,25,1093.0,True,4789.3565849999995,4406.2080582,6891.761321799999,11297.969379999999,0.61,1.0,0.0,1.0,0.0,1.0,0.0
1825JH,1688.0,418.0,991.3,46,1379,190,0,0,0,BU03610604,WK036106,GM0361,2069.0,25,25,394452.5,1.0,25,862.0,True,3777.15039,3474.9783588,5435.222561199999,8910.20092,0.61,1.0,0.0,1.0,0.0,1.0,0.0
1825JJ,2037.0,129.0,1260.3999999999999,38,1212,190,0,0,0,BU03610604,WK036106,GM0361,1583.0,20,20,298287.5,1.0,20,1096.0,True,4802.50212,4418.3019504,6910.677409599999,11328.97936,0.61,1.0,0.0,1.0,0.0,1.0,0.0
1825JK,1633.0,469.0,1276.5,21,733,203,0,0,0,BU03610604,WK036106,GM0361,962.0,11,11,171882.5,1.0,11,1110.0,True,4863.84795,4474.740114,6998.952486,11473.6926,0.61,1.0,0.0,1.0,0.0,1.0,0.0
1825JL,2616.0,395.0,1017.7499999999999,39,1905,261,100,0,0,BU03610601,WK036106,GM0361,2103.0,20,20,458295.0,1.0,20,885.0,True,3877.9328249999994,3567.6981989999995,5580.245900999999,9147.944099999999,0.61,1.0,0.0,1.0,0.0,1.0,0.0
1825JM,2471.0,845.0,711.8499999999999,18,615,270,100,0,0,BU03610601,WK036106,GM0361,1051.0,10,10,221905.0,1.0,10,619.0,True,2712.3620549999996,2495.3730905999996,3903.0194493999993,6398.392539999999,0.61,1.0,0.0,1.0,0.0,1.0,0.0
1825JN,2453.0,587.0,945.3,40,1305,223,70,30,5,BU03610601,WK036106,GM0361,2099.0,22,22,512510.0,1.0,22,822.0,True,3601.876589999999,3313.7264627999994,5183.008057199999,8496.734519999998,0.61,1.0,0.0,1.0,0.0,1.0,0.0
1825JP,1696.0,564.0,1018.9,32,1023,223,50,50,10,BU03610601,WK036106,GM0361,1609.0,17,17,413370.0,1.0,17,886.0,True,3882.31467,3571.7294964000002,5586.551263600001,9158.280760000001,0.61,1.0,0.0,1.0,0.0,1.0,0.0
1825JR,2198.0,571.0,882.05,34,1392,213,50,50,10,BU03610601,WK036106,GM0361,1777.0,19,19,414702.5,1.0,19,767.0,True,3360.875115,3092.0051058,4836.2131142,7928.21822,0.61,1.0,0.0,1.0,0.0,1.0,0.0
1825JS,2633.0,657.0,926.9,38,1373,225,0,0,0,BU03610601,WK036106,GM0361,856.0,9,9,213770.0,1.0,9,806.0,True,3531.767070000001,3249.2257044000007,5082.1222556,8331.347960000001,0.61,1.0,0.0,1.0,0.0,1.0,0.0
1825JT,2633.0,657.0,926.9,38,1373,235,90,0,0,BU03610601,WK036106,GM0361,1107.0,11,11,308752.5,1.0,11,806.0,True,3531.767070000001,3249.2257044000007,5082.1222556,8331.347960000001,0.61,1.0,0.0,1.0,0.0,1.0,0.0
1825JV,2464.0,644.0,922.3,38,843,170,0,80,15,BU03610601,WK036106,GM0361,1619.0,22,21,373490.0,1.0,22,802.0,True,3514.2396899999994,3233.1005147999995,5056.9008052,8290.00132,0.61,1.0,0.0,1.0,0.0,1.0,0.0
1825JW,1176.0,499.0,748.65,30,1084,171,0,0,0,BU03610601,WK036106,GM0361,1164.0,17,17,181447.5,1.0,17,651.0,True,2852.581095,2624.3746074,4104.7910526,6729.16566,0.61,1.0,0.0,1.0,0.0,1.0,0.0
1825KA,3605.0,573.0,1392.6499999999999,35,2832,0,100,0,0,BU03610601,WK036106,GM0361,2849.0,26,20,694990.0,0.95,20,1211.0,True,5306.414295,4881.901151399999,7635.794108599999,12517.695259999999,0.61,0.95,0.050000000000000044,0.95,0.050000000000000044,0.95,0.050000000000000044
1825KB,1915.0,513.0,1258.1,46,5390,0,0,0,0,BU03610601,WK036106,GM0361,3115.0,32,30,575480.0,0.9666666666666667,30,1094.0,True,4793.738429999999,4410.2393556,6898.0666844,11308.30604,0.61,0.9666666666666667,0.033333333333333326,0.9666666666666667,0.033333333333333326,0.9666666666666667,0.033333333333333326
1825KC,2471.0,380.0,1068.35,43,1418,247,80,0,0,BU03610601,WK036106,GM0361,2109.0,24,23,584685.0,1.0,24,929.0,True,4070.7340049999993,3745.0752845999996,5857.6818554,9602.75714,0.61,1.0,0.0,1.0,0.0,1.0,0.0
1825KD,2260.0,294.0,1110.8999999999999,37,1008,253,80,0,0,BU03610601,WK036106,GM0361,2038.0,20,20,507177.5,1.0,20,966.0,True,4232.86227,3894.2332883999998,6090.980271599999,9985.213559999998,0.61,1.0,0.0,1.0,0.0,1.0,0.0
1825KE,2189.0,1296.0,1003.9499999999999,20,540,244,70,0,0,BU03610601,WK036106,GM0361,1091.0,10,10,301070.0,1.0,10,873.0,True,3825.3506850000003,3519.3226302000003,5504.581549799999,9023.90418,0.61,1.0,0.0,1.0,0.0,1.0,0.0
1825KG,2244.0,853.0,956.8,45,2786,284,100,0,0,BU03610601,WK036106,GM0361,2759.0,26,26,613410.0,1.0,26,832.0,True,3645.6950399999996,3354.0394367999997,5246.0616832,8600.10112,0.61,1.0,0.0,1.0,0.0,1.0,0.0
1825KH,2153.0,728.0,963.6999999999999,31,1312,267,90,0,0,BU03610601,WK036106,GM0361,1834.0,18,18,385377.5,1.0,18,838.0,True,3671.98611,3378.2272212,5283.893858799999,8662.121079999999,0.61,1.0,0.0,1.0,0.0,1.0,0.0
1825KJ,2622.0,752.0,875.15,34,2024,263,100,0,0,BU03610601,WK036106,GM0361,1817.0,18,18,445990.0,1.0,18,761.0,True,3334.5840449999996,3067.8173214,4798.3809386,7866.19826,0.61,1.0,0.0,1.0,0.0,1.0,0.0
1825KK,2668.0,1211.0,971.7499999999999,43,2062,262,100,0,0,BU03610601,WK036106,GM0361,2675.0,25,25,585360.0,0.9615384615384616,26,845.0,True,3702.6590249999986,3406.446302999999,5328.031396999999,8734.477699999998,0.61,0.9615384615384616,0.038461538461538436,0.9615384615384616,0.038461538461538436,0.9615384615384616,0.038461538461538436
1825KL,2353.0,456.0,1047.6499999999999,30,1710,265,90,0,0,BU03610601,WK036106,GM0361,1683.0,16,16,365445.0,1.0,16,911.0,True,3991.860794999999,3672.5119313999994,5744.185328599998,9416.697259999997,0.61,1.0,0.0,1.0,0.0,1.0,0.0
1825KM,2651.0,706.0,1047.6499999999999,50,1543,263,0,0,0,BU03610601,WK036106,GM0361,633.0,6,6,126322.5,1.0,6,911.0,True,3991.860794999999,3672.5119313999994,5744.185328599998,9416.697259999997,0.61,1.0,0.0,1.0,0.0,1.0,0.0
1825KN,2651.0,706.0,1047.6499999999999,50,1543,228,80,20,0,BU03610601,WK036106,GM0361,2270.0,22,21,588200.0,1.0,22,911.0,True,3991.860794999999,3672.5119313999994,5744.185328599998,9416.697259999997,0.61,1.0,0.0,1.0,0.0,1.0,0.0
1825KP,2429.0,469.0,941.8499999999999,47,1420,205,0,0,0,BU03610601,WK036106,GM0361,547.0,6,6,145592.5,1.0,6,819.0,True,3588.7310549999997,3301.6325706,5164.0919693999995,8465.72454,0.61,1.0,0.0,1.0,0.0,1.0,0.0
1825KR,2429.0,469.0,941.8499999999999,47,1420,251,90,0,0,BU03610601,WK036106,GM0361,1879.0,20,20,478932.5,0.9523809523809523,21,819.0,True,3588.7310549999997,3301.6325706,5164.0919693999995,8465.72454,0.61,0.9523809523809523,0.04761904761904767,0.9523809523809523,0.04761904761904767,0.9523809523809523,0.04761904761904767
1825KS,2779.0,883.0,1078.6999999999998,30,1048,248,90,0,0,BU03610601,WK036106,GM0361,1847.0,16,16,456137.5,1.0,16,938.0,True,4110.170609999999,3781.356961199999,5914.430118799999,9695.787079999998,0.61,1.0,0.0,1.0,0.0,1.0,0.0
1825KT,2773.0,509.0,946.4499999999999,49,1417,259,80,20,0,BU03610601,WK036106,GM0361,2796.0,25,25,687057.5,1.0,25,823.0,True,3606.258435,3317.7577602,5189.313419799999,8507.071179999999,0.61,1.0,0.0,1.0,0.0,1.0,0.0
1825KV,2508.0,536.0,854.4499999999999,47,5057,150,0,0,0,BU03610601,WK036106,GM0361,312.0,5,5,51752.5,1.0,5,743.0,True,3255.7108349999994,2995.2539681999997,4684.8844118,7680.138379999999,0.61,1.0,0.0,1.0,0.0,1.0,0.0
1825KX,2508.0,536.0,854.4499999999999,47,5057,269,100,0,0,BU03610601,WK036106,GM0361,2272.0,22,21,476477.5,1.0,22,743.0,True,3255.7108349999994,2995.2539681999997,4684.8844118,7680.138379999999,0.61,1.0,0.0,1.0,0.0,1.0,0.0
1825KZ,2770.0,740.0,783.15,41,3328,267,100,0,0,BU03610601,WK036106,GM0361,2860.0,26,23,588492.5,0.9583333333333334,24,681.0,True,2984.036445,2745.3135294000003,4293.951930599999,7039.26546,0.61,0.9583333333333334,0.04166666666666663,0.9583333333333334,0.04166666666666663,0.9583333333333334,0.04166666666666663
1825LA,2823.0,484.0,898.15,34,2629,269,100,0,0,BU03610601,WK036106,GM0361,2017.0,18,18,449390.0,1.0,18,781.0,True,3422.2209449999996,3148.4432693999997,4924.4881906,8072.93146,0.61,1.0,0.0,1.0,0.0,1.0,0.0
1825LB,2150.0,790.0,936.0999999999999,29,1492,0,100,0,0,BU03610601,WK036106,GM0361,1677.0,16,15,354890.0,1.0,16,814.0,True,3566.8218299999994,3281.4760835999996,5132.565156399999,8414.041239999999,0.61,1.0,0.0,1.0,0.0,1.0,0.0
1825LC,3187.0,348.0,1052.25,48,3945,285,100,0,0,BU03610601,WK036106,GM0361,3011.0,27,26,634115.0,1.0,27,915.0,True,4009.3881750000005,3688.6371210000007,5769.406779,9458.0439,0.61,1.0,0.0,1.0,0.0,1.0,0.0
1825LD,1624.0,940.0,926.9,40,1847,240,70,30,5,BU03610601,WK036106,GM0361,2322.0,23,22,467100.0,1.0,23,806.0,True,3531.767070000001,3249.2257044000007,5082.1222556,8331.347960000001,0.61,1.0,0.0,1.0,0.0,1.0,0.0
1825LE,2631.0,537.0,1015.4499999999999,25,2461,283,100,0,0,BU03610601,WK036106,GM0361,1512.0,13,13,327600.0,1.0,13,883.0,True,3869.1691349999996,3559.6356041999998,5567.635175799999,9127.270779999999,0.61,1.0,0.0,1.0,0.0,1.0,0.0
1825LG,2890.0,67.0,977.4999999999999,47,1638,258,0,0,0,BU03610601,WK036106,GM0361,836.0,8,8,183745.0,0.8888888888888888,9,850.0,True,3724.56825,3426.60279,5359.55821,8786.161,0.61,0.8888888888888888,0.11111111111111116,0.8888888888888888,0.11111111111111116,0.8888888888888888,0.11111111111111116
1825LH,2505.0,394.0,977.4999999999999,47,1638,213,50,50,5,BU03610601,WK036106,GM0361,1582.0,18,18,436867.5,1.0,18,850.0,True,3724.56825,3426.60279,5359.55821,8786.161,0.61,1.0,0.0,1.0,0.0,1.0,0.0
1825LJ,1821.0,73.0,987.8499999999999,43,1155,200,40,60,15,BU03610601,WK036106,GM0361,2002.0,24,24,519770.0,0.96,25,859.0,True,3764.004854999999,3462.8844665999995,5416.306473399999,8879.190939999999,0.61,0.96,0.040000000000000036,0.96,0.040000000000000036,0.96,0.040000000000000036
1825LK,1864.0,243.0,792.3499999999999,34,871,200,40,60,10,BU03610601,WK036106,GM0361,1506.0,18,18,420940.0,1.0,18,689.0,True,3019.091205,2777.5639086,4344.3948314,7121.95874,0.61,1.0,0.0,1.0,0.0,1.0,0.0
1825LL,2548.0,329.0,1085.6,51,1342,212,60,40,10,BU03610601,WK036106,GM0361,2379.0,26,26,620380.0,1.0,26,944.0,True,4136.461679999999,3805.5447455999993,5952.262294399999,9757.807039999998,0.61,1.0,0.0,1.0,0.0,1.0,0.0
1825LM,2876.0,339.0,971.7499999999999,33,965,209,60,40,10,BU03610601,WK036106,GM0361,1631.0,18,18,439622.5,1.0,18,845.0,True,3702.6590249999986,3406.446302999999,5328.031396999999,8734.477699999998,0.61,1.0,0.0,1.0,0.0,1.0,0.0
1825LN,1684.0,184.0,839.4999999999999,30,777,207,50,50,5,BU03610601,WK036106,GM0361,1366.0,16,16,362067.5,1.0,16,730.0,True,3198.7468499999995,2942.8471019999997,4602.914698,7545.761799999999,0.61,1.0,0.0,1.0,0.0,1.0,0.0
1825LP,2558.0,1062.0,954.4999999999999,30,822,228,60,40,5,BU03610601,WK036106,GM0361,1497.0,16,16,321485.0,1.0,16,830.0,True,3636.93135,3345.976842,5233.450957999999,8579.4278,0.61,1.0,0.0,1.0,0.0,1.0,0.0
1825LR,1599.0,1053.0,978.65,38,1112,206,40,70,15,BU03610601,WK036106,GM0361,1756.0,20,20,282295.0,0.9523809523809523,21,851.0,True,3728.9500950000006,3430.6340874000007,5365.8635726,8796.49766,0.61,0.9523809523809523,0.04761904761904767,0.9523809523809523,0.04761904761904767,0.9523809523809523,0.04761904761904767
1825LS,2653.0,872.0,998.1999999999999,32,1202,228,50,50,10,BU03610601,WK036106,GM0361,1778.0,19,19,368430.0,1.0,19,868.0,True,3803.44146,3499.1661432,5473.054736799999,8972.220879999999,0.61,1.0,0.0,1.0,0.0,1.0,0.0
1825LT,3146.0,256.0,967.15,31,1238,228,70,30,5,BU03610601,WK036106,GM0361,1612.0,17,17,398622.5,1.0,17,841.0,True,3685.131645,3390.3211134000003,5302.809946599999,8693.13106,0.61,1.0,0.0,1.0,0.0,1.0,0.0
1825LV,2523.0,872.0,1124.6999999999998,24,1735,0,100,0,0,BU03610601,WK036106,GM0361,1443.0,13,13,306705.0,1.0,13,978.0,True,4285.444409999998,3942.608857199999,6166.644622799999,10109.253479999998,0.61,1.0,0.0,1.0,0.0,1.0,0.0
1825LW,2349.0,779.0,1010.8499999999999,43,1266,224,30,70,15,BU03610601,WK036106,GM0361,2132.0,23,23,440947.5,1.0,23,879.0,True,3851.641754999999,3543.5104145999994,5542.4137254,9085.92414,0.61,1.0,0.0,1.0,0.0,1.0,0.0
1825LX,3035.0,1152.0,1087.8999999999999,36,2936,296,100,0,0,BU03610601,WK036106,GM0361,2371.0,20,20,478150.0,1.0,20,946.0,True,4145.225369999998,3813.607340399999,5964.873019599999,9778.480359999998,0.61,1.0,0.0,1.0,0.0,1.0,0.0
1825MA,2133.0,984.0,877.4499999999999,42,1812,245,60,40,10,BU03610601,WK036106,GM0361,2334.0,23,23,481547.5,1.0,23,763.0,True,3343.3477350000003,3075.8799162000005,4810.9916637999995,7886.87158,0.61,1.0,0.0,1.0,0.0,1.0,0.0
1825MB,2642.0,901.0,932.65,39,3151,297,100,0,0,BU03610601,WK036106,GM0361,2767.0,22,22,748110.0,1.0,22,811.0,True,3553.6762949999998,3269.3821914,5113.6490686,8383.03126,0.61,1.0,0.0,1.0,0.0,1.0,0.0
1825MC,1814.0,1088.0,1095.9499999999998,37,1421,226,30,70,15,BU03610601,WK036106,GM0361,2055.0,22,22,345425.0,1.0,22,953.0,True,4175.898284999999,3841.8264222,6009.010557799998,9850.836979999998,0.61,1.0,0.0,1.0,0.0,1.0,0.0
1825MD,1081.0,1249.0,910.8,20,655,183,0,0,0,BU03610601,WK036106,GM0361,902.0,11,11,119515.0,1.0,11,792.0,True,3470.4212399999997,3192.7875408,4993.8471792,8186.63472,0.61,1.0,0.0,1.0,0.0,1.0,0.0
1825ME,1719.0,0.0,556.5999999999999,42,2295,182,40,60,10,BU03610601,WK036106,GM0361,1485.0,22,22,293105.0,1.0,22,484.0,True,2120.8129799999997,1951.1479415999997,3051.7954983999994,5002.943439999999,0.61,1.0,0.0,1.0,0.0,1.0,0.0
1825MG,3091.0,682.0,923.4499999999999,59,4270,307,0,0,0,BU03610601,WK036106,GM0361,1028.0,8,8,244037.5,1.0,8,803.0,True,3518.6215349999993,3237.1318121999993,5063.206167799999,8300.337979999998,0.61,1.0,0.0,1.0,0.0,1.0,0.0
1825MH,3091.0,682.0,923.4499999999999,59,4270,257,100,0,0,BU03610601,WK036106,GM0361,2434.0,24,24,530935.0,1.0,24,803.0,True,3518.6215349999993,3237.1318121999993,5063.206167799999,8300.337979999998,0.61,1.0,0.0,1.0,0.0,1.0,0.0
1825MJ,2240.0,529.0,985.55,31,1721,258,100,0,0,BU03610601,WK036106,GM0361,1763.0,17,17,386600.0,0.8095238095238095,21,857.0,True,3755.2411649999995,3454.8218718,5403.695748199999,8858.517619999999,0.61,0.8095238095238095,0.19047619047619047,0.8095238095238095,0.19047619047619047,0.8095238095238095,0.19047619047619047
1825MN,2412.0,0.0,1047.6499999999999,33,10680,300,90,0,0,BU03610601,WK036106,GM0361,1703.0,18,18,355147.5,1.0,18,911.0,True,3991.860794999999,3672.5119313999994,5744.185328599998,9416.697259999997,0.61,1.0,0.0,1.0,0.0,1.0,0.0
1825MP,1585.0,0.0,978.65,42,10680,284,100,0,0,BU03610601,WK036106,GM0361,2125.0,26,26,446895.0,1.0,26,851.0,True,3728.9500950000006,3430.6340874000007,5365.8635726,8796.49766,0.61,1.0,0.0,1.0,0.0,1.0,0.0
1825NA,1440.0,0.0,755.55,20,2772,176,0,0,0,BU03610604,WK036106,GM0361,944.0,16,16,165200.0,1.0,16,657.0,True,2878.872165,2648.5623918,4142.623228199999,6791.185619999999,0.61,1.0,0.0,1.0,0.0,1.0,0.0
1825NB,1065.0,0.0,548.55,53,2772,128,0,100,0,BU03610604,WK036106,GM0361,1210.0,30,30,185400.0,1.0,30,477.0,True,2090.1400649999996,1922.9288597999998,3007.6579601999997,4930.5868199999995,0.61,1.0,0.0,1.0,0.0,1.0,0.0
1825NC,2246.0,281.0,1090.1999999999998,22,575,229,90,0,0,BU03610604,WK036106,GM0361,1138.0,12,12,250360.0,1.0,12,948.0,True,4153.989059999999,3821.6699351999996,5977.483744799998,9799.153679999998,0.61,1.0,0.0,1.0,0.0,1.0,0.0
1825ND,2153.0,614.0,985.55,34,1284,191,0,0,0,BU03610604,WK036106,GM0361,1612.0,19,19,390440.0,1.0,19,857.0,True,3755.2411649999995,3454.8218718,5403.695748199999,8858.517619999999,0.61,1.0,0.0,1.0,0.0,1.0,0.0
1825NE,1333.0,201.0,718.75,37,2743,184,0,0,0,BU03610604,WK036106,GM0361,1819.0,23,23,402425.0,1.0,23,625.0,True,2738.653125,2519.560875,3940.8516250000002,6460.4125,0.61,1.0,0.0,1.0,0.0,1.0,0.0
1825NG,1413.0,293.0,916.55,40,962,187,0,0,0,BU03610604,WK036106,GM0361,1813.0,23,23,395305.0,1.0,23,797.0,True,3492.330465,3212.9440278,5025.3739922,8238.31802,0.61,1.0,0.0,1.0,0.0,1.0,0.0
1825NJ,2670.0,314.0,1076.3999999999999,43,1409,198,0,80,20,BU03610604,WK036106,GM0361,1906.0,23,23,420170.0,0.9583333333333334,24,936.0,True,4101.406919999999,3773.2943663999995,5901.819393599999,9675.113759999998,0.61,0.9583333333333334,0.04166666666666663,0.9583333333333334,0.04166666666666663,0.9583333333333334,0.04166666666666663
1825NK,1504.0,783.0,865.9499999999999,42,1260,192,0,0,0,BU03610604,WK036106,GM0361,1914.0,23,23,421117.5,1.0,23,753.0,True,3299.529285,3035.5669422,4747.938037799999,7783.504979999999,0.6099999999999999,1.0,0.0,1.0,0.0,1.0,0.0
1825NL,2254.0,549.0,1029.25,62,4912,205,0,0,0,BU03610604,WK036106,GM0361,838.0,8,8,204997.5,0.8888888888888888,9,895.0,True,3921.7512749999996,3608.011173,5643.299527,9251.3107,0.61,0.8888888888888888,0.11111111111111116,0.8888888888888888,0.11111111111111116,0.8888888888888888,0.11111111111111116
1825NM,1704.0,0.0,1029.25,62,4912,178,0,0,0,BU03610604,WK036106,GM0361,2100.0,28,28,451335.0,1.0,28,895.0,True,3921.7512749999996,3608.011173,5643.299527,9251.3107,0.61,1.0,0.0,1.0,0.0,1.0,0.0
1825NN,2009.0,507.0,1082.1499999999999,67,2342,202,10,90,0,BU03610604,WK036106,GM0361,3234.0,36,36,717710.0,1.0,36,941.0,True,4123.316145,3793.4508533999997,5933.346206599999,9726.797059999999,0.61,1.0,0.0,1.0,0.0,1.0,0.0
1825NR,1871.0,100.0,947.5999999999999,44,4526,189,0,0,0,BU03610604,WK036106,GM0361,2013.0,25,25,450210.0,1.0,25,824.0,True,3610.6402799999987,3321.789057599999,5195.618782399999,8517.407839999998,0.61,1.0,0.0,1.0,0.0,1.0,0.0
1825NS,1749.0,0.0,832.5999999999999,19,2189,166,0,0,0,BU03610604,WK036106,GM0361,732.0,11,11,154380.0,1.0,11,724.0,True,3172.4557799999993,2918.6593175999997,4565.082522399999,7483.741839999999,0.61,1.0,0.0,1.0,0.0,1.0,0.0
1825NT,1372.0,0.0,505.99999999999994,25,6784,0,60,40,0,BU03610604,WK036106,GM0361,808.0,14,14,148885.0,1.0,14,440.0,True,1928.0117999999995,1773.7708559999996,2774.3595439999995,4548.130399999999,0.61,1.0,0.0,1.0,0.0,1.0,0.0
1825NV,1419.0,0.0,495.65,21,6784,0,60,40,0,BU03610604,WK036106,GM0361,811.0,14,14,151890.0,1.0,14,431.0,True,1888.575195,1737.4891794,2717.6112805999996,4455.10046,0.61,1.0,0.0,1.0,0.0,1.0,0.0
1825NW,1062.0,0.0,516.3499999999999,25,6784,190,50,50,5,BU03610604,WK036106,GM0361,945.0,15,15,176872.5,1.0,15,449.0,True,1967.4484049999996,1810.0525325999997,2831.1078073999997,4641.160339999999,0.61,1.0,0.0,1.0,0.0,1.0,0.0
1825NX,1163.0,0.0,516.3499999999999,27,6784,194,60,40,0,BU03610604,WK036106,GM0361,882.0,14,14,168682.5,1.0,14,449.0,True,1967.4484049999996,1810.0525325999997,2831.1078073999997,4641.160339999999,0.61,1.0,0.0,1.0,0.0,1.0,0.0
1825PA,1034.0,0.0,554.3,47,695,128,0,100,0,BU03610604,WK036106,GM0361,1210.0,30,30,188112.5,1.0,30,482.0,True,2112.04929,1943.0853468,3039.1847732,4982.27012,0.61,1.0,0.0,1.0,0.0,1.0,0.0
1825PB,1850.0,0.0,603.75,19,695,176,0,0,0,BU03610604,WK036106,GM0361,944.0,16,16,170805.0,1.0,16,525.0,True,2300.468625,2116.4311350000003,3310.315365,5426.7465,0.61,1.0,0.0,1.0,0.0,1.0,0.0
1825PC,1253.0,0.0,723.3499999999999,28,4496,168,0,0,0,BU03610604,WK036106,GM0361,850.0,15,15,146520.0,1.0,15,629.0,True,2756.1805049999994,2535.6860645999996,3966.0730753999997,6501.759139999999,0.61,1.0,0.0,1.0,0.0,1.0,0.0
1825PD,1410.0,0.0,725.65,22,4496,169,0,0,0,BU03610604,WK036106,GM0361,798.0,14,14,137142.5,1.0,14,631.0,True,2764.944195,2543.7486594,3978.6838006,6522.43246,0.61,1.0,0.0,1.0,0.0,1.0,0.0
1825PE,1184.0,0.0,443.9,24,4496,128,0,0,0,BU03610604,WK036106,GM0361,605.0,15,15,90192.5,1.0,15,386.0,True,1691.39217,1556.0807964,2433.8699635999997,3989.9507599999997,0.61,1.0,0.0,1.0,0.0,1.0,0.0
1825PG,1183.0,0.0,611.8,26,4496,125,0,0,0,BU03610604,WK036106,GM0361,546.0,14,14,79867.5,1.0,14,532.0,True,2331.14154,2144.6502168,3354.4529031999996,5499.10312,0.61,1.0,0.0,1.0,0.0,1.0,0.0
1825PH,2322.0,580.0,1100.55,51,2609,250,80,0,0,BU03610604,WK036106,GM0361,2704.0,26,25,567205.0,1.0,26,957.0,True,4193.425665,3857.9516118,6034.2320082,9892.18362,0.61,1.0,0.0,1.0,0.0,1.0,0.0
1825PJ,3291.0,1126.0,1013.15,22,1121,262,100,0,0,BU03610604,WK036106,GM0361,1207.0,11,11,260815.0,1.0,11,881.0,True,3860.405445,3551.5730094,5555.024450599999,9106.597459999999,0.61,1.0,0.0,1.0,0.0,1.0,0.0
1825PK,2260.0,376.0,979.8,26,648,0,80,0,0,BU03610604,WK036106,GM0361,1290.0,13,13,275575.0,1.0,13,852.0,True,3733.3319400000005,3434.6653848000005,5372.168935199999,8806.83432,0.61,1.0,0.0,1.0,0.0,1.0,0.0
1825PL,2948.0,476.0,1143.1,23,1606,271,100,0,0,BU03610604,WK036106,GM0361,1358.0,12,12,293810.0,1.0,12,994.0,True,4355.553929999999,4007.1096155999994,6267.530424399999,10274.640039999998,0.61,1.0,0.0,1.0,0.0,1.0,0.0
1825PM,4105.0,1352.0,886.65,28,1484,256,90,0,0,BU03610604,WK036106,GM0361,1509.0,14,14,322490.0,0.9333333333333333,15,771.0,True,3378.4024950000003,3108.1302954000003,4861.4345646,7969.56486,0.61,0.9333333333333333,0.06666666666666665,0.9333333333333333,0.06666666666666665,0.9333333333333333,0.06666666666666665
1825PN,2420.0,898.0,959.0999999999999,42,2300,268,100,0,0,BU03610604,WK036106,GM0361,2330.0,22,22,489545.0,1.0,22,834.0,True,3654.4587299999994,3362.1020315999995,5258.6724084,8620.77444,0.61,1.0,0.0,1.0,0.0,1.0,0.0
1825PP,2508.0,1226.0,930.3499999999999,40,2325,265,100,0,0,BU03610604,WK036106,GM0361,2264.0,21,21,464315.0,1.0,21,809.0,True,3544.912605,3261.3195966000003,5101.0383434,8362.35794,0.61,1.0,0.0,1.0,0.0,1.0,0.0
1825PR,3360.0,984.0,1093.6499999999999,25,1265,266,100,0,0,BU03610604,WK036106,GM0361,1374.0,13,12,291867.5,1.0,13,951.0,True,4167.134594999999,3833.763827399999,5996.399832599999,9830.163659999998,0.61,1.0,0.0,1.0,0.0,1.0,0.0
1825PS,2287.0,660.0,969.4499999999999,35,2183,0,90,0,0,BU03610604,WK036106,GM0361,1982.0,19,19,426545.0,1.0,19,843.0,True,3693.895334999999,3398.383708199999,5315.420671799999,8713.804379999998,0.61,1.0,0.0,1.0,0.0,1.0,0.0
1825PT,2534.0,347.0,1005.0999999999999,39,1974,0,100,0,0,BU03610604,WK036106,GM0361,2352.0,22,22,503040.0,1.0,22,874.0,True,3829.7325299999998,3523.3539276,5510.8869124,9034.24084,0.61,1.0,0.0,1.0,0.0,1.0,0.0
1825PV,2338.0,877.0,4303.299999999999,33,72649,0,0,0,0,BU03610604,WK036106,GM0361,4635.0,35,2,753187.5,0.0,3,3742.0,True,16396.863989999998,15085.1148708,66633.95256348573,81719.06743428572,0.8154027530608977,0.0,1.0,0.0,1.0,0.0,1.0
1825PW,2338.0,877.0,4303.299999999999,33,72649,175,0,100,0,BU03610604,WK036106,GM0361,2584.0,38,1,342380.0,1.0,38,3742.0,True,16396.863989999998,15085.1148708,68644.66684919999,83729.78171999998,0.8198357315531289,1.0,0.0,1.0,0.0,1.0,0.0
1825PX,2140.0,863.0,0.0,0,0,175,0,100,0,BU03610604,WK036106,GM0361,2584.0,38,0,342380.0,1.0,38,0.0,True,0.0,0.0,342380.0,342380.0,1.0,1.0,0.0,1.0,0.0,1.0,0.0
1825RA,4635.0,0.0,4303.299999999999,33,72649,141,0,0,0,BU03610604,WK036106,GM0361,2039.0,24,14,395262.5,0.6666666666666666,24,3742.0,True,16396.863989999998,15085.1148708,23594.6668492,38679.78172,0.61,0.6666666666666666,0.33333333333333337,0.6666666666666666,0.33333333333333337,0.6666666666666666,0.33333333333333337
1825RB,5024.0,0.0,407.09999999999997,50,45575,0,0,0,0,BU03610604,WK036106,GM0361,793.0,6,3,148652.5,0.0,8,354.0,True,1551.1731299999994,1427.0792795999996,2232.0983604,3659.1776399999994,0.6100000000000001,0.0,1.0,0.0,1.0,0.0,1.0
1825RC,5024.0,0.0,407.09999999999997,50,45575,145,0,0,0,BU03610604,WK036106,GM0361,1483.0,27,18,353740.0,1.0,27,354.0,True,1551.1731299999994,1427.0792795999996,2232.0983604,3659.1776399999994,0.6100000000000001,1.0,0.0,1.0,0.0,1.0,0.0
1825RD,1538.0,0.0,71.3,40,42227,150,0,0,0,BU03610604,WK036106,GM0361,1774.0,28,18,407075.0,1.0,28,62.0,True,271.67438999999996,249.94043879999998,390.9324811999999,640.8729199999999,0.61,1.0,0.0,1.0,0.0,1.0,0.0
1825RE,21137.0,0.0,263.34999999999997,43,92811,0,0,0,0,BU03610604,WK036106,GM0361,2350.0,17,1,308810.0,0.0,8,229.0,True,1003.4425049999999,923.1671045999999,1443.9280354,2367.09514,0.61,0.0,1.0,0.0,1.0,0.0,1.0
1825RG,1631.0,0.0,263.34999999999997,43,92811,148,0,0,0,BU03610604,WK036106,GM0361,1791.0,28,17,411485.0,1.0,28,229.0,True,1003.4425049999999,923.1671045999999,1443.9280354,2367.09514,0.61,1.0,0.0,1.0,0.0,1.0,0.0
1825RH,2529.0,0.0,28.749999999999996,35,53931,147,0,0,0,BU03610604,WK036106,GM0361,1320.0,22,16,286480.0,0.9565217391304348,23,25.0,True,109.54612499999996,100.78243499999996,157.63406499999996,258.4164999999999,0.61,0.9565217391304348,0.04347826086956519,0.9565217391304348,0.04347826086956519,0.9565217391304348,0.04347826086956519
1825RJ,1883.0,0.0,1888.3,83,273448,149,0,0,0,BU03610604,WK036106,GM0361,611.0,10,7,136170.0,1.0,10,1642.0,True,7194.989489999999,6619.390330799999,10353.4053892,16972.79572,0.61,1.0,0.0,1.0,0.0,1.0,0.0
1825RK,26906.0,0.0,1888.3,83,273448,0,0,0,0,BU03610604,WK036106,GM0361,1882.0,18,2,349717.5,0.0,15,1642.0,True,7194.989489999999,6619.390330799999,10353.4053892,16972.79572,0.61,0.0,1.0,0.0,1.0,0.0,1.0
1825RL,3132.0,0.0,0.0,0,0,152,0,0,0,BU03610604,WK036106,GM0361,980.0,14,0,264600.0,1.0,14,0.0,True,0.0,0.0,264600.0,264600.0,1.0,1.0,0.0,1.0,0.0,1.0,0.0
1825RM,4990.0,0.0,1888.3,83,273448,152,0,0,0,BU03610604,WK036106,GM0361,1233.0,16,1,329707.5,0.9375,16,1642.0,True,7194.989489999999,6619.390330799999,10353.4053892,16972.79572,0.61,0.9375,0.0625,0.9375,0.0625,0.9375,0.0625
1825RN,34303.0,0.0,1888.3,83,273448,0,0,0,0,BU03610604,WK036106,GM0361,4462.0,38,2,655420.0,0.0,18,1642.0,True,7194.989489999999,6619.390330799999,10353.4053892,16972.79572,0.61,0.0,1.0,0.0,1.0,0.0,1.0
1825RP,2871.0,0.0,0.0,0,0,143,0,0,0,BU03610604,WK036106,GM0361,936.0,18,0,252720.0,1.0,18,0.0,True,0.0,0.0,252720.0,252720.0,1.0,1.0,0.0,1.0,0.0,1.0,0.0
1825RR,2866.0,0.0,0.0,0,0,145,0,0,0,BU03610604,WK036106,GM0361,1045.0,20,0,279750.0,1.0,20,0.0,True,0.0,0.0,279750.0,279750.0,1.0,1.0,0.0,1.0,0.0,1.0,0.0
1825RS,2918.0,0.0,0.0,0,0,0,0,0,0,BU03610604,WK036106,GM0361,871.0,20,0,232770.0,1.0,20,0.0,True,0.0,0.0,232770.0,232770.0,1.0,1.0,0.0,1.0,0.0,1.0,0.0
1825RT,10755.0,0.0,1888.3,83,273448,0,0,0,0,BU03610604,WK036106,GM0361,502.0,4,2,89992.5,0.0,4,1642.0,True,7194.989489999999,6619.390330799999,10353.4053892,16972.79572,0.61,0.0,1.0,0.0,1.0,0.0,1.0
1825RV,10755.0,0.0,1888.3,83,273448,0,0,0,0,BU03610604,WK036106,GM0361,1509.0,12,1,245212.5,0.0,1,1642.0,True,7194.989489999999,6619.390330799999,10353.4053892,16972.79572,0.61,0.0,1.0,0.0,1.0,0.0,1.0
1825SB,12568.0,0.0,1888.3,83,273448,0,0,0,0,BU03610604,WK036106,GM0361,6042.0,46,1,892132.5,0.0,17,1642.0,True,7194.989489999999,6619.390330799999,10353.4053892,16972.79572,0.61,0.0,1.0,0.0,1.0,0.0,1.0
1825SC,3044.0,0.0,0.0,0,0,160,0,0,0,BU03610604,WK036106,GM0361,1360.0,18,0,329250.0,1.0,18,0.0,True,0.0,0.0,329250.0,329250.0,1.0,1.0,0.0,1.0,0.0,1.0,0.0
1825SE,3138.0,0.0,1888.3,83,273448,159,0,0,0,BU03610604,WK036106,GM0361,1614.0,22,1,395430.0,1.0,22,1642.0,True,7194.989489999999,6619.390330799999,10353.4053892,16972.79572,0.61,1.0,0.0,1.0,0.0,1.0,0.0
1825SG,2473.0,0.0,0.0,0,0,161,0,0,0,BU03610604,WK036106,GM0361,1518.0,20,0,383760.0,1.0,20,0.0,True,0.0,0.0,383760.0,383760.0,1.0,1.0,0.0,1.0,0.0,1.0,0.0
1825SH,26492.0,0.0,1888.3,83,273448,0,0,0,0,BU03610604,WK036106,GM0361,1856.0,17,5,320267.5,0.0,16,1642.0,True,7194.989489999999,6619.390330799999,10353.4053892,16972.79572,0.61,0.0,1.0,0.0,1.0,0.0,1.0
1825SJ,3061.0,0.0,1888.3,83,273448,152,0,0,0,BU03610604,WK036106,GM0361,560.0,8,1,151200.0,1.0,8,1642.0,True,7194.989489999999,6619.390330799999,10353.4053892,16972.79572,0.61,1.0,0.0,1.0,0.0,1.0,0.0
1825SK,3061.0,0.0,0.0,0,0,152,0,0,0,BU03610604,WK036106,GM0361,560.0,8,0,151200.0,1.0,8,0.0,True,0.0,0.0,151200.0,151200.0,1.0,1.0,0.0,1.0,0.0,1.0,0.0
1825SL,3061.0,0.0,0.0,0,0,152,0,0,0,BU03610604,WK036106,GM0361,560.0,8,0,151200.0,1.0,8,0.0,True,0.0,0.0,151200.0,151200.0,1.0,1.0,0.0,1.0,0.0,1.0,0.0
1825SM,3061.0,0.0,1888.3,83,273448,152,0,0,0,BU03610604,WK036106,GM0361,560.0,8,1,151200.0,1.0,8,1642.0,True,7194.989489999999,6619.390330799999,10353.4053892,16972.79572,0.61,1.0,0.0,1.0,0.0,1.0,0.0
1825SN,3061.0,0.0,0.0,0,0,0,0,0,0,BU03610604,WK036106,GM0361,438.0,6,0,118260.0,1.0,6,0.0,True,0.0,0.0,118260.0,118260.0,1.0,1.0,0.0,1.0,0.0,1.0,0.0
1825SP,3061.0,0.0,0.0,0,0,139,0,0,0,BU03610604,WK036106,GM0361,473.0,11,0,127710.0,1.0,11,0.0,True,0.0,0.0,127710.0,127710.0,1.0,1.0,0.0,1.0,0.0,1.0,0.0
1825SR,2116.0,0.0,0.0,0,0,139,0,0,0,BU03610604,WK036106,GM0361,473.0,11,0,127710.0,1.0,11,0.0,True,0.0,0.0,127710.0,127710.0,1.0,1.0,0.0,1.0,0.0,1.0,0.0
1825ST,16542.0,0.0,1888.3,83,273448,0,0,0,0,BU03610604,WK036106,GM0361,13815.0,109,1,4024722.5,0.0,13,1642.0,True,7194.989489999999,6619.390330799999,970378.9558479156,976998.3461787156,0.9932247681311949,0.0,1.0,0.0,1.0,0.0,1.0
1825SV,8903.0,0.0,1888.3,83,273448,0,0,0,0,BU03610604,WK036106,GM0361,2766.0,22,1,411395.0,0.08333333333333333,12,1642.0,True,7194.989489999999,6619.390330799999,10353.4053892,16972.79572,0.61,0.08333333333333333,0.9166666666666666,0.08333333333333333,0.9166666666666666,0.08333333333333333,0.9166666666666666
1825SW,8903.0,0.0,0.0,0,0,145,0,0,0,BU03610604,WK036106,GM0361,1045.0,20,0,282150.0,1.0,20,0.0,True,0.0,0.0,282150.0,282150.0,1.0,1.0,0.0,1.0,0.0,1.0,0.0
1825SX,2137.0,0.0,0.0,0,0,0,0,0,0,BU03610604,WK036106,GM0361,872.0,20,0,235440.0,1.0,20,0.0,True,0.0,0.0,235440.0,235440.0,1.0,1.0,0.0,1.0,0.0,1.0,0.0
1825TA,2531.0,0.0,0.0,0,0,207,0,0,0,BU03610604,WK036106,GM0361,1752.0,24,0,399127.5,1.0,24,0.0,True,0.0,0.0,399127.5,399127.5,1.0,1.0,0.0,1.0,0.0,1.0,0.0
1825TB,2072.0,0.0,0.0,0,0,207,0,0,0,BU03610604,WK036106,GM0361,1898.0,26,0,458440.0,1.0,26,0.0,True,0.0,0.0,458440.0,458440.0,1.0,1.0,0.0,1.0,0.0,1.0,0.0
1825TC,0.0,0.0,1888.3,83,273448,112,0,100,0,BU03610604,WK036106,GM0361,8047.0,42,1,1408225.0,1.0,42,1642.0,True,7194.989489999999,6619.390330799999,10353.4053892,16972.79572,0.61,1.0,0.0,1.0,0.0,1.0,0.0
1825TD,0.0,0.0,0.0,0,0,17,0,0,0,BU03610604,WK036106,GM0361,780.0,26,0,136500.0,1.0,26,0.0,True,0.0,0.0,136500.0,136500.0,1.0,1.0,0.0,1.0,0.0,1.0,0.0
1825TE,0.0,0.0,0.0,0,0,17,0,0,0,BU03610604,WK036106,GM0361,810.0,27,0,141750.0,1.0,27,0.0,True,0.0,0.0,141750.0,141750.0,1.0,1.0,0.0,1.0,0.0,1.0,0.0
1825TG,0.0,0.0,0.0,0,0,17,0,0,0,BU03610604,WK036106,GM0361,810.0,27,0,141750.0,1.0,27,0.0,True,0.0,0.0,141750.0,141750.0,1.0,1.0,0.0,1.0,0.0,1.0,0.0
1825TJ,2053.0,0.0,1888.3,83,273448,339,90,0,0,BU03610604,WK036106,GM0361,3036.0,31,31,557520.0,1.0,31,1642.0,True,7194.989489999999,6619.390330799999,10353.4053892,16972.79572,0.61,1.0,0.0,1.0,0.0,1.0,0.0
1825TK,1960.0,0.0,819.9499999999999,46,7656,333,100,0,0,BU03610604,WK036106,GM0361,3280.0,34,34,602110.0,1.0,34,713.0,True,3124.255485,2874.3150462000003,4495.723533799999,7370.0385799999995,0.6099999999999999,1.0,0.0,1.0,0.0,1.0,0.0
1825TL,9672.0,0.0,1154.6,127,21671,255,50,50,25,BU03610604,WK036106,GM0361,10256.0,106,80,1213495.0,0.7303370786516854,89,1004.0,True,4399.37238,4047.4225896,6330.5840504,10378.00664,0.61,0.7303370786516854,0.2696629213483146,0.7303370786516854,0.2696629213483146,0.7303370786516854,0.2696629213483146
1826AA,1862.0,188.0,1097.1,40,1202,207,40,60,15,BU03610603,WK036106,GM0361,2012.0,23,22,499297.5,1.0,23,954.0,True,4180.280129999999,3845.8577195999997,6015.315920399999,9861.173639999999,0.61,1.0,0.0,1.0,0.0,1.0,0.0
1826AB,1928.0,52.0,944.15,47,1678,198,50,50,15,BU03610603,WK036106,GM0361,2161.0,25,25,570710.0,1.0,25,821.0,True,3597.4947449999995,3309.6951653999995,5176.7026946,8486.39786,0.61,1.0,0.0,1.0,0.0,1.0,0.0
1826AC,1517.0,0.0,756.6999999999999,30,1110,198,40,60,10,BU03610603,WK036106,GM0361,1409.0,17,17,347665.0,1.0,17,658.0,True,2883.2540099999997,2652.5936892,4148.928590799999,6801.522279999999,0.61,1.0,0.0,1.0,0.0,1.0,0.0
1826AD,2208.0,544.0,1148.85,40,1134,239,70,30,0,BU03610603,WK036106,GM0361,2324.0,23,23,597120.0,0.9583333333333334,24,999.0,True,4377.4631549999995,4027.2661025999996,6299.057237399999,10326.323339999999,0.61,0.9583333333333334,0.04166666666666663,0.9583333333333334,0.04166666666666663,0.9583333333333334,0.04166666666666663
1826AE,2955.0,997.0,1336.3,35,1472,248,100,0,0,BU03610603,WK036106,GM0361,2193.0,19,19,531722.5,0.8636363636363636,22,1162.0,True,5091.70389,4684.3675788,7326.831341200001,12011.19892,0.61,0.8636363636363636,0.13636363636363635,0.8636363636363636,0.13636363636363635,0.8636363636363636,0.13636363636363635
1826AG,2698.0,352.0,1099.3999999999999,24,642,233,90,0,0,BU03610603,WK036106,GM0361,1356.0,13,13,337430.0,1.0,13,956.0,True,4189.043819999999,3853.9203143999994,6027.9266456,9881.846959999999,0.61,1.0,0.0,1.0,0.0,1.0,0.0
1826AH,2423.0,828.0,1076.3999999999999,47,1315,237,80,0,0,BU03610603,WK036106,GM0361,2559.0,25,25,701177.5,1.0,25,936.0,True,4101.406919999999,3773.2943663999995,5901.819393599999,9675.113759999998,0.61,1.0,0.0,1.0,0.0,1.0,0.0
1826AJ,3178.0,644.0,1112.05,33,1447,0,90,0,0,BU03610603,WK036106,GM0361,1939.0,18,18,521232.5,1.0,18,967.0,True,4237.2441149999995,3898.2645857999996,6097.2856342,9995.55022,0.61,1.0,0.0,1.0,0.0,1.0,0.0
1826AK,2069.0,727.0,1031.55,32,834,237,80,0,0,BU03610603,WK036106,GM0361,1658.0,17,17,418060.0,1.0,17,897.0,True,3930.5149650000003,3616.0737678000005,5655.910252199999,9271.98402,0.61,1.0,0.0,1.0,0.0,1.0,0.0
1826AL,3142.0,586.0,1138.5,19,544,234,100,0,0,BU03610603,WK036106,GM0361,1079.0,11,11,305312.5,0.9166666666666666,12,990.0,True,4338.02655,3990.984426,6242.308973999999,10233.293399999999,0.61,0.9166666666666666,0.08333333333333337,0.9166666666666666,0.08333333333333337,0.9166666666666666,0.08333333333333337
1826AM,3715.0,1057.0,1992.9499999999998,21,1706,472,100,0,0,BU03610603,WK036106,GM0361,2390.0,15,14,598117.5,1.0,15,1733.0,True,7593.737384999999,6986.2383942,10927.1933858,17913.43178,0.61,1.0,0.0,1.0,0.0,1.0,0.0
1826AP,2073.0,378.0,1416.8,38,1411,241,70,30,0,BU03610603,WK036106,GM0361,2231.0,21,21,558645.0,1.0,21,1232.0,True,5398.43304,4966.5583968,7768.2067232,12734.76512,0.61,1.0,0.0,1.0,0.0,1.0,0.0
1826AR,2297.0,430.0,1112.05,33,1119,250,90,0,0,BU03610603,WK036106,GM0361,1836.0,17,17,476085.0,1.0,17,967.0,True,4237.2441149999995,3898.2645857999996,6097.2856342,9995.55022,0.61,1.0,0.0,1.0,0.0,1.0,0.0
1826AS,2250.0,49.0,1194.85,23,693,0,60,40,0,BU03610603,WK036106,GM0361,1283.0,12,12,304537.5,1.0,12,1039.0,True,4552.736955,4188.5179986,6551.2717414,10739.78974,0.61,1.0,0.0,1.0,0.0,1.0,0.0
1826AT,2391.0,493.0,1214.3999999999999,30,1727,322,100,0,0,BU03610603,WK036106,GM0361,1901.0,16,16,466802.5,1.0,16,1056.0,True,4627.228319999999,4257.0500544,6658.4629055999985,10915.512959999998,0.61,1.0,0.0,1.0,0.0,1.0,0.0
1826AV,2671.0,112.0,1104.0,26,1380,272,100,0,0,BU03610603,WK036106,GM0361,1500.0,14,14,376965.0,0.9333333333333333,15,960.0,True,4206.5712,3870.0455040000006,6053.148096,9923.1936,0.61,0.9333333333333333,0.06666666666666665,0.9333333333333333,0.06666666666666665,0.9333333333333333,0.06666666666666665
1826AW,2000.0,705.0,1184.5,46,2458,267,100,0,0,BU03610603,WK036106,GM0361,2623.0,24,24,743510.0,1.0,24,1030.0,True,4513.3003499999995,4152.236322,6494.523478,10646.7598,0.61,1.0,0.0,1.0,0.0,1.0,0.0
1826AX,2333.0,619.0,1137.35,29,2023,284,100,0,0,BU03610603,WK036106,GM0361,2094.0,16,16,588232.5,0.48484848484848486,33,989.0,True,4333.644704999999,3986.953128599999,6236.003611399999,10222.956739999998,0.61,0.48484848484848486,0.5151515151515151,0.48484848484848486,0.5151515151515151,0.48484848484848486,0.5151515151515151
1826AZ,2296.0,160.0,1259.25,27,1144,265,100,0,0,BU03610603,WK036106,GM0361,1877.0,15,15,536867.5,0.4166666666666667,36,1095.0,True,4798.120275,4414.2706530000005,6904.372047,11318.6427,0.61,0.4166666666666667,0.5833333333333333,0.4166666666666667,0.5833333333333333,0.4166666666666667,0.5833333333333333
1826BA,2332.0,751.0,1297.1999999999998,39,2601,294,100,0,0,BU03610603,WK036106,GM0361,2450.0,21,21,674332.5,1.0,21,1128.0,True,4942.721159999999,4547.303467199999,7112.4490128,11659.75248,0.61,1.0,0.0,1.0,0.0,1.0,0.0
1826BB,2067.0,64.0,1430.6,27,1277,268,100,0,0,BU03610603,WK036106,GM0361,1490.0,14,14,415945.0,1.0,14,1244.0,True,5451.01518,5014.9339656,7843.871074399999,12858.80504,0.61,1.0,0.0,1.0,0.0,1.0,0.0
1826BC,4340.0,114.0,1780.1999999999998,34,2247,196,0,80,10,BU03610603,WK036106,GM0361,2834.0,23,19,686067.5,0.7083333333333334,24,1548.0,True,6783.096059999999,6240.4483752,9760.701304799997,16001.149679999997,0.61,0.7083333333333334,0.29166666666666663,0.7083333333333334,0.29166666666666663,0.7083333333333334,0.29166666666666663
1826BD,2598.0,765.0,1321.35,40,2379,332,100,0,0,BU03610603,WK036106,GM0361,2845.0,22,22,750155.0,1.0,22,1149.0,True,5034.739904999999,4631.9607126,7244.861627399999,11876.822339999999,0.61,1.0,0.0,1.0,0.0,1.0,0.0
1826BE,1854.0,877.0,1243.1499999999999,32,1576,299,100,0,0,BU03610603,WK036106,GM0361,2017.0,16,16,583247.5,0.9411764705882353,17,1081.0,True,4736.774444999999,4357.8324894,6816.0969706,11173.92946,0.61,0.9411764705882353,0.05882352941176472,0.9411764705882353,0.05882352941176472,0.9411764705882353,0.05882352941176472
1826BG,2315.0,1897.0,1217.85,26,1772,267,100,0,0,BU03610603,WK036106,GM0361,1521.0,13,13,369102.5,1.0,13,1059.0,True,4640.373855,4269.1439466,6677.378993399999,10946.522939999999,0.61,1.0,0.0,1.0,0.0,1.0,0.0
1826BJ,2760.0,476.0,1296.05,17,1505,274,90,0,0,BU03610603,WK036106,GM0361,1103.0,10,10,294797.5,1.0,10,1127.0,True,4938.339315,4543.2721698000005,7106.1436502,11649.41582,0.61,1.0,0.0,1.0,0.0,1.0,0.0
1826BK,1648.0,393.0,1256.9499999999998,37,1488,237,80,0,0,BU03610603,WK036106,GM0361,2021.0,19,20,516177.5,0.95,20,1093.0,True,4789.3565849999995,4406.2080582,6891.761321799999,11297.969379999999,0.61,0.95,0.050000000000000044,0.95,0.050000000000000044,0.95,0.050000000000000044
1826BL,2967.0,242.0,1405.3,37,1366,218,0,0,0,BU03610603,WK036106,GM0361,876.0,8,6,260635.0,0.7142857142857143,7,1222.0,True,5354.614589999999,4926.2454228,7705.153097199999,12631.398519999999,0.61,0.7142857142857143,0.2857142857142857,0.7142857142857143,0.2857142857142857,0.7142857142857143,0.2857142857142857
1826BN,2967.0,242.0,1405.3,37,1366,207,60,40,5,BU03610603,WK036106,GM0361,1247.0,13,13,310907.5,1.0,13,1222.0,True,5354.614589999999,4926.2454228,7705.153097199999,12631.398519999999,0.61,1.0,0.0,1.0,0.0,1.0,0.0
1826BP,1933.0,863.0,1066.05,34,1757,268,90,0,0,BU03610603,WK036106,GM0361,2035.0,19,19,523355.0,1.0,19,927.0,True,4061.9703149999996,3737.0126898,5845.0711302,9582.08382,0.61,1.0,0.0,1.0,0.0,1.0,0.0
1826BR,3410.0,803.0,1322.5,39,1602,306,100,0,0,BU03610603,WK036106,GM0361,2699.0,22,22,766902.5,1.0,22,1150.0,True,5039.121749999999,4635.99201,7251.16699,11887.159,0.61,1.0,0.0,1.0,0.0,1.0,0.0
1826BS,3126.0,442.0,1789.3999999999999,53,3376,424,0,0,0,BU03610603,WK036106,GM0361,1001.0,7,7,202535.0,1.0,7,1556.0,True,6818.15082,6272.6987544,9811.1442056,16083.84296,0.61,1.0,0.0,1.0,0.0,1.0,0.0
1826BT,3126.0,442.0,1789.3999999999999,53,3376,279,0,0,0,BU03610603,WK036106,GM0361,821.0,7,7,208112.5,1.0,7,1556.0,True,6818.15082,6272.6987544,9811.1442056,16083.84296,0.61,1.0,0.0,1.0,0.0,1.0,0.0
1826BV,3126.0,442.0,1789.3999999999999,53,3376,226,60,40,5,BU03610603,WK036106,GM0361,2086.0,17,17,569660.0,0.9444444444444444,18,1556.0,True,6818.15082,6272.6987544,9811.1442056,16083.84296,0.61,0.9444444444444444,0.05555555555555558,0.9444444444444444,0.05555555555555558,0.9444444444444444,0.05555555555555558
1826BW,1663.0,130.0,983.2499999999999,44,1346,199,60,40,10,BU03610603,WK036106,GM0361,2098.0,25,25,456765.0,1.0,25,855.0,True,3746.477475,3446.759277,5391.085022999999,8837.844299999999,0.61,1.0,0.0,1.0,0.0,1.0,0.0
1826BX,2124.0,50.0,1064.8999999999999,34,1241,212,60,40,5,BU03610603,WK036106,GM0361,1838.0,19,19,448955.0,1.0,19,926.0,True,4057.5884699999997,3732.9813924,5838.765767599999,9571.747159999999,0.61,1.0,0.0,1.0,0.0,1.0,0.0
1826BZ,5987.0,702.0,2452.95,34,4313,0,0,0,0,BU03610603,WK036106,GM0361,2272.0,17,1,369200.0,0.0,1,2133.0,True,9346.475385,8598.757354200001,13449.338425799999,22048.09578,0.61,0.0,1.0,0.0,1.0,0.0,1.0
1826CA,5987.0,702.0,2452.95,34,4313,280,100,0,0,BU03610603,WK036106,GM0361,2214.0,18,18,623907.5,1.0,18,2133.0,True,9346.475385,8598.757354200001,13449.338425799999,22048.09578,0.61,1.0,0.0,1.0,0.0,1.0,0.0
1826CB,2889.0,321.0,1512.2499999999998,33,1704,296,90,0,0,BU03610603,WK036106,GM0361,2222.0,18,18,660242.5,1.0,18,1315.0,True,5762.1261749999985,5301.156080999999,8291.551818999998,13592.707899999998,0.61,1.0,0.0,1.0,0.0,1.0,0.0
1826CC,2745.0,216.0,1156.8999999999999,30,2668,298,100,0,0,BU03610603,WK036106,GM0361,2339.0,17,17,659512.5,1.0,17,1006.0,True,4408.13607,4055.4851843999995,6343.1947756,10398.67996,0.61,1.0,0.0,1.0,0.0,1.0,0.0
1826CD,2875.0,299.0,1345.5,41,3618,293,100,0,0,BU03610603,WK036106,GM0361,3104.0,23,23,858772.5,1.0,23,1170.0,True,5126.75865,4716.617958,7377.274242,12093.8922,0.61,1.0,0.0,1.0,0.0,1.0,0.0
1826CE,2872.0,0.0,1240.85,33,3041,283,90,0,0,BU03610603,WK036106,GM0361,2575.0,19,19,759590.0,1.0,19,1079.0,True,4728.010755,4349.7698946,6803.4862453999995,11153.25614,0.61,1.0,0.0,1.0,0.0,1.0,0.0
1826CG,2678.0,199.0,2406.95,17,11683,0,0,0,0,BU03610603,WK036106,GM0361,5451.0,42,9,1644315.0,0.6,15,2093.0,True,9171.201584999999,8437.5054582,991956.0524932286,1000393.5579514286,0.9915658138828103,0.6,0.4,0.6,0.4,0.6,0.4
1826CH,2586.0,1080.0,1321.35,29,1415,309,80,0,0,BU03610603,WK036106,GM0361,1834.0,16,16,511945.0,1.0,16,1149.0,True,5034.739904999999,4631.9607126,7244.861627399999,11876.822339999999,0.61,1.0,0.0,1.0,0.0,1.0,0.0
1826CJ,2221.0,1219.0,1375.3999999999999,38,2345,250,50,50,10,BU03610603,WK036106,GM0361,2314.0,20,20,534295.0,1.0,20,1196.0,True,5240.6866199999995,4821.4316904,7541.213669599999,12362.645359999999,0.61,1.0,0.0,1.0,0.0,1.0,0.0
1826CK,2573.0,390.0,1345.5,36,2630,258,90,0,0,BU03610603,WK036106,GM0361,2268.0,19,19,612162.5,1.0,19,1170.0,True,5126.75865,4716.617958,7377.274242,12093.8922,0.61,1.0,0.0,1.0,0.0,1.0,0.0
1826CL,2407.0,753.0,1240.85,28,2184,268,100,0,0,BU03610603,WK036106,GM0361,2171.0,17,17,579252.5,1.0,17,1079.0,True,4728.010755,4349.7698946,6803.4862453999995,11153.25614,0.61,1.0,0.0,1.0,0.0,1.0,0.0
1826CM,1861.0,745.0,969.4499999999999,40,1879,244,70,30,5,BU03610603,WK036106,GM0361,2163.0,21,21,538290.0,1.0,21,843.0,True,3693.895334999999,3398.383708199999,5315.420671799999,8713.804379999998,0.61,1.0,0.0,1.0,0.0,1.0,0.0
1826CN,2253.0,906.0,1092.5,40,1463,268,60,40,10,BU03610603,WK036106,GM0361,2484.0,23,23,626947.5,1.0,23,950.0,True,4162.75275,3829.73253,5990.094470000001,9819.827000000001,0.61,1.0,0.0,1.0,0.0,1.0,0.0
1826CP,2434.0,861.0,1135.05,42,1437,265,80,30,5,BU03610603,WK036106,GM0361,2593.0,24,24,661570.0,1.0,24,987.0,True,4324.881015,3978.8905338000004,6223.392886199999,10202.28342,0.61,1.0,0.0,1.0,0.0,1.0,0.0
1826CR,3318.0,987.0,1138.5,44,1743,280,80,20,5,BU03610603,WK036106,GM0361,2645.0,23,23,655125.0,0.9583333333333334,24,990.0,True,4338.02655,3990.984426,6242.308973999999,10233.293399999999,0.61,0.9583333333333334,0.04166666666666663,0.9583333333333334,0.04166666666666663,0.9583333333333334,0.04166666666666663
1826CS,1626.0,303.0,980.9499999999999,31,1082,199,30,70,10,BU03610603,WK036106,GM0361,1470.0,17,17,359807.5,1.0,17,853.0,True,3737.7137850000004,3438.6966822000004,5378.4742978,8817.17098,0.61,1.0,0.0,1.0,0.0,1.0,0.0
1826CT,1981.0,206.0,1018.9,34,1079,200,40,60,10,BU03610603,WK036106,GM0361,1483.0,18,18,369487.5,1.0,18,886.0,True,3882.31467,3571.7294964000002,5586.551263600001,9158.280760000001,0.61,1.0,0.0,1.0,0.0,1.0,0.0
1826CV,2028.0,263.0,1137.35,40,1499,218,70,30,5,BU03610603,WK036106,GM0361,2079.0,23,23,535740.0,1.0,23,989.0,True,4333.644704999999,3986.953128599999,6236.003611399999,10222.956739999998,0.61,1.0,0.0,1.0,0.0,1.0,0.0
1826CW,2126.0,0.0,1127.0,31,941,216,0,80,15,BU03610603,WK036106,GM0361,1701.0,18,18,412037.5,1.0,18,980.0,True,4294.208099999999,3950.6714519999996,6179.255348,10129.9268,0.61,1.0,0.0,1.0,0.0,1.0,0.0
1826CX,1452.0,0.0,1070.6499999999999,44,1311,194,0,0,0,BU03610603,WK036106,GM0361,2218.0,24,24,513660.0,1.0,24,931.0,True,4079.497695,3753.1378794,5870.292580599999,9623.43046,0.61,1.0,0.0,1.0,0.0,1.0,0.0
1826CZ,1053.0,0.0,818.8,30,247,143,0,0,0,BU03610603,WK036106,GM0361,784.0,16,16,152880.0,1.0,16,712.0,True,3119.8736399999993,2870.2837487999996,4489.4181712,7359.7019199999995,0.61,1.0,0.0,1.0,0.0,1.0,0.0
1826DA,2191.0,297.0,1283.3999999999999,41,1250,196,50,50,10,BU03610603,WK036106,GM0361,2184.0,24,24,528187.5,1.0,24,1116.0,True,4890.139019999999,4498.927898399999,7036.784661599999,11535.712559999998,0.61,1.0,0.0,1.0,0.0,1.0,0.0
1826DB,1965.0,142.0,1101.6999999999998,41,1196,0,0,0,0,BU03610603,WK036106,GM0361,863.0,9,9,195337.5,1.0,9,958.0,True,4197.80751,3861.9829092,6040.537370799999,9902.520279999999,0.61,1.0,0.0,1.0,0.0,1.0,0.0
1826DC,1965.0,142.0,1101.6999999999998,41,1196,201,50,50,5,BU03610603,WK036106,GM0361,1150.0,13,13,278067.5,1.0,13,958.0,True,4197.80751,3861.9829092,6040.537370799999,9902.520279999999,0.61,1.0,0.0,1.0,0.0,1.0,0.0
1826DD,2807.0,250.0,986.6999999999999,38,1080,205,30,70,15,BU03610603,WK036106,GM0361,2001.0,21,22,465917.5,0.9545454545454546,22,858.0,True,3759.6230099999993,3458.8531691999997,5410.0011108,8868.85428,0.61,0.9545454545454546,0.045454545454545414,0.9545454545454546,0.045454545454545414,0.9545454545454546,0.045454545454545414
1826DE,2823.0,224.0,1386.8999999999999,27,1850,218,80,0,0,BU03610603,WK036106,GM0361,1666.0,14,14,443572.5,1.0,14,1206.0,True,5284.505069999999,4861.744664399999,7604.267295599999,12466.011959999998,0.61,1.0,0.0,1.0,0.0,1.0,0.0
1826DG,1398.0,0.0,818.8,39,690,197,70,30,5,BU03610603,WK036106,GM0361,1637.0,21,21,362052.5,1.0,21,712.0,True,3119.8736399999993,2870.2837487999996,4489.4181712,7359.7019199999995,0.61,1.0,0.0,1.0,0.0,1.0,0.0
1826DJ,0.0,0.0,1228.1999999999998,32,1813,190,0,0,0,BU03610603,WK036106,GM0361,2148.0,20,19,503320.0,0.9523809523809523,21,1068.0,True,4679.810459999999,4305.425623199999,6734.127256799999,11039.552879999997,0.61,0.9523809523809523,0.04761904761904767,0.9523809523809523,0.04761904761904767,0.9523809523809523,0.04761904761904767
1826DK,1330.0,70.0,785.4499999999999,36,915,187,30,70,10,BU03610603,WK036106,GM0361,1667.0,20,20,385650.0,1.0,20,683.0,True,2992.800135,2753.3761242,4306.562655799999,7059.9387799999995,0.61,1.0,0.0,1.0,0.0,1.0,0.0
1826DL,1508.0,84.0,1045.35,44,1250,191,50,50,15,BU03610603,WK036106,GM0361,2124.0,26,26,465490.0,1.0,26,909.0,True,3983.0971049999994,3664.4493365999997,5731.574603399999,9396.02394,0.61,1.0,0.0,1.0,0.0,1.0,0.0
1826DM,2498.0,227.0,1642.1999999999998,50,3258,209,70,30,5,BU03610603,WK036106,GM0361,4640.0,40,26,1276385.0,0.8518518518518519,27,1428.0,True,6257.27466,5756.6926872,9004.057792799998,14760.750479999999,0.61,0.8518518518518519,0.14814814814814814,0.8518518518518519,0.14814814814814814,0.8518518518518519,0.14814814814814814
1826DN,1783.0,281.0,1025.8,89,5116,174,10,90,45,BU03610603,WK036106,GM0361,5264.0,63,53,1043037.5,0.9811320754716981,53,892.0,True,3908.605739999999,3595.9172807999994,5624.3834392,9220.30072,0.61,0.9811320754716981,0.018867924528301883,0.9811320754716981,0.018867924528301883,0.9811320754716981,0.018867924528301883
1826DP,2540.0,81.0,1275.35,31,1620,206,40,60,10,BU03610603,WK036106,GM0361,1898.0,17,17,448595.0,1.0,17,1109.0,True,4859.466105,4470.7088166,6992.647123399999,11463.35594,0.61,1.0,0.0,1.0,0.0,1.0,0.0
1826DR,2172.0,290.0,1424.85,44,3054,225,70,30,10,BU03610603,WK036106,GM0361,2887.0,24,24,720917.5,1.0,24,1239.0,True,5429.105955,4994.7774786,7812.344261399999,12807.121739999999,0.61,1.0,0.0,1.0,0.0,1.0,0.0
1826DS,2732.0,0.0,1481.1999999999998,28,1813,219,50,50,5,BU03610603,WK036106,GM0361,1723.0,15,15,427837.5,1.0,15,1288.0,True,5643.816359999999,5192.311051199999,8121.307028799999,13313.618079999998,0.61,1.0,0.0,1.0,0.0,1.0,0.0
1826DT,2487.0,1383.0,1492.6999999999998,48,4203,346,100,0,0,BU03610603,WK036106,GM0361,3806.0,28,27,878987.5,0.9642857142857143,28,1298.0,True,5687.63481,5232.6240252,8184.3606548,13416.98468,0.61,0.9642857142857143,0.0357142857142857,0.9642857142857143,0.0357142857142857,0.9642857142857143,0.0357142857142857
1826DV,2944.0,396.0,1501.8999999999999,19,1412,316,100,0,0,BU03610603,WK036106,GM0361,1300.0,10,10,346260.0,1.0,10,1306.0,True,5722.68957,5264.8744044,8234.8035556,13499.677959999999,0.61,1.0,0.0,1.0,0.0,1.0,0.0
1826DW,2468.0,949.0,1076.3999999999999,46,1992,286,100,0,0,BU03610603,WK036106,GM0361,2831.0,24,24,782602.5,1.0,24,936.0,True,4101.406919999999,3773.2943663999995,5901.819393599999,9675.113759999998,0.61,1.0,0.0,1.0,0.0,1.0,0.0
1826DX,1831.0,262.0,838.3499999999999,31,950,224,90,0,0,BU03610603,WK036106,GM0361,1437.0,16,16,398527.5,1.0,16,729.0,True,3194.3650049999997,2938.8158046,4596.609335399999,7535.4251399999985,0.61,1.0,0.0,1.0,0.0,1.0,0.0
1826DZ,2056.0,1847.0,1107.4499999999998,41,1296,254,90,0,0,BU03610603,WK036106,GM0361,2362.0,21,21,659442.5,1.0,21,963.0,True,4219.716735,3882.1393962,6072.064183799999,9954.20358,0.61,1.0,0.0,1.0,0.0,1.0,0.0
1826EA,2400.0,355.0,1063.75,37,1227,0,100,0,0,BU03610603,WK036106,GM0361,1807.0,20,20,452227.5,1.0,20,925.0,True,4053.206625,3728.950095,5832.460405,9561.4105,0.61,1.0,0.0,1.0,0.0,1.0,0.0
1826EB,2073.0,662.0,913.0999999999999,38,1242,0,100,0,0,BU03610603,WK036106,GM0361,1816.0,20,20,485687.5,1.0,20,794.0,True,3479.1849299999994,3200.8501355999997,5006.4579044,8207.30804,0.61,1.0,0.0,1.0,0.0,1.0,0.0
1826EC,2245.0,315.0,954.4999999999999,19,765,227,100,0,0,BU03610603,WK036106,GM0361,1118.0,12,12,281695.0,1.0,12,830.0,True,3636.93135,3345.976842,5233.450957999999,8579.4278,0.61,1.0,0.0,1.0,0.0,1.0,0.0
1826ED,1809.0,36.0,1099.3999999999999,28,1422,179,0,80,10,BU03610603,WK036106,GM0361,1480.0,16,16,313550.0,1.0,16,956.0,True,4189.043819999999,3853.9203143999994,6027.9266456,9881.846959999999,0.61,1.0,0.0,1.0,0.0,1.0,0.0
1826EE,3502.0,576.0,1351.25,40,2479,237,60,40,10,BU03610603,WK036106,GM0361,2708.0,23,23,628855.0,1.0,23,1175.0,True,5148.667875000001,4736.774445000001,7408.801055,12145.5755,0.61,1.0,0.0,1.0,0.0,1.0,0.0
1826EG,2493.0,520.0,967.15,33,1856,285,90,0,0,BU03610603,WK036106,GM0361,2203.0,18,18,610870.0,1.0,18,841.0,True,3685.131645,3390.3211134000003,5302.809946599999,8693.13106,0.61,1.0,0.0,1.0,0.0,1.0,0.0
1826EH,2603.0,1294.0,1101.6999999999998,41,2086,286,90,0,0,BU03610603,WK036106,GM0361,2525.0,21,21,732845.0,1.0,21,958.0,True,4197.80751,3861.9829092,6040.537370799999,9902.520279999999,0.61,1.0,0.0,1.0,0.0,1.0,0.0
1826EJ,2949.0,672.0,1066.05,36,1462,275,100,0,0,BU03610603,WK036106,GM0361,2168.0,19,19,585175.0,1.0,19,927.0,True,4061.9703149999996,3737.0126898,5845.0711302,9582.08382,0.61,1.0,0.0,1.0,0.0,1.0,0.0
1826GB,2863.0,889.0,1106.3,80,3394,306,100,0,0,BU03610602,WK036106,GM0361,5383.0,44,44,1441195.0,1.0,44,962.0,True,4215.33489,3878.1080988000003,6065.7588212,9943.86692,0.61,1.0,0.0,1.0,0.0,1.0,0.0
1826GC,3168.0,605.0,1324.8,21,1430,0,100,0,0,BU03610602,WK036106,GM0361,1497.0,13,13,426095.0,1.0,13,1152.0,True,5047.885439999999,4644.0546048,7263.7777152,11907.83232,0.61,1.0,0.0,1.0,0.0,1.0,0.0
1826GD,3119.0,387.0,1102.85,27,1550,0,100,0,0,BU03610602,WK036106,GM0361,1748.0,15,15,461260.0,1.0,15,959.0,True,4202.1893549999995,3866.0142066,6046.8427334,9912.85694,0.61,1.0,0.0,1.0,0.0,1.0,0.0
1826GE,2390.0,601.0,1064.8999999999999,30,1333,284,90,0,0,BU03610602,WK036106,GM0361,1806.0,16,16,504580.0,1.0,16,926.0,True,4057.5884699999997,3732.9813924,5838.765767599999,9571.747159999999,0.61,1.0,0.0,1.0,0.0,1.0,0.0
1826GG,3133.0,849.0,1010.8499999999999,30,1792,0,100,0,0,BU03610602,WK036106,GM0361,1833.0,16,16,519385.0,0.9411764705882353,17,879.0,True,3851.641754999999,3543.5104145999994,5542.4137254,9085.92414,0.61,0.9411764705882353,0.05882352941176472,0.9411764705882353,0.05882352941176472,0.9411764705882353,0.05882352941176472
1826GH,2785.0,2037.0,1047.6499999999999,21,1595,359,100,0,0,BU03610602,WK036106,GM0361,1709.0,12,12,373885.0,1.0,12,911.0,True,3991.860794999999,3672.5119313999994,5744.185328599998,9416.697259999997,0.61,1.0,0.0,1.0,0.0,1.0,0.0
1826GJ,2396.0,674.0,1199.4499999999998,28,1956,285,100,0,0,BU03610602,WK036106,GM0361,1880.0,16,16,501972.5,0.8888888888888888,18,1043.0,True,4570.264335,4204.6431882,6576.4931918,10781.13638,0.61,0.8888888888888888,0.11111111111111116,0.8888888888888888,0.11111111111111116,0.8888888888888888,0.11111111111111116
1826GK,2668.0,659.0,969.4499999999999,42,2772,278,100,0,0,BU03610602,WK036106,GM0361,2634.0,23,23,676607.5,1.0,23,843.0,True,3693.895334999999,3398.383708199999,5315.420671799999,8713.804379999998,0.61,1.0,0.0,1.0,0.0,1.0,0.0
1826GL,2715.0,951.0,1116.6499999999999,22,1037,342,100,0,0,BU03610602,WK036106,GM0361,1485.0,11,12,343145.0,0.9166666666666666,12,971.0,True,4254.771495,3914.3897754,6122.507084599999,10036.896859999999,0.61,0.9166666666666666,0.08333333333333337,0.9166666666666666,0.08333333333333337,0.9166666666666666,0.08333333333333337
1826GM,2779.0,530.0,1132.75,27,1175,286,100,0,0,BU03610602,WK036106,GM0361,1635.0,14,14,422260.0,0.9333333333333333,15,985.0,True,4316.117324999999,3970.827939,6210.782161,10181.6101,0.61,0.9333333333333333,0.06666666666666665,0.9333333333333333,0.06666666666666665,0.9333333333333333,0.06666666666666665
1826GN,2404.0,412.0,902.7499999999999,36,1460,279,100,0,0,BU03610602,WK036106,GM0361,2286.0,20,20,617215.0,1.0,20,785.0,True,3439.748324999999,3164.568458999999,4949.7096409999995,8114.278099999999,0.61,1.0,0.0,1.0,0.0,1.0,0.0
1826GP,3429.0,732.0,952.1999999999999,33,3547,292,100,0,0,BU03610602,WK036106,GM0361,4291.0,35,17,1258782.5,0.9444444444444444,18,828.0,True,3628.16766,3337.9142472000003,77151.26880422859,80489.18305142858,0.9585296542882386,0.9444444444444444,0.05555555555555558,0.9444444444444444,0.05555555555555558,0.9444444444444444,0.05555555555555558
1826GS,3020.0,2150.0,1439.8,41,2834,467,0,0,0,BU03610602,WK036106,GM0361,1127.0,7,6,247940.0,1.0,7,1252.0,True,5486.069939999999,5047.1843448,7894.313975200001,12941.49832,0.61,1.0,0.0,1.0,0.0,1.0,0.0
1826GT,3020.0,2150.0,1439.8,41,2834,446,100,0,0,BU03610602,WK036106,GM0361,2442.0,15,15,488200.0,1.0,15,1252.0,True,5486.069939999999,5047.1843448,7894.313975200001,12941.49832,0.61,1.0,0.0,1.0,0.0,1.0,0.0
1826HA,2620.0,401.0,1398.3999999999999,31,2164,216,60,40,5,BU03610602,WK036106,GM0361,1425.0,17,18,394235.0,1.0,17,1216.0,True,5328.323519999999,4902.0576384,7667.3209216,12569.37856,0.61,1.0,0.0,1.0,0.0,1.0,0.0
1826HB,1389.0,983.0,632.5,25,1504,201,0,80,15,BU03610602,WK036106,GM0361,1387.0,16,16,251262.5,1.0,16,550.0,True,2410.01475,2217.21357,3467.9494299999997,5685.163,0.61,1.0,0.0,1.0,0.0,1.0,0.0
1826HC,1932.0,820.0,1186.8,18,738,218,0,60,5,BU03610602,WK036106,GM0361,988.0,10,10,225247.5,1.0,10,1032.0,True,4522.06404,4160.2989168,6507.134203199999,10667.43312,0.61,1.0,0.0,1.0,0.0,1.0,0.0
1826HD,1821.0,0.0,810.7499999999999,37,2862,219,80,0,0,BU03610602,WK036106,GM0361,1686.0,20,20,451030.0,1.0,20,705.0,True,3089.2007249999997,2842.0646669999996,4445.280632999999,7287.345299999999,0.61,1.0,0.0,1.0,0.0,1.0,0.0
1826HE,2839.0,463.0,1279.9499999999998,45,1624,226,60,40,5,BU03610602,WK036106,GM0361,2558.0,24,23,626680.0,1.0,24,1113.0,True,4876.993484999998,4486.834006199999,7017.868573799999,11504.702579999997,0.61,1.0,0.0,1.0,0.0,1.0,0.0
1826HG,1964.0,789.0,1215.55,59,2555,219,0,0,0,BU03610602,WK036106,GM0361,700.0,8,8,186520.0,0.8,10,1057.0,True,4631.610164999999,4261.0813517999995,6664.7682681999995,10925.849619999999,0.61,0.8,0.19999999999999996,0.8,0.19999999999999996,0.8,0.19999999999999996
1826HH,1964.0,789.0,1215.55,59,2555,233,50,50,10,BU03610602,WK036106,GM0361,2588.0,25,25,571110.0,1.0,25,1057.0,True,4631.610164999999,4261.0813517999995,6664.7682681999995,10925.849619999999,0.61,1.0,0.0,1.0,0.0,1.0,0.0
1826HJ,2625.0,0.0,979.8,39,1539,210,80,20,0,BU03610602,WK036106,GM0361,1859.0,22,20,470045.0,0.9545454545454546,22,852.0,True,3733.3319400000005,3434.6653848000005,5372.168935199999,8806.83432,0.61,0.9545454545454546,0.045454545454545414,0.9545454545454546,0.045454545454545414,0.9545454545454546,0.045454545454545414
1826HK,2359.0,442.0,985.55,42,1601,248,90,0,0,BU03610602,WK036106,GM0361,2547.0,23,23,693447.5,1.0,23,857.0,True,3755.2411649999995,3454.8218718,5403.695748199999,8858.517619999999,0.61,1.0,0.0,1.0,0.0,1.0,0.0
1826HL,1723.0,496.0,1024.6499999999999,24,911,244,80,0,0,BU03610602,WK036106,GM0361,1376.0,13,13,363302.5,0.8666666666666667,15,891.0,True,3904.223894999999,3591.8859833999995,5618.078076599999,9209.964059999998,0.61,0.8666666666666667,0.1333333333333333,0.8666666666666667,0.1333333333333333,0.8666666666666667,0.1333333333333333
1826HM,1999.0,447.0,1121.25,31,1877,260,60,40,0,BU03610602,WK036106,GM0361,1834.0,16,16,557617.5,1.0,16,975.0,True,4272.298875,3930.5149650000003,6147.728535,10078.2435,0.61,1.0,0.0,1.0,0.0,1.0,0.0
1826HN,2248.0,1077.0,1389.1999999999998,29,1597,251,70,30,5,BU03610602,WK036106,GM0361,1717.0,16,16,394967.5,1.0,16,1208.0,True,5293.268759999999,4869.807259199999,7616.878020799999,12486.685279999998,0.61,1.0,0.0,1.0,0.0,1.0,0.0
1826HP,1894.0,950.0,1173.0,40,1295,208,0,0,0,BU03610602,WK036106,GM0361,2096.0,22,22,284265.0,1.0,22,1020.0,True,4469.4819,4111.923348,6431.469852,10543.3932,0.61,1.0,0.0,1.0,0.0,1.0,0.0
1826HR,1398.0,1324.0,1021.1999999999999,18,585,195,0,0,0,BU03610602,WK036106,GM0361,850.0,10,10,124397.5,1.0,10,888.0,True,3891.07836,3579.7920912,5599.1619888,9178.95408,0.61,1.0,0.0,1.0,0.0,1.0,0.0
1826HS,2866.0,632.0,1062.6,38,1602,172,30,70,15,BU03610602,WK036106,GM0361,1417.0,22,23,358795.0,1.0,22,924.0,True,4048.824779999999,3724.9187975999994,5826.1550424,9551.07384,0.61,1.0,0.0,1.0,0.0,1.0,0.0
1826HT,1513.0,898.0,1189.1,34,968,0,0,0,0,BU03610602,WK036106,GM0361,1921.0,18,18,281997.5,1.0,18,1034.0,True,4530.827729999999,4168.361511599999,6519.744928399999,10688.106439999998,0.61,1.0,0.0,1.0,0.0,1.0,0.0
1826HV,1908.0,816.0,1117.8,45,1732,235,30,70,15,BU03610602,WK036106,GM0361,2493.0,23,23,462030.0,1.0,23,972.0,True,4259.15334,3918.4210728,6128.8124472,10047.23352,0.61,1.0,0.0,1.0,0.0,1.0,0.0
1826HW,1802.0,128.0,690.0,136,5629,259,50,50,0,BU03610602,WK036106,GM0361,7409.0,82,82,1317352.5,0.7735849056603774,106,600.0,True,2629.1069999999995,2418.7784399999996,3783.2175599999996,6201.995999999999,0.61,0.7735849056603774,0.2264150943396226,0.7735849056603774,0.2264150943396226,0.7735849056603774,0.2264150943396226
1826HX,1087.0,1168.0,829.15,28,971,190,0,0,0,BU03610602,WK036106,GM0361,1064.0,14,14,140980.0,1.0,14,721.0,True,3159.310245,2906.5654254,4546.1664346,7452.73186,0.61,1.0,0.0,1.0,0.0,1.0,0.0
1826HZ,1476.0,874.0,838.3499999999999,21,833,186,0,0,0,BU03610602,WK036106,GM0361,938.0,12,12,130915.0,1.0,12,729.0,True,3194.3650049999997,2938.8158046,4596.609335399999,7535.4251399999985,0.61,1.0,0.0,1.0,0.0,1.0,0.0
1826JA,1713.0,873.0,1170.6999999999998,42,1391,211,0,0,0,BU03610602,WK036106,GM0361,2327.0,23,23,354570.0,1.0,23,1018.0,True,4460.718209999999,4103.8607532,6418.859126799999,10522.719879999999,0.61,1.0,0.0,1.0,0.0,1.0,0.0
1826JB,2234.0,305.0,1015.4499999999999,22,835,182,80,0,0,BU03610602,WK036106,GM0361,1296.0,17,13,341450.0,1.0,17,883.0,True,3869.1691349999996,3559.6356041999998,5567.635175799999,9127.270779999999,0.61,1.0,0.0,1.0,0.0,1.0,0.0
1826JC,2209.0,425.0,1099.3999999999999,34,1756,286,90,0,0,BU03610602,WK036106,GM0361,2175.0,16,16,577975.0,1.0,16,956.0,True,4189.043819999999,3853.9203143999994,6027.9266456,9881.846959999999,0.61,1.0,0.0,1.0,0.0,1.0,0.0
1826JD,3138.0,479.0,975.1999999999999,32,1339,247,80,0,0,BU03610602,WK036106,GM0361,1659.0,16,16,478890.0,1.0,16,848.0,True,3715.80456,3418.5401952,5346.9474848,8765.48768,0.61,1.0,0.0,1.0,0.0,1.0,0.0
1826JE,2442.0,1199.0,948.7499999999999,26,1178,271,90,0,0,BU03610602,WK036106,GM0361,1690.0,15,15,404757.5,0.9333333333333333,15,825.0,True,3615.0221249999995,3325.820355,5201.924144999999,8527.744499999999,0.61,0.9333333333333333,0.06666666666666665,0.9333333333333333,0.06666666666666665,0.9333333333333333,0.06666666666666665
1826JG,1986.0,290.0,827.9999999999999,42,1542,280,100,0,0,BU03610602,WK036106,GM0361,2303.0,20,19,642800.0,1.0,20,720.0,True,3154.9283999999993,2902.5341279999993,4539.861072,7442.395199999999,0.61,1.0,0.0,1.0,0.0,1.0,0.0
1826JH,2777.0,746.0,945.3,28,1392,235,80,0,0,BU03610602,WK036106,GM0361,1600.0,16,16,415415.0,1.0,16,822.0,True,3601.876589999999,3313.7264627999994,5183.008057199999,8496.734519999998,0.61,1.0,0.0,1.0,0.0,1.0,0.0
1826JJ,2518.0,203.0,1117.8,31,1124,261,90,0,0,BU03610602,WK036106,GM0361,1582.0,16,16,449845.0,1.0,16,972.0,True,4259.15334,3918.4210728,6128.8124472,10047.23352,0.61,1.0,0.0,1.0,0.0,1.0,0.0
1826JK,1567.0,478.0,638.25,82,1816,170,30,70,30,BU03610602,WK036106,GM0361,2445.0,41,41,620910.0,0.9761904761904762,42,555.0,True,2431.923975,2237.370057,3499.476243,5736.8463,0.61,0.9761904761904762,0.023809523809523836,0.9761904761904762,0.023809523809523836,0.9761904761904762,0.023809523809523836
1826JL,2082.0,1504.0,1110.8999999999999,21,1057,0,90,0,0,BU03610602,WK036106,GM0361,1307.0,12,12,340737.5,1.0,12,966.0,True,4232.86227,3894.2332883999998,6090.980271599999,9985.213559999998,0.61,1.0,0.0,1.0,0.0,1.0,0.0
1826JM,3572.0,1045.0,868.2499999999999,20,730,0,100,0,0,BU03610602,WK036106,GM0361,1206.0,11,11,337805.0,0.9166666666666666,12,755.0,True,3308.292975,3043.629537,4760.548762999999,7804.178299999999,0.61,0.9166666666666666,0.08333333333333337,0.9166666666666666,0.08333333333333337,0.9166666666666666,0.08333333333333337
1826JN,2176.0,815.0,1064.8999999999999,21,564,224,50,50,0,BU03610602,WK036106,GM0361,1075.0,11,11,259575.0,0.8461538461538461,13,926.0,True,4057.5884699999997,3732.9813924,5838.765767599999,9571.747159999999,0.61,0.8461538461538461,0.15384615384615385,0.8461538461538461,0.15384615384615385,0.8461538461538461,0.15384615384615385
1826JP,2213.0,478.0,1179.8999999999999,30,708,233,80,0,0,BU03610602,WK036106,GM0361,1555.0,15,15,377612.5,1.0,15,1026.0,True,4495.772969999999,4136.111132399999,6469.302027599999,10605.413159999998,0.61,1.0,0.0,1.0,0.0,1.0,0.0
1826JR,2534.0,220.0,1022.3499999999999,31,983,213,60,40,5,BU03610602,WK036106,GM0361,1515.0,16,16,403887.5,0.8,20,889.0,True,3895.4602049999994,3583.8233886,5605.467351399999,9189.290739999999,0.61,0.8,0.19999999999999996,0.8,0.19999999999999996,0.8,0.19999999999999996
1826JS,2277.0,180.0,1063.75,25,749,243,80,0,0,BU03610602,WK036106,GM0361,1309.0,13,13,352392.5,1.0,13,925.0,True,4053.206625,3728.950095,5832.460405,9561.4105,0.61,1.0,0.0,1.0,0.0,1.0,0.0
1826JT,2415.0,680.0,1010.8499999999999,86,2886,249,90,10,5,BU03610602,WK036106,GM0361,4559.0,47,47,956292.5,0.9215686274509803,51,879.0,True,3851.641754999999,3543.5104145999994,5542.4137254,9085.92414,0.61,0.9215686274509803,0.07843137254901966,0.9215686274509803,0.07843137254901966,0.9215686274509803,0.07843137254901966
1826JV,3080.0,622.0,976.3499999999999,43,2498,271,100,0,0,BU03610602,WK036106,GM0361,2570.0,23,23,713825.0,0.9583333333333334,24,849.0,True,3720.186405,3422.5714926,5353.252847399999,8775.82434,0.61,0.9583333333333334,0.04166666666666663,0.9583333333333334,0.04166666666666663,0.9583333333333334,0.04166666666666663
1826JW,2163.0,797.0,1122.3999999999999,37,1358,254,90,0,0,BU03610602,WK036106,GM0361,2159.0,20,20,570240.0,1.0,20,976.0,True,4276.68072,3934.5462624,6154.033897599999,10088.58016,0.61,1.0,0.0,1.0,0.0,1.0,0.0
1826JX,2932.0,516.0,1256.9499999999998,42,1903,249,90,0,0,BU03610602,WK036106,GM0361,2497.0,22,21,663222.5,1.0,22,1093.0,True,4789.3565849999995,4406.2080582,6891.761321799999,11297.969379999999,0.61,1.0,0.0,1.0,0.0,1.0,0.0
1826JZ,2133.0,801.0,1069.5,36,1844,253,100,0,0,BU03610602,WK036106,GM0361,1965.0,19,19,547010.0,1.0,19,930.0,True,4075.11585,3749.1065820000003,5863.987218,9613.0938,0.61,1.0,0.0,1.0,0.0,1.0,0.0
1826KA,2531.0,703.0,1071.8,41,1411,258,90,0,0,BU03610602,WK036106,GM0361,2350.0,22,22,621192.5,1.0,22,932.0,True,4083.879539999999,3757.169176799999,5876.5979431999995,9633.767119999999,0.61,1.0,0.0,1.0,0.0,1.0,0.0
1826KB,2335.0,1059.0,880.9,34,1280,273,100,0,0,BU03610602,WK036106,GM0361,2098.0,18,18,535810.0,0.75,24,766.0,True,3356.49327,3087.9738084,4829.907751600001,7917.881560000001,0.61,0.75,0.25,0.75,0.25,0.75,0.25
1826KC,1960.0,667.0,861.3499999999999,24,867,0,90,0,0,BU03610602,WK036106,GM0361,1201.0,14,14,316560.0,1.0,14,749.0,True,3282.0019049999996,3019.4417525999997,4722.7165874,7742.15834,0.61,1.0,0.0,1.0,0.0,1.0,0.0
1826KD,2497.0,852.0,1133.8999999999999,33,1228,0,90,0,0,BU03610602,WK036106,GM0361,1898.0,18,18,537625.0,1.0,18,986.0,True,4320.499169999999,3974.8592363999996,6217.087523599999,10191.946759999999,0.61,1.0,0.0,1.0,0.0,1.0,0.0
1826KE,2275.0,353.0,1037.3,33,1898,246,80,0,0,BU03610602,WK036106,GM0361,1705.0,18,17,459465.0,1.0,18,902.0,True,3952.4241899999997,3636.2302548,5687.437065199999,9323.667319999999,0.61,1.0,0.0,1.0,0.0,1.0,0.0
1826KG,3542.0,391.0,1208.6499999999999,33,1148,0,70,30,0,BU03610602,WK036106,GM0361,1930.0,18,18,505070.0,0.9473684210526315,19,1051.0,True,4605.319094999999,4236.8935673999995,6626.9360926,10863.82966,0.61,0.9473684210526315,0.052631578947368474,0.9473684210526315,0.052631578947368474,0.9473684210526315,0.052631578947368474
1826KH,3426.0,885.0,1156.8999999999999,36,2536,271,80,0,0,BU03610602,WK036106,GM0361,2493.0,20,20,623432.5,1.0,20,1006.0,True,4408.13607,4055.4851843999995,6343.1947756,10398.67996,0.61,1.0,0.0,1.0,0.0,1.0,0.0
1826KJ,1687.0,84.0,754.4,67,5171,177,20,80,30,BU03610602,WK036106,GM0361,2552.0,39,39,514925.0,0.9069767441860465,43,656.0,True,2874.4903200000003,2644.5310944000003,4136.317865599999,6780.848959999999,0.6099999999999999,0.9069767441860465,0.09302325581395354,0.9069767441860465,0.09302325581395354,0.9069767441860465,0.09302325581395354
1826KK,2823.0,718.0,1072.9499999999998,80,3611,270,90,0,0,BU03610602,WK036106,GM0361,4582.0,42,42,1131257.5,1.0,42,933.0,True,4088.261384999999,3761.200474199999,5882.903305799999,9644.103779999998,0.61,1.0,0.0,1.0,0.0,1.0,0.0
1826KL,2332.0,716.0,2510.45,50,5668,163,0,100,0,BU03610602,WK036106,GM0361,10422.0,130,26,1341600.0,0.9734513274336283,113,2183.0,True,9565.567635,8800.3222242,839364.6065558,848164.92878,0.9896242795173594,0.9734513274336283,0.026548672566371723,0.9734513274336283,0.026548672566371723,0.9734513274336283,0.026548672566371723
1826KM,2566.0,1116.0,954.4999999999999,32,1742,237,70,30,0,BU03610602,WK036106,GM0361,2032.0,18,16,558665.0,0.6923076923076923,26,830.0,True,3636.93135,3345.976842,5233.450957999999,8579.4278,0.61,0.6923076923076923,0.3076923076923077,0.6923076923076923,0.3076923076923077,0.6923076923076923,0.3076923076923077
1826KN,2167.0,1653.0,986.6999999999999,28,1999,292,90,0,0,BU03610602,WK036106,GM0361,1788.0,14,14,474492.5,1.0,14,858.0,True,3759.6230099999993,3458.8531691999997,5410.0011108,8868.85428,0.61,1.0,0.0,1.0,0.0,1.0,0.0
1826KP,2346.0,562.0,1155.75,29,2099,275,100,0,0,BU03610602,WK036106,GM0361,1930.0,16,16,526172.5,1.0,16,1005.0,True,4403.754225000001,4051.4538870000006,6336.889413,10388.3433,0.61,1.0,0.0,1.0,0.0,1.0,0.0
1826KR,1787.0,472.0,1067.1999999999998,27,1406,225,90,0,0,BU03610602,WK036106,GM0361,1478.0,16,16,375427.5,0.8888888888888888,18,928.0,True,4066.3521599999995,3741.0439871999997,5851.376492799999,9592.420479999999,0.61,0.8888888888888888,0.11111111111111116,0.8888888888888888,0.11111111111111116,0.8888888888888888,0.11111111111111116
1826KS,1821.0,725.0,1077.55,28,1077,216,70,0,0,BU03610602,WK036106,GM0361,1309.0,15,15,332967.5,0.7142857142857143,21,937.0,True,4105.788765,3777.3256638000003,5908.124756199999,9685.45042,0.61,0.7142857142857143,0.2857142857142857,0.7142857142857143,0.2857142857142857,0.7142857142857143,0.2857142857142857
1826KT,3771.0,721.0,1092.5,22,935,210,60,0,0,BU03610602,WK036106,GM0361,995.0,11,11,250365.0,0.6875,16,950.0,True,4162.75275,3829.73253,5990.094470000001,9819.827000000001,0.61,0.6875,0.3125,0.6875,0.3125,0.6875,0.3125
1826KV,1669.0,306.0,1052.25,23,936,222,50,50,5,BU03610602,WK036106,GM0361,1263.0,13,13,324077.5,0.7647058823529411,17,915.0,True,4009.3881750000005,3688.6371210000007,5769.406779,9458.0439,0.61,0.7647058823529411,0.23529411764705888,0.7647058823529411,0.23529411764705888,0.7647058823529411,0.23529411764705888
1826KW,2153.0,257.0,1179.8999999999999,27,1024,226,70,0,0,BU03610602,WK036106,GM0361,1468.0,15,15,386152.5,0.7894736842105263,19,1026.0,True,4495.772969999999,4136.111132399999,6469.302027599999,10605.413159999998,0.61,0.7894736842105263,0.21052631578947367,0.7894736842105263,0.21052631578947367,0.7894736842105263,0.21052631578947367
1826KX,2176.0,969.0,960.2499999999999,37,4445,235,70,30,5,BU03610602,WK036106,GM0361,1889.0,19,19,482270.0,0.9047619047619048,21,835.0,True,3658.8405749999993,3366.1333289999993,5264.977770999999,8631.111099999998,0.61,0.9047619047619048,0.09523809523809523,0.9047619047619048,0.09523809523809523,0.9047619047619048,0.09523809523809523
1826KZ,2085.0,669.0,1052.25,39,1501,238,90,0,0,BU03610602,WK036106,GM0361,2305.0,23,21,614545.0,0.92,25,915.0,True,4009.3881750000005,3688.6371210000007,5769.406779,9458.0439,0.61,0.92,0.07999999999999996,0.92,0.07999999999999996,0.92,0.07999999999999996
1827AA,0.0,0.0,1015.4499999999999,28,1284,270,50,50,0,BU03610701,WK036107,GM0361,1328.0,14,14,315645.0,1.0,14,883.0,True,3869.1691349999996,3559.6356041999998,5567.635175799999,9127.270779999999,0.61,1.0,0.0,1.0,0.0,1.0,0.0
1827AB,2601.0,199.0,848.6999999999999,29,1623,0,90,0,0,BU03610701,WK036107,GM0361,1491.0,16,16,397490.0,1.0,16,738.0,True,3233.8016100000004,2975.0974812000004,4653.357598799999,7628.45508,0.61,1.0,0.0,1.0,0.0,1.0,0.0
1827AC,2216.0,288.0,1041.8999999999999,46,2583,250,80,0,0,BU03610701,WK036107,GM0361,2435.0,26,26,618112.5,1.0,26,906.0,True,3969.951569999999,3652.355444399999,5712.658515599999,9365.013959999998,0.61,1.0,0.0,1.0,0.0,1.0,0.0
1827AD,2371.0,402.0,1049.9499999999998,35,1782,0,80,0,0,BU03610701,WK036107,GM0361,1750.0,18,18,449592.5,1.0,18,913.0,True,4000.624484999999,3680.574526199999,5756.796053799998,9437.370579999997,0.61,1.0,0.0,1.0,0.0,1.0,0.0
1827AE,2429.0,500.0,882.05,52,2944,258,100,0,0,BU03610701,WK036107,GM0361,2897.0,27,27,607432.5,1.0,27,767.0,True,3360.875115,3092.0051058,4836.2131142,7928.21822,0.61,1.0,0.0,1.0,0.0,1.0,0.0
1827AG,1605.0,0.0,1054.55,27,1457,249,50,50,0,BU03610701,WK036107,GM0361,1313.0,14,14,297555.0,1.0,14,917.0,True,4018.1518650000003,3696.6997158000004,5782.0175042,9478.71722,0.61,1.0,0.0,1.0,0.0,1.0,0.0
1827AH,2927.0,587.0,1008.55,37,2378,259,100,0,0,BU03610701,WK036107,GM0361,2182.0,22,22,583400.0,0.9565217391304348,23,877.0,True,3842.8780649999994,3535.4478197999997,5529.8030002,9065.25082,0.61,0.9565217391304348,0.04347826086956519,0.9565217391304348,0.04347826086956519,0.9565217391304348,0.04347826086956519
1827AJ,2039.0,334.0,1016.5999999999999,36,1928,255,90,0,0,BU03610701,WK036107,GM0361,1910.0,20,20,505555.0,1.0,20,884.0,True,3873.5509799999995,3563.6669015999996,5573.9405384,9137.60744,0.61,1.0,0.0,1.0,0.0,1.0,0.0
1827AK,2046.0,1187.0,1098.25,22,1350,253,80,0,0,BU03610701,WK036107,GM0361,1155.0,12,12,277762.5,1.0,12,955.0,True,4184.661975,3849.8890170000004,6021.6212829999995,9871.5103,0.61,1.0,0.0,1.0,0.0,1.0,0.0
1827AL,2590.0,588.0,1097.1,76,4442,258,0,0,0,BU03610701,WK036107,GM0361,763.0,8,8,176475.0,1.0,8,954.0,True,4180.280129999999,3845.8577195999997,6015.315920399999,9861.173639999999,0.61,1.0,0.0,1.0,0.0,1.0,0.0
1827AM,2590.0,588.0,1097.1,76,4442,268,90,0,0,BU03610701,WK036107,GM0361,3302.0,33,33,679515.0,1.0,33,954.0,True,4180.280129999999,3845.8577195999997,6015.315920399999,9861.173639999999,0.61,1.0,0.0,1.0,0.0,1.0,0.0
1827AN,1972.0,646.0,942.9999999999999,43,2241,253,90,0,0,BU03610701,WK036107,GM0361,2079.0,22,22,419725.0,1.0,22,820.0,True,3593.1129000000005,3305.6638680000005,5170.397332,8476.0612,0.61,1.0,0.0,1.0,0.0,1.0,0.0
1827AP,3205.0,670.0,944.15,46,1986,255,100,0,0,BU03610703,WK036107,GM0361,2274.0,23,23,531070.0,1.0,23,821.0,True,3597.4947449999995,3309.6951653999995,5176.7026946,8486.39786,0.61,1.0,0.0,1.0,0.0,1.0,0.0
1827AR,3699.0,262.0,824.55,19,593,250,100,0,0,BU03610703,WK036107,GM0361,888.0,10,10,195360.0,1.0,10,717.0,True,3141.7828649999997,2890.4402357999998,4520.944984199999,7411.385219999999,0.61,1.0,0.0,1.0,0.0,1.0,0.0
1827AS,2666.0,1023.0,857.9,69,3373,282,90,0,0,BU03610703,WK036107,GM0361,3864.0,36,36,828240.0,1.0,36,746.0,True,3268.85637,3007.3478604,4703.800499599999,7711.148359999999,0.61,1.0,0.0,1.0,0.0,1.0,0.0
1827AT,2701.0,1048.0,821.0999999999999,56,3290,284,100,0,0,BU03610701,WK036107,GM0361,3632.0,32,32,769085.0,1.0,32,714.0,True,3128.63733,2878.3463436,4502.028896399999,7380.375239999999,0.61,1.0,0.0,1.0,0.0,1.0,0.0
1827AV,2115.0,1273.0,1106.3,26,1600,278,90,0,0,BU03610701,WK036107,GM0361,1625.0,14,14,358300.0,0.9333333333333333,15,962.0,True,4215.33489,3878.1080988000003,6065.7588212,9943.86692,0.61,0.9333333333333333,0.06666666666666665,0.9333333333333333,0.06666666666666665,0.9333333333333333,0.06666666666666665
1827AW,2341.0,545.0,934.9499999999999,40,1894,290,100,0,0,BU03610701,WK036107,GM0361,2472.0,22,22,538935.0,1.0,22,813.0,True,3562.4399849999995,3277.4447861999997,5126.2597938,8403.70458,0.61,1.0,0.0,1.0,0.0,1.0,0.0
1827AX,3601.0,1550.0,744.05,27,1506,0,100,0,0,BU03610701,WK036107,GM0361,1530.0,14,14,307130.0,1.0,14,647.0,True,2835.053715,2608.2494178,4079.5696021999997,6687.81902,0.61,1.0,0.0,1.0,0.0,1.0,0.0
1827AZ,2654.0,1169.0,971.7499999999999,38,1706,275,100,0,0,BU03610701,WK036107,GM0361,2227.0,20,20,467802.5,1.0,20,845.0,True,3702.6590249999986,3406.446302999999,5328.031396999999,8734.477699999998,0.61,1.0,0.0,1.0,0.0,1.0,0.0
1827BA,1163.0,632.0,856.7499999999999,24,1097,178,0,0,0,BU03610701,WK036107,GM0361,876.0,12,12,166805.0,1.0,12,745.0,True,3264.474524999999,3003.3165629999994,4697.495137,7700.811699999999,0.61,1.0,0.0,1.0,0.0,1.0,0.0
1827BB,1026.0,544.0,591.0999999999999,45,1507,145,0,0,0,BU03610701,WK036107,GM0361,1296.0,24,24,187785.0,1.0,24,514.0,True,2252.2683299999994,2072.0868635999996,3240.9563763999995,5313.043239999999,0.61,1.0,0.0,1.0,0.0,1.0,0.0
1827BC,1705.0,1228.0,991.3,45,1609,224,20,80,20,BU03610701,WK036107,GM0361,2139.0,25,25,315917.5,1.0,25,862.0,True,3777.15039,3474.9783588,5435.222561199999,8910.20092,0.61,1.0,0.0,1.0,0.0,1.0,0.0
1827BD,1572.0,1312.0,1006.2499999999999,54,1752,0,0,0,0,BU03610701,WK036107,GM0361,616.0,8,8,84892.5,1.0,8,875.0,True,3834.1143749999997,3527.385225,5517.192274999999,9044.5775,0.61,1.0,0.0,1.0,0.0,1.0,0.0
1827BE,1572.0,1312.0,1006.2499999999999,54,1752,233,0,0,0,BU03610701,WK036107,GM0361,1882.0,20,20,286730.0,1.0,20,875.0,True,3834.1143749999997,3527.385225,5517.192274999999,9044.5775,0.61,1.0,0.0,1.0,0.0,1.0,0.0
1827BG,1686.0,1084.0,967.15,29,870,246,40,60,10,BU03610701,WK036107,GM0361,1684.0,16,16,283812.5,1.0,16,841.0,True,3685.131645,3390.3211134000003,5302.809946599999,8693.13106,0.61,1.0,0.0,1.0,0.0,1.0,0.0
1827BH,1958.0,1343.0,770.4999999999999,34,1124,232,40,60,10,BU03610701,WK036107,GM0361,1621.0,18,18,279665.0,0.9473684210526315,19,670.0,True,2935.83615,2700.969258,4224.592941999999,6925.562199999999,0.61,0.9473684210526315,0.052631578947368474,0.9473684210526315,0.052631578947368474,0.9473684210526315,0.052631578947368474
1827BJ,1947.0,1110.0,940.6999999999999,30,989,0,0,0,0,BU03610701,WK036107,GM0361,1448.0,16,16,201870.0,1.0,16,818.0,True,3584.34921,3297.6012732,5157.7866068,8455.38788,0.61,1.0,0.0,1.0,0.0,1.0,0.0
1827BK,1655.0,843.0,886.65,46,1101,178,0,0,0,BU03610701,WK036107,GM0361,1752.0,24,24,321382.5,1.0,24,771.0,True,3378.4024950000003,3108.1302954000003,4861.4345646,7969.56486,0.61,1.0,0.0,1.0,0.0,1.0,0.0
1827BL,2216.0,889.0,1015.4499999999999,36,1086,255,70,30,5,BU03610701,WK036107,GM0361,2115.0,20,20,396650.0,1.0,20,883.0,True,3869.1691349999996,3559.6356041999998,5567.635175799999,9127.270779999999,0.61,1.0,0.0,1.0,0.0,1.0,0.0
1827BM,1096.0,673.0,669.3,42,479,154,0,0,0,BU03610701,WK036107,GM0361,1302.0,22,22,210347.5,1.0,22,582.0,True,2550.23379,2346.2150868000003,3669.7210332,6015.93612,0.61,1.0,0.0,1.0,0.0,1.0,0.0
1827BN,1046.0,896.0,785.4499999999999,23,657,178,0,0,0,BU03610701,WK036107,GM0361,876.0,12,12,157862.5,1.0,12,683.0,True,2992.800135,2753.3761242,4306.562655799999,7059.9387799999995,0.61,1.0,0.0,1.0,0.0,1.0,0.0
1827BP,1334.0,1699.0,847.55,43,1515,0,0,0,0,BU03610701,WK036107,GM0361,1694.0,22,22,241202.5,1.0,22,737.0,True,3229.4197649999996,2971.0661837999996,4647.052236199999,7618.118419999999,0.61,1.0,0.0,1.0,0.0,1.0,0.0
1827BR,1234.0,1644.0,892.4,38,1267,217,0,0,0,BU03610701,WK036107,GM0361,1756.0,20,20,232670.0,1.0,20,776.0,True,3400.31172,3128.2867824000004,4892.9613776,8021.24816,0.61,1.0,0.0,1.0,0.0,1.0,0.0
1827BS,1421.0,1200.0,1056.85,42,1437,231,0,0,0,BU03610701,WK036107,GM0361,2036.0,22,22,316760.0,1.0,22,919.0,True,4026.915555,3704.7623106,5794.6282294,9499.39054,0.61,1.0,0.0,1.0,0.0,1.0,0.0
1827BT,1792.0,973.0,1161.5,36,1097,0,0,80,15,BU03610701,WK036107,GM0361,1983.0,19,19,298627.5,1.0,19,1010.0,True,4425.66345,4071.610374,6368.416225999999,10440.0266,0.61,1.0,0.0,1.0,0.0,1.0,0.0
1827BV,1007.0,191.0,578.4499999999999,30,1580,162,0,0,0,BU03610701,WK036107,GM0361,1525.0,21,21,281035.0,1.0,21,503.0,True,2204.068035,2027.7425921999998,3171.5973878,5199.33998,0.61,1.0,0.0,1.0,0.0,1.0,0.0
1827BW,1122.0,73.0,591.0999999999999,39,2950,148,0,0,0,BU03610701,WK036107,GM0361,1735.0,25,25,318997.5,1.0,25,514.0,True,2252.2683299999994,2072.0868635999996,3240.9563763999995,5313.043239999999,0.61,1.0,0.0,1.0,0.0,1.0,0.0
1827BX,2527.0,962.0,1023.4999999999999,49,2825,272,100,0,0,BU03610701,WK036107,GM0361,2553.0,25,25,548565.0,1.0,25,890.0,True,3899.8420499999993,3587.8546859999997,5611.772714,9199.6274,0.61,1.0,0.0,1.0,0.0,1.0,0.0
1827BZ,6285.0,456.0,1182.1999999999998,38,1275,0,0,0,0,BU03610701,WK036107,GM0361,1055.0,4,4,175837.5,1.0,4,1028.0,True,4504.536659999999,4144.173727199999,6481.912752799999,10626.086479999998,0.61,1.0,0.0,1.0,0.0,1.0,0.0
1827CA,6285.0,456.0,1182.1999999999998,38,1275,226,60,40,5,BU03610701,WK036107,GM0361,1213.0,16,16,263350.0,1.0,16,1028.0,True,4504.536659999999,4144.173727199999,6481.912752799999,10626.086479999998,0.61,1.0,0.0,1.0,0.0,1.0,0.0
1827CB,1029.0,786.0,573.8499999999999,35,578,154,0,0,0,BU03610701,WK036107,GM0361,1094.0,22,22,151417.5,1.0,22,499.0,True,2186.540655,2011.6174025999999,3146.3759374,5157.99334,0.61,1.0,0.0,1.0,0.0,1.0,0.0
1827CC,2100.0,485.0,954.4999999999999,37,1828,212,0,0,0,BU03610701,WK036107,GM0361,3122.0,29,20,616710.0,0.9523809523809523,21,830.0,True,3636.93135,3345.976842,5233.450957999999,8579.4278,0.61,0.9523809523809523,0.04761904761904767,0.9523809523809523,0.04761904761904767,0.9523809523809523,0.04761904761904767
1827CD,1257.0,421.0,701.5,31,2266,176,0,0,0,BU03610701,WK036107,GM0361,1268.0,19,19,240050.0,1.0,19,610.0,True,2672.92545,2459.0914140000004,3846.271186,6305.3626,0.61,1.0,0.0,1.0,0.0,1.0,0.0
1827CE,1362.0,314.0,543.9499999999999,26,1579,140,0,0,0,BU03610701,WK036107,GM0361,758.0,16,16,106215.0,1.0,16,473.0,True,2072.612684999999,1906.8036701999995,2982.4365097999994,4889.240179999999,0.61,1.0,0.0,1.0,0.0,1.0,0.0
1827CG,1388.0,343.0,451.95,31,1579,140,0,0,0,BU03610701,WK036107,GM0361,758.0,16,16,106215.0,1.0,16,393.0,True,1722.065085,1584.2998782,2478.0075018,4062.3073799999997,0.61,1.0,0.0,1.0,0.0,1.0,0.0
1827CH,1048.0,160.0,656.65,22,1579,147,0,0,0,BU03610701,WK036107,GM0361,690.0,13,13,103750.0,1.0,13,571.0,True,2502.033495,2301.8708154,3600.3620446,5902.23286,0.61,1.0,0.0,1.0,0.0,1.0,0.0
1827CJ,1712.0,978.0,742.9,35,2343,243,0,0,0,BU03610701,WK036107,GM0361,1921.0,20,20,411625.0,1.0,20,646.0,True,2830.6718699999997,2604.2181204,4073.2642396,6677.48236,0.61,1.0,0.0,1.0,0.0,1.0,0.0
1827CK,1151.0,770.0,698.05,31,1078,202,0,80,15,BU03610701,WK036107,GM0361,1189.0,16,16,198825.0,1.0,16,607.0,True,2659.7799149999996,2446.9975218,3827.3550981999997,6274.35262,0.61,1.0,0.0,1.0,0.0,1.0,0.0
1827CL,1543.0,973.0,760.15,25,1605,239,0,0,0,BU03610701,WK036107,GM0361,1344.0,14,14,287520.0,1.0,14,661.0,True,2896.399545,2664.6875814000005,4167.8446785999995,6832.53226,0.6099999999999999,1.0,0.0,1.0,0.0,1.0,0.0
1827CM,1977.0,161.0,908.4999999999999,31,2009,0,0,80,15,BU03610701,WK036107,GM0361,1580.0,16,16,357100.0,1.0,16,790.0,True,3461.657549999999,3184.7249459999994,4981.236453999999,8165.961399999998,0.61,1.0,0.0,1.0,0.0,1.0,0.0
1827CN,1202.0,669.0,750.9499999999999,41,1509,195,0,0,0,BU03610701,WK036107,GM0361,1638.0,22,22,283780.0,0.9565217391304348,23,653.0,True,2861.344785,2632.4372022,4117.4017778,6749.8389799999995,0.61,0.9565217391304348,0.04347826086956519,0.9565217391304348,0.04347826086956519,0.9565217391304348,0.04347826086956519
1827CP,2444.0,1490.0,1343.1999999999998,27,3766,448,100,0,0,BU03610701,WK036107,GM0361,2133.0,14,14,455435.0,1.0,14,1168.0,True,5117.994959999999,4708.555363199999,7364.663516799999,12073.218879999999,0.61,1.0,0.0,1.0,0.0,1.0,0.0
1827CR,2970.0,530.0,1174.1499999999999,52,3296,247,20,80,20,BU03610701,WK036107,GM0361,2803.0,27,27,622300.0,0.9310344827586207,29,1021.0,True,4473.863745,4115.9546454,6437.775214599999,10553.72986,0.61,0.9310344827586207,0.06896551724137934,0.9310344827586207,0.06896551724137934,0.9310344827586207,0.06896551724137934
1827CS,2353.0,718.0,870.55,36,2302,0,0,0,0,BU03610701,WK036107,GM0361,1880.0,19,19,419040.0,0.9047619047619048,21,757.0,True,3317.056664999999,3051.6921317999995,4773.1594882,7824.8516199999995,0.61,0.9047619047619048,0.09523809523809523,0.9047619047619048,0.09523809523809523,0.9047619047619048,0.09523809523809523
1827CT,2113.0,972.0,941.8499999999999,42,2526,246,0,0,0,BU03610701,WK036107,GM0361,2288.0,24,24,465745.0,1.0,24,819.0,True,3588.7310549999997,3301.6325706,5164.0919693999995,8465.72454,0.61,1.0,0.0,1.0,0.0,1.0,0.0
1827CV,2652.0,1038.0,1338.6,37,3984,350,70,40,5,BU03610701,WK036107,GM0361,2720.0,20,20,577552.5,1.0,20,1164.0,True,5100.46758,4692.430173600001,7339.4420664,12031.87224,0.61,1.0,0.0,1.0,0.0,1.0,0.0
1827CW,3131.0,1587.0,1075.25,18,2594,444,100,0,0,BU03610701,WK036107,GM0361,1517.0,10,10,320702.5,1.0,10,935.0,True,4097.025075,3769.2630689999996,5895.514031,9664.7771,0.61,1.0,0.0,1.0,0.0,1.0,0.0
1827CX,4327.0,5075.0,2097.6,29,8475,0,0,0,0,BU03610701,WK036107,GM0361,3935.0,30,3,639437.5,0.0,4,1824.0,True,7992.48528,7353.0864576,32815.56471573333,40168.65117333333,0.8169446510446565,0.0,1.0,0.0,1.0,0.0,1.0
1827DA,4327.0,5075.0,2097.6,29,8475,240,0,0,0,BU03610701,WK036107,GM0361,1164.0,12,11,252200.0,1.0,12,1824.0,True,7992.48528,7353.0864576,11500.9813824,18854.06784,0.61,1.0,0.0,1.0,0.0,1.0,0.0
1827DB,2064.0,554.0,702.65,34,888,249,50,50,10,BU03610701,WK036107,GM0361,1462.0,18,17,322045.0,1.0,18,611.0,True,2677.3072949999996,2463.1227114,3852.5765485999996,6315.699259999999,0.61,1.0,0.0,1.0,0.0,1.0,0.0
1827DC,2698.0,287.0,913.0999999999999,28,774,0,70,30,5,BU03610701,WK036107,GM0361,1224.0,16,16,262530.0,1.0,16,794.0,True,3479.1849299999994,3200.8501355999997,5006.4579044,8207.30804,0.61,1.0,0.0,1.0,0.0,1.0,0.0
1827DD,1772.0,382.0,740.5999999999999,22,652,231,0,0,0,BU03610701,WK036107,GM0361,930.0,12,12,176650.0,1.0,12,644.0,True,2821.9081799999994,2596.1555255999997,4060.6535143999995,6656.809039999999,0.61,1.0,0.0,1.0,0.0,1.0,0.0
1827DE,1467.0,742.0,919.9999999999999,42,1007,212,30,70,15,BU03610701,WK036107,GM0361,1578.0,21,21,264847.5,1.0,21,800.0,True,3505.4759999999987,3225.037919999999,5044.290079999999,8269.327999999998,0.61,1.0,0.0,1.0,0.0,1.0,0.0
1827DG,1485.0,668.0,977.4999999999999,42,1022,182,0,80,20,BU03610701,WK036107,GM0361,1747.0,23,23,284567.5,1.0,23,850.0,True,3724.56825,3426.60279,5359.55821,8786.161,0.61,1.0,0.0,1.0,0.0,1.0,0.0
1827DH,1708.0,198.0,760.15,43,1359,147,0,0,0,BU03610701,WK036107,GM0361,1333.0,22,22,217040.0,1.0,22,661.0,True,2896.399545,2664.6875814000005,4167.8446785999995,6832.53226,0.6099999999999999,1.0,0.0,1.0,0.0,1.0,0.0
1827DJ,1315.0,335.0,716.4499999999999,41,1093,146,0,0,0,BU03610701,WK036107,GM0361,1342.0,22,22,215852.5,1.0,22,623.0,True,2729.889434999999,2511.4982801999995,3928.240899799999,6439.739179999999,0.61,1.0,0.0,1.0,0.0,1.0,0.0
1827DK,1750.0,314.0,673.9,43,1041,147,0,0,0,BU03610701,WK036107,GM0361,1339.0,22,22,218117.5,1.0,22,586.0,True,2567.76117,2362.3402764,3694.9424836,6057.28276,0.61,1.0,0.0,1.0,0.0,1.0,0.0
1827DL,1816.0,204.0,714.15,28,686,0,0,0,0,BU03610701,WK036107,GM0361,974.0,16,16,159655.0,1.0,16,621.0,True,2721.125745,2503.4356854,3915.6301746,6419.06586,0.61,1.0,0.0,1.0,0.0,1.0,0.0
1827DM,3439.0,240.0,944.15,23,7115,209,0,0,0,BU03610701,WK036107,GM0361,1570.0,17,13,286800.0,0.9230769230769231,13,821.0,True,3597.4947449999995,3309.6951653999995,5176.7026946,8486.39786,0.61,0.9230769230769231,0.07692307692307687,0.9230769230769231,0.07692307692307687,0.9230769230769231,0.07692307692307687
1827DN,2390.0,671.0,867.0999999999999,28,775,0,40,60,10,BU03610701,WK036107,GM0361,1211.0,16,16,253295.0,1.0,16,754.0,True,3303.91113,3039.5982396,4754.2434004,7793.84164,0.61,1.0,0.0,1.0,0.0,1.0,0.0
1827DP,2206.0,541.0,727.9499999999999,23,579,234,80,0,0,BU03610701,WK036107,GM0361,909.0,12,12,197317.5,1.0,12,633.0,True,2773.707885,2551.8112542,3991.2945258,6543.10578,0.61,1.0,0.0,1.0,0.0,1.0,0.0
1827DR,1953.0,679.0,852.15,44,1357,227,0,0,0,BU03610701,WK036107,GM0361,1895.0,24,24,357050.0,0.96,25,741.0,True,3246.9471449999996,2987.1913734,4672.2736866,7659.4650599999995,0.61,0.96,0.040000000000000036,0.96,0.040000000000000036,0.96,0.040000000000000036
1827DS,1696.0,363.0,957.9499999999999,39,944,234,0,0,0,BU03610701,WK036107,GM0361,1518.0,20,20,308010.0,1.0,20,833.0,True,3650.0768849999995,3358.0707341999996,5252.367045799999,8610.437779999998,0.61,1.0,0.0,1.0,0.0,1.0,0.0
1827DT,1603.0,718.0,744.05,45,1258,0,0,0,0,BU03610701,WK036107,GM0361,1837.0,24,24,385690.0,1.0,24,647.0,True,2835.053715,2608.2494178,4079.5696021999997,6687.81902,0.61,1.0,0.0,1.0,0.0,1.0,0.0
1827DV,1853.0,588.0,849.8499999999999,24,748,222,0,0,0,BU03610701,WK036107,GM0361,1011.0,13,13,215820.0,1.0,13,739.0,True,3238.183454999999,2979.1287785999994,4659.662961399999,7638.791739999999,0.61,1.0,0.0,1.0,0.0,1.0,0.0
1827DX,2648.0,513.0,918.8499999999999,42,2280,302,100,0,0,BU03610701,WK036107,GM0361,2520.0,23,23,554390.0,1.0,23,799.0,True,3501.094155,3221.0066226,5037.984717399999,8258.991339999999,0.61,1.0,0.0,1.0,0.0,1.0,0.0
1827DZ,2418.0,658.0,933.8,27,1475,280,100,0,0,BU03610701,WK036107,GM0361,1493.0,14,14,313455.0,1.0,14,812.0,True,3558.0581399999996,3273.4134888,5119.954431199999,8393.367919999999,0.61,1.0,0.0,1.0,0.0,1.0,0.0
1827EA,2942.0,657.0,921.15,22,778,271,100,0,0,BU03610700,WK036107,GM0361,1308.0,12,12,272357.5,1.0,12,801.0,True,3509.8578449999995,3229.0692173999996,5050.595442599999,8279.664659999999,0.61,1.0,0.0,1.0,0.0,1.0,0.0
1827EC,2666.0,858.0,1197.1499999999999,31,995,0,0,0,0,BU03610701,WK036107,GM0361,1752.0,16,16,316860.0,0.9411764705882353,17,1041.0,True,4561.500645,4196.5805934,6563.8824666,10760.46306,0.61,0.9411764705882353,0.05882352941176472,0.9411764705882353,0.05882352941176472,0.9411764705882353,0.05882352941176472
1827ED,2152.0,521.0,795.8,21,952,256,100,0,0,BU03610700,WK036107,GM0361,1218.0,12,12,246240.0,1.0,12,692.0,True,3032.2367399999994,2789.6578007999997,4363.3109192,7152.96872,0.61,1.0,0.0,1.0,0.0,1.0,0.0
1827EE,2490.0,559.0,808.4499999999999,34,1534,268,80,0,0,BU03610700,WK036107,GM0361,1960.0,18,18,412125.0,1.0,18,703.0,True,3080.437035,2834.0020722,4432.669907799999,7266.671979999999,0.61,1.0,0.0,1.0,0.0,1.0,0.0
1827EG,2854.0,1064.0,791.1999999999999,40,1574,260,0,0,0,BU03610700,WK036107,GM0361,847.0,8,8,172910.0,1.0,8,688.0,True,3014.7093600000003,2773.5326112000002,4338.0894688,7111.62208,0.61,1.0,0.0,1.0,0.0,1.0,0.0
1827EH,2854.0,1064.0,791.1999999999999,40,1574,0,100,0,0,BU03610700,WK036107,GM0361,1773.0,16,15,360475.0,1.0,16,688.0,True,3014.7093600000003,2773.5326112000002,4338.0894688,7111.62208,0.61,1.0,0.0,1.0,0.0,1.0,0.0
1827EJ,3738.0,1266.0,831.4499999999999,32,1734,289,100,0,0,BU03610700,WK036107,GM0361,2084.0,18,18,392875.0,1.0,18,723.0,True,3168.0739349999994,2914.6280202,4558.777159799999,7473.405179999999,0.61,1.0,0.0,1.0,0.0,1.0,0.0
1827EK,2704.0,733.0,1029.25,28,1709,285,90,0,0,BU03610700,WK036107,GM0361,1697.0,16,16,351120.0,1.0,16,895.0,True,3921.7512749999996,3608.011173,5643.299527,9251.3107,0.61,1.0,0.0,1.0,0.0,1.0,0.0
1827EN,2840.0,948.0,947.5999999999999,37,3046,291,100,0,0,BU03610700,WK036107,GM0361,2288.0,22,22,480305.0,1.0,22,824.0,True,3610.6402799999987,3321.789057599999,5195.618782399999,8517.407839999998,0.61,1.0,0.0,1.0,0.0,1.0,0.0
1827EP,2756.0,1014.0,938.4,56,3612,279,100,0,0,BU03610700,WK036107,GM0361,3093.0,29,29,668760.0,1.0,29,816.0,True,3575.58552,3289.5386784,5145.1758816,8434.71456,0.61,1.0,0.0,1.0,0.0,1.0,0.0
1827ER,2516.0,589.0,911.9499999999999,48,3660,279,100,0,0,BU03610700,WK036107,GM0361,2618.0,26,26,563527.5,1.0,26,793.0,True,3474.8030849999996,3196.8188382,5000.152541799999,8196.971379999999,0.61,1.0,0.0,1.0,0.0,1.0,0.0
1827ES,2436.0,308.0,925.7499999999999,31,2115,0,100,0,0,BU03610700,WK036107,GM0361,1679.0,16,16,369380.0,1.0,16,805.0,True,3527.3852249999986,3245.194406999999,5075.816892999999,8321.011299999998,0.61,1.0,0.0,1.0,0.0,1.0,0.0
1827ET,2184.0,816.0,824.55,30,2154,0,100,0,0,BU03610700,WK036107,GM0361,1677.0,16,16,354937.5,1.0,16,717.0,True,3141.7828649999997,2890.4402357999998,4520.944984199999,7411.385219999999,0.61,1.0,0.0,1.0,0.0,1.0,0.0
1827EV,2691.0,1089.0,1031.55,45,3585,287,100,0,0,BU03610700,WK036107,GM0361,2580.0,24,24,562875.0,1.0,24,897.0,True,3930.5149650000003,3616.0737678000005,5655.910252199999,9271.98402,0.61,1.0,0.0,1.0,0.0,1.0,0.0
1827EW,2482.0,1116.0,1055.6999999999998,45,3192,283,100,0,0,BU03610700,WK036107,GM0361,2370.0,23,23,502860.0,1.0,23,918.0,True,4022.53371,3700.7310132000002,5788.322866799999,9489.05388,0.61,1.0,0.0,1.0,0.0,1.0,0.0
1827EX,2698.0,754.0,1112.05,28,2305,300,90,0,0,BU03610700,WK036107,GM0361,1573.0,15,15,340072.5,0.9333333333333333,15,967.0,True,4237.2441149999995,3898.2645857999996,6097.2856342,9995.55022,0.61,0.9333333333333333,0.06666666666666665,0.9333333333333333,0.06666666666666665,0.9333333333333333,0.06666666666666665
1827EZ,2328.0,706.0,883.1999999999999,31,3017,331,100,0,0,BU03610700,WK036107,GM0361,1950.0,17,17,409272.5,1.0,17,768.0,True,3365.2569599999997,3096.0364031999998,4842.5184768,7938.55488,0.61,1.0,0.0,1.0,0.0,1.0,0.0
1827GA,2828.0,874.0,946.4499999999999,76,6829,311,100,0,0,BU03610700,WK036107,GM0361,4876.0,42,40,1140895.0,0.975609756097561,41,823.0,True,3606.258435,3317.7577602,5189.313419799999,8507.071179999999,0.61,0.975609756097561,0.024390243902439046,0.975609756097561,0.024390243902439046,0.975609756097561,0.024390243902439046
1827GB,2365.0,495.0,829.15,46,2817,253,100,0,0,BU03610703,WK036107,GM0361,2579.0,24,24,562700.0,1.0,24,721.0,True,3159.310245,2906.5654254,4546.1664346,7452.73186,0.61,1.0,0.0,1.0,0.0,1.0,0.0
1827GC,2920.0,1251.0,968.3,36,4143,358,100,0,0,BU03610703,WK036107,GM0361,2717.0,20,20,604055.0,1.0,20,842.0,True,3689.51349,3394.3524108,5309.1153092,8703.46772,0.61,1.0,0.0,1.0,0.0,1.0,0.0
1827GD,3097.0,816.0,758.9999999999999,34,2135,246,100,0,0,BU03610703,WK036107,GM0361,1780.0,18,17,377137.5,0.9473684210526315,19,660.0,True,2892.0176999999994,2660.6562839999997,4161.539315999999,6822.195599999999,0.61,0.9473684210526315,0.052631578947368474,0.9473684210526315,0.052631578947368474,0.9473684210526315,0.052631578947368474
1827GE,3060.0,858.0,988.9999999999999,32,2758,307,100,0,0,BU03610703,WK036107,GM0361,1940.0,16,16,426800.0,1.0,16,860.0,True,3768.3867,3466.9157640000003,5422.611835999999,8889.5276,0.61,1.0,0.0,1.0,0.0,1.0,0.0
1827GG,3145.0,819.0,962.55,26,2264,286,100,0,0,BU03610703,WK036107,GM0361,1581.0,14,14,337637.5,1.0,14,837.0,True,3667.604265,3374.1959238,5277.5884962,8651.78442,0.61,1.0,0.0,1.0,0.0,1.0,0.0
1827GH,3427.0,678.0,907.3499999999999,36,1942,273,100,0,0,BU03610703,WK036107,GM0361,2239.0,20,19,473680.0,1.0,20,789.0,True,3457.2757050000005,3180.6936486000004,4974.9310914,8155.62474,0.61,1.0,0.0,1.0,0.0,1.0,0.0
1827GJ,2852.0,865.0,816.4999999999999,39,2324,280,100,0,0,BU03610703,WK036107,GM0361,2257.0,20,20,476007.5,1.0,20,710.0,True,3111.1099499999996,2862.221154,4476.807445999999,7339.028599999999,0.61,1.0,0.0,1.0,0.0,1.0,0.0
1827GK,2888.0,793.0,833.7499999999999,41,3783,325,100,0,0,BU03610703,WK036107,GM0361,2639.0,22,22,578455.0,1.0,22,725.0,True,3176.837624999999,2922.6906149999995,4571.387884999999,7494.078499999999,0.61,1.0,0.0,1.0,0.0,1.0,0.0
1827GL,3851.0,1038.0,821.0999999999999,39,3692,317,100,0,0,BU03610703,WK036107,GM0361,2451.0,21,21,517695.0,0.9545454545454546,22,714.0,True,3128.63733,2878.3463436,4502.028896399999,7380.375239999999,0.61,0.9545454545454546,0.045454545454545414,0.9545454545454546,0.045454545454545414,0.9545454545454546,0.045454545454545414
1827GM,3297.0,635.0,838.3499999999999,43,4067,265,100,0,0,BU03610703,WK036107,GM0361,2342.0,22,22,515085.0,1.0,22,729.0,True,3194.3650049999997,2938.8158046,4596.609335399999,7535.4251399999985,0.61,1.0,0.0,1.0,0.0,1.0,0.0
1827GN,2834.0,681.0,876.3,34,2531,286,100,0,0,BU03610703,WK036107,GM0361,2121.0,18,18,449430.0,1.0,18,762.0,True,3338.9658899999995,3071.8486187999997,4804.686301199999,7876.534919999999,0.61,1.0,0.0,1.0,0.0,1.0,0.0
1827GP,3074.0,383.0,806.15,32,2068,286,100,0,0,BU03610703,WK036107,GM0361,2078.0,18,17,455742.5,1.0,18,701.0,True,3071.673345,2825.9394774,4420.059182599999,7245.998659999999,0.61,1.0,0.0,1.0,0.0,1.0,0.0
1827GR,2635.0,1169.0,695.75,59,3499,293,0,0,0,BU03610703,WK036107,GM0361,931.0,8,7,194320.0,1.0,8,605.0,True,2651.016225,2438.934927,3814.744373,6253.6793,0.61,1.0,0.0,1.0,0.0,1.0,0.0
1827GS,2635.0,1169.0,695.75,59,3499,255,100,0,0,BU03610703,WK036107,GM0361,2377.0,23,23,509485.0,1.0,23,605.0,True,2651.016225,2438.934927,3814.744373,6253.6793,0.61,1.0,0.0,1.0,0.0,1.0,0.0
1827GT,2520.0,1030.0,696.9,19,1154,261,100,0,0,BU03610703,WK036107,GM0361,1126.0,11,11,234470.0,1.0,11,606.0,True,2655.39807,2442.9662244,3821.0497355999996,6264.01596,0.61,1.0,0.0,1.0,0.0,1.0,0.0
1827HA,2653.0,759.0,863.65,31,887,277,90,0,0,BU03610701,WK036107,GM0361,1892.0,17,16,416240.0,1.0,17,751.0,True,3290.7655949999994,3027.5043473999995,4735.3273125999995,7762.831659999999,0.61,1.0,0.0,1.0,0.0,1.0,0.0
1827HB,3154.0,1099.0,1056.85,39,4447,319,100,0,0,BU03610701,WK036107,GM0361,2789.0,22,22,613580.0,1.0,22,919.0,True,4026.915555,3704.7623106,5794.6282294,9499.39054,0.61,1.0,0.0,1.0,0.0,1.0,0.0
1827HC,2227.0,420.0,886.65,48,1384,275,0,0,0,BU03610701,WK036107,GM0361,886.0,8,8,190060.0,1.0,8,771.0,True,3378.4024950000003,3108.1302954000003,4861.4345646,7969.56486,0.61,1.0,0.0,1.0,0.0,1.0,0.0
1827JB,2227.0,420.0,886.65,48,1384,244,0,0,0,BU03610703,WK036107,GM0361,1600.0,16,16,238775.0,1.0,16,771.0,True,3378.4024950000003,3108.1302954000003,4861.4345646,7969.56486,0.61,1.0,0.0,1.0,0.0,1.0,0.0
1827JC,1806.0,137.0,906.1999999999999,51,1798,209,0,0,0,BU03610703,WK036107,GM0361,2051.0,25,26,361017.5,1.0,25,788.0,True,3452.8938599999997,3176.6623511999996,4968.6257288,8145.288079999999,0.61,1.0,0.0,1.0,0.0,1.0,0.0
1827JD,2855.0,0.0,1009.6999999999999,28,1099,255,0,0,0,BU03610703,WK036107,GM0361,1616.0,16,16,253942.5,1.0,16,878.0,True,3847.2599099999993,3539.4791171999996,5536.108362799999,9075.587479999998,0.61,1.0,0.0,1.0,0.0,1.0,0.0
1827JE,2189.0,0.0,1125.85,22,738,250,0,0,0,BU03610703,WK036107,GM0361,1196.0,12,12,184565.0,1.0,12,979.0,True,4289.826255,3946.6401545999997,6172.949985399999,10119.590139999998,0.61,1.0,0.0,1.0,0.0,1.0,0.0
1827JG,2430.0,510.0,1037.3,33,1135,262,50,50,0,BU03610703,WK036107,GM0361,1766.0,17,17,319190.0,1.0,17,902.0,True,3952.4241899999997,3636.2302548,5687.437065199999,9323.667319999999,0.61,1.0,0.0,1.0,0.0,1.0,0.0
1827JH,2445.0,0.0,1158.05,39,988,241,0,0,0,BU03610703,WK036107,GM0361,2037.0,21,21,294637.5,1.0,21,1007.0,True,4412.517915,4059.5164818000003,6349.5001382,10409.01662,0.61,1.0,0.0,1.0,0.0,1.0,0.0
1827JJ,3157.0,1092.0,873.9999999999999,39,1924,290,100,0,0,BU03610703,WK036107,GM0361,2491.0,22,22,513410.0,0.9565217391304348,23,760.0,True,3330.202199999999,3063.786023999999,4792.075575999999,7855.861599999998,0.61,0.9565217391304348,0.04347826086956519,0.9565217391304348,0.04347826086956519,0.9565217391304348,0.04347826086956519
1827JK,2102.0,630.0,713.0,70,1605,258,0,0,0,BU03610703,WK036107,GM0361,820.0,8,8,175540.0,1.0,8,620.0,True,2716.7439,2499.404388,3909.324812,6408.7292,0.61,1.0,0.0,1.0,0.0,1.0,0.0
1827JL,2102.0,630.0,713.0,70,1605,179,0,0,0,BU03610703,WK036107,GM0361,1966.0,29,29,432117.5,0.9666666666666667,30,620.0,True,2716.7439,2499.404388,3909.324812,6408.7292,0.61,0.9666666666666667,0.033333333333333326,0.9666666666666667,0.033333333333333326,0.9666666666666667,0.033333333333333326
1827JM,2501.0,1169.0,856.7499999999999,39,3597,291,100,0,0,BU03610703,WK036107,GM0361,2704.0,22,21,561980.0,1.0,22,745.0,True,3264.474524999999,3003.3165629999994,4697.495137,7700.811699999999,0.61,1.0,0.0,1.0,0.0,1.0,0.0
1827JN,3242.0,1048.0,962.55,51,4402,282,100,0,0,BU03610703,WK036107,GM0361,3053.0,27,27,666980.0,1.0,27,837.0,True,3667.604265,3374.1959238,5277.5884962,8651.78442,0.61,1.0,0.0,1.0,0.0,1.0,0.0
1827JP,3002.0,1115.0,910.8,51,4713,271,100,0,0,BU03610703,WK036107,GM0361,2999.0,27,27,627180.0,1.0,27,792.0,True,3470.4212399999997,3192.7875408,4993.8471792,8186.63472,0.61,1.0,0.0,1.0,0.0,1.0,0.0
1827JR,3919.0,552.0,1098.25,25,1585,301,60,40,0,BU03610703,WK036107,GM0361,1541.0,13,13,290370.0,1.0,13,955.0,True,4184.661975,3849.8890170000004,6021.6212829999995,9871.5103,0.61,1.0,0.0,1.0,0.0,1.0,0.0
1827JS,1894.0,0.0,745.1999999999999,25,1079,151,0,0,0,BU03610703,WK036107,GM0361,824.0,15,15,142240.0,1.0,15,648.0,True,2839.43556,2612.2807152,4085.8749648,6698.15568,0.61,1.0,0.0,1.0,0.0,1.0,0.0
1827JT,1530.0,0.0,563.5,51,1820,152,0,0,0,BU03610703,WK036107,GM0361,1496.0,27,27,252280.0,1.0,27,490.0,True,2147.1040499999995,1975.3357259999998,3089.627674,5064.9634,0.61,1.0,0.0,1.0,0.0,1.0,0.0
1827JV,2219.0,649.0,915.4,54,3164,312,50,50,0,BU03610703,WK036107,GM0361,3485.0,30,29,625120.0,1.0,30,796.0,True,3487.94862,3208.9127304000003,5019.068629599999,8227.98136,0.61,1.0,0.0,1.0,0.0,1.0,0.0
1827JW,2923.0,1193.0,994.7499999999999,62,4687,359,80,20,0,BU03610703,WK036107,GM0361,4331.0,33,31,871575.0,1.0,33,865.0,True,3790.2959249999994,3487.0722509999996,5454.138648999999,8941.210899999998,0.61,1.0,0.0,1.0,0.0,1.0,0.0
1827JX,2934.0,0.0,1089.05,35,1066,255,0,0,0,BU03610703,WK036107,GM0361,1976.0,18,18,261820.0,1.0,18,947.0,True,4149.607214999999,3817.6386377999997,5971.178382199999,9788.817019999999,0.61,1.0,0.0,1.0,0.0,1.0,0.0
1827KA,3418.0,675.0,1161.5,38,2293,328,100,0,0,BU03610703,WK036107,GM0361,2629.0,21,21,572300.0,1.0,21,1010.0,True,4425.66345,4071.610374,6368.416225999999,10440.0266,0.61,1.0,0.0,1.0,0.0,1.0,0.0
1827KB,2609.0,898.0,1169.55,36,1393,0,0,0,0,BU03610703,WK036107,GM0361,708.0,6,6,150000.0,1.0,6,1017.0,True,4456.336364999999,4099.8294558,6412.5537642,10512.38322,0.61,1.0,0.0,1.0,0.0,1.0,0.0
1827KC,2609.0,898.0,1169.55,36,1393,267,100,0,0,BU03610703,WK036107,GM0361,1503.0,12,12,313700.0,1.0,12,1017.0,True,4456.336364999999,4099.8294558,6412.5537642,10512.38322,0.61,1.0,0.0,1.0,0.0,1.0,0.0
1827KD,2465.0,702.0,1406.4499999999998,32,2256,262,0,0,0,BU03610703,WK036107,GM0361,688.0,6,6,146500.0,1.0,6,1223.0,True,5358.996434999999,4930.2767201999995,7711.458459799998,12641.735179999998,0.61,1.0,0.0,1.0,0.0,1.0,0.0
1827KE,2465.0,702.0,1406.4499999999998,32,2256,397,100,0,0,BU03610703,WK036107,GM0361,1508.0,11,11,307460.0,1.0,11,1223.0,True,5358.996434999999,4930.2767201999995,7711.458459799998,12641.735179999998,0.61,1.0,0.0,1.0,0.0,1.0,0.0
1827KG,2654.0,717.0,1010.8499999999999,33,2766,390,0,0,0,BU03610703,WK036107,GM0361,812.0,6,6,178640.0,1.0,6,879.0,True,3851.641754999999,3543.5104145999994,5542.4137254,9085.92414,0.61,1.0,0.0,1.0,0.0,1.0,0.0
1827KH,2654.0,717.0,1010.8499999999999,33,2766,286,90,0,0,BU03610703,WK036107,GM0361,1395.0,12,11,306900.0,1.0,12,879.0,True,3851.641754999999,3543.5104145999994,5542.4137254,9085.92414,0.61,1.0,0.0,1.0,0.0,1.0,0.0
1827KJ,3643.0,1045.0,1383.4499999999998,34,3779,408,100,0,0,BU03610703,WK036107,GM0361,2591.0,18,18,533382.5,0.9473684210526315,19,1203.0,True,5271.359534999999,4849.650772199999,7585.3512077999985,12435.001979999997,0.61,0.9473684210526315,0.052631578947368474,0.9473684210526315,0.052631578947368474,0.9473684210526315,0.052631578947368474
1827KK,3614.0,1010.0,1035.0,20,1161,283,100,0,0,BU03610703,WK036107,GM0361,1171.0,11,11,238720.0,1.0,11,900.0,True,3943.6605,3628.16766,5674.826339999999,9302.993999999999,0.61,1.0,0.0,1.0,0.0,1.0,0.0
1827KN,589.0,181.0,922.3,35,1444,0,0,0,0,BU03610703,WK036107,GM0361,396.0,3,3,81090.0,1.0,3,802.0,True,3514.2396899999994,3233.1005147999995,5056.9008052,8290.00132,0.61,1.0,0.0,1.0,0.0,1.0,0.0
1827KR,2410.0,1115.0,922.3,35,1444,283,0,80,0,BU03610704,WK036107,GM0361,1495.0,15,15,195460.0,1.0,15,802.0,True,3514.2396899999994,3233.1005147999995,5056.9008052,8290.00132,0.61,1.0,0.0,1.0,0.0,1.0,0.0
1827KS,2812.0,606.0,1063.75,39,1578,311,100,0,0,BU03610704,WK036107,GM0361,2465.0,20,20,518500.0,1.0,20,925.0,True,4053.206625,3728.950095,5832.460405,9561.4105,0.61,1.0,0.0,1.0,0.0,1.0,0.0
1827KT,2834.0,963.0,907.3499999999999,50,1826,309,100,0,0,BU03610704,WK036107,GM0361,3043.0,26,26,628715.0,1.0,26,789.0,True,3457.2757050000005,3180.6936486000004,4974.9310914,8155.62474,0.61,1.0,0.0,1.0,0.0,1.0,0.0
1827KV,1786.0,1249.0,928.05,23,621,279,0,0,0,BU03610704,WK036107,GM0361,1152.0,12,12,120000.0,1.0,12,807.0,True,3536.1489149999993,3253.2570017999997,5088.4276182,8341.68462,0.61,1.0,0.0,1.0,0.0,1.0,0.0
1827KW,3319.0,729.0,910.8,20,719,299,100,0,0,BU03610704,WK036107,GM0361,1133.0,11,11,198275.0,1.0,11,792.0,True,3470.4212399999997,3192.7875408,4993.8471792,8186.63472,0.61,1.0,0.0,1.0,0.0,1.0,0.0
1827KX,1349.0,476.0,646.3,147,7022,168,0,100,75,BU03610703,WK036107,GM0361,5543.0,78,77,805350.0,0.9493670886075949,79,562.0,True,2462.59689,2265.5891388,3543.6137811999997,5809.20292,0.61,0.9493670886075949,0.05063291139240511,0.9493670886075949,0.05063291139240511,0.9493670886075949,0.05063291139240511
1827LA,2797.0,0.0,3615.6,33,9824,231,0,0,0,BU03610700,WK036107,GM0361,794.0,8,9,157585.0,0.7,10,3144.0,True,13776.52068,12674.3990256,19824.0600144,32498.459039999998,0.61,0.7,0.30000000000000004,0.7,0.30000000000000004,0.7,0.30000000000000004
1827LB,10641.0,308.0,3615.6,33,9824,259,0,100,0,BU03610700,WK036107,GM0361,10247.0,85,4,795950.0,0.5428571428571428,70,3144.0,True,13776.52068,12674.3990256,506758.17766145885,519432.57668705884,0.9755995299593312,0.5428571428571428,0.4571428571428572,0.5428571428571428,0.4571428571428572,0.5428571428571428,0.4571428571428572
1827LC,1363.0,267.0,606.05,108,10968,171,0,100,75,BU03610700,WK036107,GM0361,5345.0,74,74,656915.0,1.0,74,527.0,True,2309.2323149999997,2124.4937298,3322.9260902,5447.41982,0.61,1.0,0.0,1.0,0.0,1.0,0.0
1827LD,2593.0,940.0,890.0999999999999,53,2713,264,100,0,0,BU03610700,WK036107,GM0361,2834.0,27,27,609090.0,0.9642857142857143,28,774.0,True,3391.5480299999995,3120.2241876,4880.350652399999,8000.574839999998,0.61,0.9642857142857143,0.0357142857142857,0.9642857142857143,0.0357142857142857,0.9642857142857143,0.0357142857142857
1827LE,2588.0,619.0,801.55,68,4339,266,100,0,0,BU03610700,WK036107,GM0361,3825.0,36,36,802685.0,1.0,36,697.0,True,3054.1459649999997,2809.8142878,4394.8377322,7204.6520199999995,0.61,1.0,0.0,1.0,0.0,1.0,0.0
1827LG,3436.0,594.0,898.15,53,2145,265,100,0,0,BU03610700,WK036107,GM0361,3027.0,29,29,645060.0,1.0,29,781.0,True,3422.2209449999996,3148.4432693999997,4924.4881906,8072.93146,0.61,1.0,0.0,1.0,0.0,1.0,0.0
1827LH,3659.0,724.0,1207.5,27,3576,357,100,0,0,BU03610700,WK036107,GM0361,1862.0,14,14,397175.0,1.0,14,1050.0,True,4600.93725,4232.8622700000005,6620.63073,10853.493,0.61,1.0,0.0,1.0,0.0,1.0,0.0
1827LJ,2836.0,703.0,865.9499999999999,62,3562,267,100,0,0,BU03610700,WK036107,GM0361,3451.0,33,33,718345.0,1.0,33,753.0,True,3299.529285,3035.5669422,4747.938037799999,7783.504979999999,0.6099999999999999,1.0,0.0,1.0,0.0,1.0,0.0
1827LK,2017.0,1159.0,849.8499999999999,35,1203,258,90,0,0,BU03610700,WK036107,GM0361,2004.0,19,19,417997.5,1.0,19,739.0,True,3238.183454999999,2979.1287785999994,4659.662961399999,7638.791739999999,0.61,1.0,0.0,1.0,0.0,1.0,0.0
1827LL,2224.0,586.0,833.7499999999999,62,2470,238,0,0,0,BU03610700,WK036107,GM0361,707.0,7,6,151175.0,1.0,7,725.0,True,3176.837624999999,2922.6906149999995,4571.387884999999,7494.078499999999,0.61,1.0,0.0,1.0,0.0,1.0,0.0
1827LM,2224.0,586.0,833.7499999999999,62,2470,243,80,20,0,BU03610700,WK036107,GM0361,2301.0,27,26,475757.5,1.0,27,725.0,True,3176.837624999999,2922.6906149999995,4571.387884999999,7494.078499999999,0.61,1.0,0.0,1.0,0.0,1.0,0.0
1827LN,2524.0,744.0,945.3,52,3514,272,100,0,0,BU03610700,WK036107,GM0361,2984.0,28,28,623262.5,1.0,28,822.0,True,3601.876589999999,3313.7264627999994,5183.008057199999,8496.734519999998,0.61,1.0,0.0,1.0,0.0,1.0,0.0
1827LP,2488.0,776.0,957.9499999999999,61,3116,282,80,20,5,BU03610700,WK036107,GM0361,3288.0,33,33,679640.0,1.0,33,833.0,True,3650.0768849999995,3358.0707341999996,5252.367045799999,8610.437779999998,0.61,1.0,0.0,1.0,0.0,1.0,0.0
1827LR,2253.0,691.0,930.3499999999999,53,3174,253,100,0,0,BU03610700,WK036107,GM0361,2861.0,28,28,629420.0,1.0,28,809.0,True,3544.912605,3261.3195966000003,5101.0383434,8362.35794,0.61,1.0,0.0,1.0,0.0,1.0,0.0
1827LS,2399.0,578.0,1147.6999999999998,37,1107,248,50,50,10,BU03610700,WK036107,GM0361,1895.0,21,21,403535.0,1.0,21,998.0,True,4373.08131,4023.2348051999998,6292.7518748,10315.98668,0.61,1.0,0.0,1.0,0.0,1.0,0.0
1827LV,2928.0,389.0,1213.25,42,1382,254,60,40,0,BU03610700,WK036107,GM0361,1931.0,21,21,407960.0,1.0,21,1055.0,True,4622.846474999999,4253.018757,6652.157542999999,10905.1763,0.61,1.0,0.0,1.0,0.0,1.0,0.0
1827LX,2446.0,1173.0,856.7499999999999,47,4441,339,100,0,0,BU03610700,WK036107,GM0361,3090.0,26,25,650305.0,1.0,26,745.0,True,3264.474524999999,3003.3165629999994,4697.495137,7700.811699999999,0.61,1.0,0.0,1.0,0.0,1.0,0.0
1827LZ,2532.0,721.0,802.6999999999999,50,2039,270,100,0,0,BU03610700,WK036107,GM0361,2816.0,26,26,615065.0,1.0,26,698.0,True,3058.5278099999996,2813.8455851999997,4401.1430948,7214.9886799999995,0.61,1.0,0.0,1.0,0.0,1.0,0.0
1827MA,2490.0,140.0,936.0999999999999,34,851,232,30,70,10,BU03610700,WK036107,GM0361,1502.0,19,19,323090.0,1.0,19,814.0,True,3566.8218299999994,3281.4760835999996,5132.565156399999,8414.041239999999,0.61,1.0,0.0,1.0,0.0,1.0,0.0
1827MB,1741.0,155.0,619.8499999999999,62,2891,169,0,100,0,BU03610700,WK036107,GM0361,2438.0,38,39,437990.0,1.0,38,539.0,True,2361.8144549999997,2172.8692985999996,3398.590441399999,5571.459739999998,0.61,1.0,0.0,1.0,0.0,1.0,0.0
1827MC,2974.0,452.0,872.8499999999999,37,849,235,60,40,10,BU03610700,WK036107,GM0361,1519.0,19,19,330940.0,1.0,19,759.0,True,3325.820355,3059.7547266,4785.770213399999,7845.524939999999,0.61,1.0,0.0,1.0,0.0,1.0,0.0
1827MD,1554.0,139.0,703.8,61,1632,163,10,90,0,BU03610700,WK036107,GM0361,2108.0,37,37,415115.0,1.0,37,612.0,True,2681.6891399999995,2467.1540087999997,3858.8819111999996,6326.035919999999,0.61,1.0,0.0,1.0,0.0,1.0,0.0
1827MG,2951.0,1918.0,1155.75,47,2933,415,100,0,0,BU03610700,WK036107,GM0361,3707.0,25,25,732670.0,1.0,25,1005.0,True,4403.754225000001,4051.4538870000006,6336.889413,10388.3433,0.61,1.0,0.0,1.0,0.0,1.0,0.0
1827MH,1875.0,312.0,1043.05,31,744,236,0,80,10,BU03610700,WK036107,GM0361,1345.0,16,16,292120.0,1.0,16,907.0,True,3974.3334149999996,3656.3867418,5718.963878199999,9375.35062,0.61,1.0,0.0,1.0,0.0,1.0,0.0
1827MJ,3441.0,645.0,947.5999999999999,58,3331,329,100,0,0,BU03610700,WK036107,GM0361,3715.0,30,30,787097.5,1.0,30,824.0,True,3610.6402799999987,3321.789057599999,5195.618782399999,8517.407839999998,0.61,1.0,0.0,1.0,0.0,1.0,0.0
1827MK,2700.0,1092.0,1189.1,44,2687,413,100,0,0,BU03610700,WK036107,GM0361,3672.0,25,25,723087.5,1.0,25,1034.0,True,4530.827729999999,4168.361511599999,6519.744928399999,10688.106439999998,0.61,1.0,0.0,1.0,0.0,1.0,0.0
1827ML,2885.0,51.0,891.2499999999999,35,867,227,40,60,10,BU03610700,WK036107,GM0361,1437.0,19,19,316140.0,1.0,19,775.0,True,3395.9298749999994,3124.2554849999997,4886.656015,8010.911499999999,0.61,1.0,0.0,1.0,0.0,1.0,0.0
1827MN,2695.0,753.0,954.4999999999999,27,1940,314,80,0,0,BU03610700,WK036107,GM0361,1624.0,14,14,334092.5,1.0,14,830.0,True,3636.93135,3345.976842,5233.450957999999,8579.4278,0.61,1.0,0.0,1.0,0.0,1.0,0.0
1827MP,2416.0,683.0,1171.85,37,1456,274,70,30,5,BU03610700,WK036107,GM0361,2025.0,21,21,436335.0,0.9545454545454546,22,1019.0,True,4465.100055,4107.8920506,6425.164489399999,10533.05654,0.61,0.9545454545454546,0.045454545454545414,0.9545454545454546,0.045454545454545414,0.9545454545454546,0.045454545454545414
1827NA,3535.0,2373.0,1351.25,40,3595,463,100,0,0,BU03610700,WK036107,GM0361,3561.0,21,21,768120.0,1.0,21,1175.0,True,5148.667875000001,4736.774445000001,7408.801055,12145.5755,0.61,1.0,0.0,1.0,0.0,1.0,0.0
1827NB,3981.0,2794.0,1207.5,45,4197,446,100,0,0,BU03610700,WK036107,GM0361,4243.0,25,25,894535.0,1.0,25,1050.0,True,4600.93725,4232.8622700000005,6620.63073,10853.493,0.61,1.0,0.0,1.0,0.0,1.0,0.0
1827NC,2904.0,1015.0,1393.8,41,3454,456,100,0,0,BU03610700,WK036107,GM0361,3488.0,21,21,712525.0,1.0,21,1212.0,True,5310.79614,4885.9324488,7642.099471199999,12528.03192,0.61,1.0,0.0,1.0,0.0,1.0,0.0
1827ND,2545.0,2586.0,1314.4499999999998,32,4019,447,100,0,0,BU03610700,WK036107,GM0361,3089.0,18,18,623695.0,0.9473684210526315,19,1143.0,True,5008.448835,4607.7729282,7207.029451799999,11814.80238,0.61,0.9473684210526315,0.052631578947368474,0.9473684210526315,0.052631578947368474,0.9473684210526315,0.052631578947368474
1827NE,3502.0,1709.0,1377.6999999999998,23,1850,491,100,0,0,BU03610700,WK036107,GM0361,2356.0,12,12,396295.0,1.0,12,1198.0,True,5249.450309999999,4829.4942851999995,7553.824394799999,12383.318679999998,0.61,1.0,0.0,1.0,0.0,1.0,0.0
1827NG,2805.0,2248.0,2370.1499999999996,42,3365,0,0,0,0,BU03610700,WK036107,GM0361,620.0,4,4,115862.5,1.0,4,2061.0,True,9030.982544999997,8308.503941399998,12995.352318599998,21303.856259999997,0.61,1.0,0.0,1.0,0.0,1.0,0.0
1827NH,2805.0,2248.0,2370.1499999999996,42,3365,435,0,0,0,BU03610700,WK036107,GM0361,1413.0,9,9,276760.0,1.0,9,2061.0,True,9030.982544999997,8308.503941399998,12995.352318599998,21303.856259999997,0.61,1.0,0.0,1.0,0.0,1.0,0.0
1827NJ,7309.0,3562.0,2370.1499999999996,42,3365,351,0,0,0,BU03610704,WK036107,GM0361,3386.0,25,10,579085.0,0.9090909090909091,11,2061.0,True,9030.982544999997,8308.503941399998,12995.352318599998,21303.856259999997,0.61,0.9090909090909091,0.09090909090909094,0.9090909090909091,0.09090909090909094,0.9090909090909091,0.09090909090909094
1827NK,2357.0,653.0,882.05,44,1617,273,30,70,20,BU03610704,WK036107,GM0361,3190.0,30,29,555495.0,1.0,30,767.0,True,3360.875115,3092.0051058,4836.2131142,7928.21822,0.61,1.0,0.0,1.0,0.0,1.0,0.0
1827NM,2234.0,1073.0,771.65,28,2909,318,100,0,0,BU03610704,WK036107,GM0361,1952.0,16,16,336585.0,1.0,16,671.0,True,2940.217995,2705.0005554,4230.8983046,6935.89886,0.61,1.0,0.0,1.0,0.0,1.0,0.0
1827NN,3377.0,1353.0,1086.75,41,2709,392,100,0,0,BU03610704,WK036107,GM0361,3498.0,22,21,583675.0,1.0,22,945.0,True,4140.843525,3809.576043,5958.567656999999,9768.143699999999,0.61,1.0,0.0,1.0,0.0,1.0,0.0
1827NP,3170.0,1104.0,967.15,33,1980,0,100,0,0,BU03610704,WK036107,GM0361,2474.0,18,18,422255.0,1.0,18,841.0,True,3685.131645,3390.3211134000003,5302.809946599999,8693.13106,0.61,1.0,0.0,1.0,0.0,1.0,0.0
1827NR,2865.0,1348.0,862.4999999999999,36,1535,319,100,0,0,BU03610704,WK036107,GM0361,2565.0,19,19,431232.5,1.0,19,750.0,True,3286.3837499999995,3023.4730499999996,4729.021949999999,7752.494999999999,0.61,1.0,0.0,1.0,0.0,1.0,0.0
1827NS,2421.0,451.0,757.8499999999999,57,1531,203,20,80,25,BU03610704,WK036107,GM0361,2717.0,36,36,481685.0,1.0,36,659.0,True,2887.6358549999995,2656.6249866,4155.233953399999,6811.858939999999,0.61,1.0,0.0,1.0,0.0,1.0,0.0
1827NT,2683.0,1977.0,1015.4499999999999,33,1279,371,100,0,0,BU03610704,WK036107,GM0361,2407.0,17,17,411152.5,1.0,17,883.0,True,3869.1691349999996,3559.6356041999998,5567.635175799999,9127.270779999999,0.61,1.0,0.0,1.0,0.0,1.0,0.0
1827NV,2230.0,1178.0,925.7499999999999,50,2268,0,0,0,0,BU03610704,WK036107,GM0361,1164.0,9,8,208760.0,0.9,10,805.0,True,3527.3852249999986,3245.194406999999,5075.816892999999,8321.011299999998,0.61,0.9,0.09999999999999998,0.9,0.09999999999999998,0.9,0.09999999999999998
1827NW,2673.0,994.0,925.7499999999999,50,2268,290,100,0,0,BU03610704,WK036107,GM0361,2041.0,20,20,340770.0,1.0,20,805.0,True,3527.3852249999986,3245.194406999999,5075.816892999999,8321.011299999998,0.61,1.0,0.0,1.0,0.0,1.0,0.0
1827PA,3314.0,1416.0,1383.4499999999998,45,1996,347,50,50,0,BU03610704,WK036107,GM0361,3918.0,32,22,703912.5,0.9565217391304348,23,1203.0,True,5271.359534999999,4849.650772199999,7585.3512077999985,12435.001979999997,0.61,0.9565217391304348,0.04347826086956519,0.9565217391304348,0.04347826086956519,0.9565217391304348,0.04347826086956519
1827PB,2458.0,646.0,1133.8999999999999,34,3232,356,90,0,0,BU03610704,WK036107,GM0361,2568.0,19,19,541290.0,1.0,19,986.0,True,4320.499169999999,3974.8592363999996,6217.087523599999,10191.946759999999,0.61,1.0,0.0,1.0,0.0,1.0,0.0
1827PC,3032.0,1916.0,794.65,41,1654,298,100,0,0,BU03610704,WK036107,GM0361,2195.0,22,22,448862.5,0.9565217391304348,23,691.0,True,3027.8548949999995,2785.6265034,4357.0055566,7142.63206,0.61,0.9565217391304348,0.04347826086956519,0.9565217391304348,0.04347826086956519,0.9565217391304348,0.04347826086956519
1827PD,2220.0,850.0,892.4,39,2306,279,100,0,0,BU03610704,WK036107,GM0361,2187.0,21,21,463467.5,1.0,21,776.0,True,3400.31172,3128.2867824000004,4892.9613776,8021.24816,0.61,1.0,0.0,1.0,0.0,1.0,0.0
1827PE,2734.0,438.0,940.6999999999999,39,2803,283,100,0,0,BU03610704,WK036107,GM0361,2231.0,21,21,472707.5,1.0,21,818.0,True,3584.34921,3297.6012732,5157.7866068,8455.38788,0.61,1.0,0.0,1.0,0.0,1.0,0.0
1827PG,2794.0,775.0,948.7499999999999,43,1741,291,100,0,0,BU03610704,WK036107,GM0361,2482.0,24,24,503782.5,1.0,24,825.0,True,3615.0221249999995,3325.820355,5201.924144999999,8527.744499999999,0.61,1.0,0.0,1.0,0.0,1.0,0.0
1827PH,2765.0,1473.0,1140.8,39,2597,324,100,0,0,BU03610704,WK036107,GM0361,2697.0,22,22,526642.5,0.8461538461538461,26,992.0,True,4346.790239999999,3999.0470207999997,6254.919699199999,10253.966719999999,0.61,0.8461538461538461,0.15384615384615385,0.8461538461538461,0.15384615384615385,0.8461538461538461,0.15384615384615385
1827PJ,2778.0,513.0,1002.8,51,2809,307,100,0,0,BU03610704,WK036107,GM0361,3151.0,27,27,656895.0,1.0,27,872.0,True,3820.9688400000005,3515.2913328000004,5498.2761872,9013.56752,0.61,1.0,0.0,1.0,0.0,1.0,0.0
1827PK,2583.0,992.0,877.4499999999999,50,3030,309,100,0,0,BU03610704,WK036107,GM0361,3154.0,27,27,659587.5,1.0,27,763.0,True,3343.3477350000003,3075.8799162000005,4810.9916637999995,7886.87158,0.61,1.0,0.0,1.0,0.0,1.0,0.0
1827PL,2698.0,795.0,867.0999999999999,42,1496,271,100,0,0,BU03610704,WK036107,GM0361,2274.0,23,23,495745.0,0.9583333333333334,24,754.0,True,3303.91113,3039.5982396,4754.2434004,7793.84164,0.61,0.9583333333333334,0.04166666666666663,0.9583333333333334,0.04166666666666663,0.9583333333333334,0.04166666666666663
1827PM,2985.0,974.0,879.7499999999999,37,1444,292,100,0,0,BU03610704,WK036107,GM0361,2319.0,22,22,476862.5,1.0,22,765.0,True,3352.111425,3083.942511,4823.602389,7907.5449,0.61,1.0,0.0,1.0,0.0,1.0,0.0
1827PN,3713.0,903.0,962.55,49,4697,318,100,0,0,BU03610704,WK036107,GM0361,3254.0,26,26,698750.0,0.9285714285714286,28,837.0,True,3667.604265,3374.1959238,5277.5884962,8651.78442,0.61,0.9285714285714286,0.0714285714285714,0.9285714285714286,0.0714285714285714,0.9285714285714286,0.0714285714285714
1827PP,2087.0,535.0,696.9,48,1914,270,90,0,0,BU03610704,WK036107,GM0361,2052.0,24,24,439680.0,1.0,24,606.0,True,2655.39807,2442.9662244,3821.0497355999996,6264.01596,0.61,1.0,0.0,1.0,0.0,1.0,0.0
1827PR,2970.0,614.0,995.9,68,3931,250,60,40,15,BU03610703,WK036107,GM0361,3623.0,35,35,677137.5,0.9722222222222222,36,866.0,True,3794.6777699999993,3491.1035483999995,5460.4440116,8951.547559999999,0.61,0.9722222222222222,0.02777777777777779,0.9722222222222222,0.02777777777777779,0.9722222222222222,0.02777777777777779
1827PS,2017.0,876.0,1112.05,29,1770,237,40,60,10,BU03610703,WK036107,GM0361,1598.0,16,16,307910.0,1.0,16,967.0,True,4237.2441149999995,3898.2645857999996,6097.2856342,9995.55022,0.61,1.0,0.0,1.0,0.0,1.0,0.0
1827PT,2141.0,885.0,916.55,30,1321,212,0,0,0,BU03610703,WK036107,GM0361,1552.0,16,16,263355.0,1.0,16,797.0,True,3492.330465,3212.9440278,5025.3739922,8238.31802,0.61,1.0,0.0,1.0,0.0,1.0,0.0
1827PV,2731.0,752.0,953.3499999999999,48,2559,276,100,0,0,BU03610703,WK036107,GM0361,2775.0,26,26,578625.0,1.0,26,829.0,True,3632.549505,3341.9455446,5227.1455954,8569.09114,0.61,1.0,0.0,1.0,0.0,1.0,0.0
1827PW,1652.0,331.0,593.4,74,3015,174,0,100,0,BU03610703,WK036107,GM0361,3294.0,50,50,468075.0,1.0,50,516.0,True,2261.03202,2080.1494584,3253.5671015999997,5333.71656,0.61,1.0,0.0,1.0,0.0,1.0,0.0
1827PX,3597.0,1138.0,1360.4499999999998,28,1952,451,70,30,5,BU03610703,WK036107,GM0361,2288.0,15,15,379822.5,1.0,15,1183.0,True,5183.722634999999,4769.0248242,7459.243955799999,12228.268779999999,0.61,1.0,0.0,1.0,0.0,1.0,0.0
1827PZ,2612.0,911.0,1100.55,90,5320,560,0,0,0,BU03610703,WK036107,GM0361,1507.0,8,7,280192.5,1.0,8,957.0,True,4193.425665,3857.9516118,6034.2320082,9892.18362,0.61,1.0,0.0,1.0,0.0,1.0,0.0
1827RA,2612.0,911.0,1100.55,90,5320,265,50,50,10,BU03610704,WK036107,GM0361,4374.0,41,41,740945.0,1.0,41,957.0,True,4193.425665,3857.9516118,6034.2320082,9892.18362,0.61,1.0,0.0,1.0,0.0,1.0,0.0
1827RB,1689.0,1389.0,859.05,40,992,238,0,0,0,BU03610704,WK036107,GM0361,1812.0,20,20,240090.0,1.0,20,747.0,True,3273.238215,3011.3791578,4710.1058622,7721.48502,0.61,1.0,0.0,1.0,0.0,1.0,0.0
1827RC,2550.0,763.0,984.4,40,3639,300,100,0,0,BU03610704,WK036107,GM0361,2809.0,23,23,547815.0,1.0,23,856.0,True,3750.85932,3450.7905744,5397.3903856,8848.18096,0.61,1.0,0.0,1.0,0.0,1.0,0.0
1827RD,3084.0,999.0,946.4499999999999,37,1396,297,100,0,0,BU03610704,WK036107,GM0361,2029.0,20,20,360115.0,1.0,20,823.0,True,3606.258435,3317.7577602,5189.313419799999,8507.071179999999,0.61,1.0,0.0,1.0,0.0,1.0,0.0
1827RE,2615.0,722.0,781.9999999999999,32,1166,0,100,0,0,BU03610704,WK036107,GM0361,1651.0,17,17,288925.0,1.0,17,680.0,True,2979.6545999999994,2741.2822319999996,4287.646567999999,7028.928799999999,0.61,1.0,0.0,1.0,0.0,1.0,0.0
1827RG,2054.0,596.0,750.9499999999999,38,4407,170,0,0,0,BU03610704,WK036107,GM0361,1765.0,27,28,292955.0,1.0,27,653.0,True,2861.344785,2632.4372022,4117.4017778,6749.8389799999995,0.61,1.0,0.0,1.0,0.0,1.0,0.0
1827RH,3138.0,1435.0,1422.55,42,3422,416,100,0,0,BU03610704,WK036107,GM0361,3149.0,24,22,543802.5,0.96,25,1237.0,True,5420.342264999999,4986.714883799999,7799.733536199999,12786.448419999999,0.61,0.96,0.040000000000000036,0.96,0.040000000000000036,0.96,0.040000000000000036
1827RJ,2879.0,554.0,859.05,44,1401,281,100,0,0,BU03610704,WK036107,GM0361,2387.0,24,24,397155.0,1.0,24,747.0,True,3273.238215,3011.3791578,4710.1058622,7721.48502,0.61,1.0,0.0,1.0,0.0,1.0,0.0
1827RK,2663.0,868.0,980.9499999999999,41,1138,264,0,0,0,BU03610704,WK036107,GM0361,2112.0,22,22,243120.0,1.0,22,853.0,True,3737.7137850000004,3438.6966822000004,5378.4742978,8817.17098,0.61,1.0,0.0,1.0,0.0,1.0,0.0
1827RL,3259.0,1108.0,783.15,19,1664,343,100,0,0,BU03610704,WK036107,GM0361,1234.0,10,10,229737.5,1.0,10,681.0,True,2984.036445,2745.3135294000003,4293.951930599999,7039.26546,0.61,1.0,0.0,1.0,0.0,1.0,0.0
1827RM,2574.0,921.0,840.65,39,2709,327,100,0,0,BU03610704,WK036107,GM0361,2273.0,20,20,480087.5,1.0,20,731.0,True,3203.1286950000003,2946.8783994000005,4609.2200606,7556.09846,0.61,1.0,0.0,1.0,0.0,1.0,0.0
1827RN,1207.0,615.0,807.3,42,734,169,0,0,0,BU03610704,WK036107,GM0361,1765.0,27,28,304090.0,1.0,27,702.0,True,3076.05519,2829.9707748,4426.364545199999,7256.335319999999,0.61,1.0,0.0,1.0,0.0,1.0,0.0
1827RP,3638.0,602.0,954.4999999999999,31,3062,308,100,0,0,BU03610704,WK036107,GM0361,1960.0,16,16,424990.0,1.0,16,830.0,True,3636.93135,3345.976842,5233.450957999999,8579.4278,0.61,1.0,0.0,1.0,0.0,1.0,0.0
1827RR,3396.0,388.0,877.4499999999999,24,2161,312,100,0,0,BU03610704,WK036107,GM0361,1294.0,12,12,280000.0,1.0,12,763.0,True,3343.3477350000003,3075.8799162000005,4810.9916637999995,7886.87158,0.61,1.0,0.0,1.0,0.0,1.0,0.0
1827RS,4491.0,1187.0,998.1999999999999,31,1928,301,100,0,0,BU03610704,WK036107,GM0361,1872.0,16,15,359792.5,1.0,16,868.0,True,3803.44146,3499.1661432,5473.054736799999,8972.220879999999,0.61,1.0,0.0,1.0,0.0,1.0,0.0
1827RT,2389.0,1375.0,762.4499999999999,27,2201,306,100,0,0,BU03610704,WK036107,GM0361,1599.0,14,14,345660.0,1.0,14,663.0,True,2905.163234999999,2672.7501761999993,4180.4554038,6853.205579999999,0.6100000000000001,1.0,0.0,1.0,0.0,1.0,0.0
1827RV,2796.0,948.0,893.55,35,3474,325,100,0,0,BU03610704,WK036107,GM0361,2191.0,18,18,471695.0,1.0,18,777.0,True,3404.693564999999,3132.3180797999994,4899.2667402,8031.584819999999,0.61,1.0,0.0,1.0,0.0,1.0,0.0
1827RW,2872.0,1684.0,1293.75,26,1904,436,100,0,0,BU03610704,WK036107,GM0361,2025.0,14,14,348615.0,1.0,14,1125.0,True,4929.5756249999995,4535.209575,7093.532925,11628.7425,0.61,1.0,0.0,1.0,0.0,1.0,0.0
1827RX,2511.0,686.0,849.8499999999999,36,1552,286,100,0,0,BU03610704,WK036107,GM0361,2117.0,20,19,348375.0,1.0,20,739.0,True,3238.183454999999,2979.1287785999994,4659.662961399999,7638.791739999999,0.61,1.0,0.0,1.0,0.0,1.0,0.0
1827RZ,2303.0,974.0,1325.9499999999998,46,3832,0,0,0,0,BU03610704,WK036107,GM0361,907.0,8,8,185005.0,1.0,8,1153.0,True,5052.267284999999,4648.0859021999995,7270.083077799999,11918.168979999999,0.61,1.0,0.0,1.0,0.0,1.0,0.0
1829AA,0.0,0.0,1325.9499999999998,46,3832,500,100,0,0,BU03610202,WK036102,GM0361,2249.0,16,16,776172.5,1.0,16,1153.0,True,5052.267284999999,4648.0859021999995,7270.083077799999,11918.168979999999,0.61,1.0,0.0,1.0,0.0,1.0,0.0
1829AB,7954.0,1090.0,2309.2,31,2569,449,90,0,0,BU03610202,WK036102,GM0361,2252.0,18,19,775475.0,0.75,20,2008.0,True,8798.74476,8094.8451792,12661.1681008,20756.01328,0.61,0.75,0.25,0.75,0.25,0.75,0.25
1829AC,4879.0,304.0,2710.5499999999997,34,8452,95,20,80,0,BU03610201,WK036102,GM0361,7717.0,109,20,1948515.0,0.9222222222222223,90,2357.0,True,10328.008664999998,9501.767971799998,1355583.0699234295,1365084.8378952295,0.993039430438294,0.9222222222222223,0.07777777777777772,0.9222222222222223,0.07777777777777772,0.9222222222222223,0.07777777777777772
1829AG,4337.0,797.0,1891.7499999999998,31,3111,440,80,0,0,BU03610202,WK036102,GM0361,3067.0,22,17,1012287.5,0.9,20,1645.0,True,7208.135024999999,6631.4842229999995,10372.321476999998,17003.805699999997,0.61,0.9,0.09999999999999998,0.9,0.09999999999999998,0.9,0.09999999999999998
1829AH,4600.0,1411.0,1961.8999999999999,34,3065,452,90,0,0,BU03610202,WK036102,GM0361,2419.0,18,18,891422.5,0.9473684210526315,19,1706.0,True,7475.427570000001,6877.393364400001,10756.9485956,17634.34196,0.61,0.9473684210526315,0.052631578947368474,0.9473684210526315,0.052631578947368474,0.9473684210526315,0.052631578947368474
1829AJ,3925.0,876.0,1382.3,26,1951,384,90,0,0,BU03610201,WK036102,GM0361,2050.0,15,13,651827.5,0.9285714285714286,14,1202.0,True,5266.97769,4845.6194748,7579.045845199998,12424.665319999998,0.61,0.9285714285714286,0.0714285714285714,0.9285714285714286,0.0714285714285714,0.9285714285714286,0.0714285714285714
1829AN,2344.0,521.0,1622.6499999999999,29,1565,355,100,0,0,BU03610201,WK036102,GM0361,2330.0,17,17,644602.5,0.9444444444444444,18,1411.0,True,6182.783295,5688.1606314,8896.866628599999,14585.027259999999,0.61,0.9444444444444444,0.05555555555555558,0.9444444444444444,0.05555555555555558,0.9444444444444444,0.05555555555555558
1829AP,1351.0,1006.0,713.0,56,2859,213,0,100,0,BU03610201,WK036102,GM0361,2304.0,33,35,239820.0,1.0,33,620.0,True,2716.7439,2499.404388,3909.324812,6408.7292,0.61,1.0,0.0,1.0,0.0,1.0,0.0
1829AR,3322.0,844.0,1467.3999999999999,30,1213,362,100,0,0,BU03610201,WK036102,GM0361,2481.0,16,16,754870.0,1.0,16,1276.0,True,5591.23422,5143.9354824,8045.642677599999,13189.57816,0.61,1.0,0.0,1.0,0.0,1.0,0.0
1829AS,2509.0,1015.0,987.8499999999999,41,3308,421,100,0,0,BU03610201,WK036102,GM0361,3403.0,23,23,910805.0,1.0,23,859.0,True,3764.004854999999,3462.8844665999995,5416.306473399999,8879.190939999999,0.61,1.0,0.0,1.0,0.0,1.0,0.0
1829AT,1599.0,904.0,634.8,35,757,214,0,0,0,BU03610201,WK036102,GM0361,1404.0,20,21,145400.0,1.0,20,552.0,True,2418.77844,2225.2761648,3480.5601551999994,5705.836319999999,0.61,1.0,0.0,1.0,0.0,1.0,0.0
1829BA,2904.0,1009.0,1615.7499999999998,19,1608,501,0,0,0,BU03610202,WK036102,GM0361,2044.0,9,9,740582.5,1.0,9,1405.0,True,6156.492224999999,5663.972846999999,8859.034452999998,14523.007299999997,0.61,1.0,0.0,1.0,0.0,1.0,0.0
1829BB,2369.0,2594.0,1597.35,24,3453,465,100,0,0,BU03610202,WK036102,GM0361,2459.0,15,15,743722.5,1.0,15,1389.0,True,6086.382704999999,5599.4720886,8758.1486514,14357.62074,0.61,1.0,0.0,1.0,0.0,1.0,0.0
1829BC,4061.0,2707.0,1815.85,44,4075,538,90,0,0,BU03610202,WK036102,GM0361,5043.0,27,24,1338617.5,1.0,27,1579.0,True,6918.933254999999,6365.4185946,9956.1675454,16321.58614,0.61,1.0,0.0,1.0,0.0,1.0,0.0
1829BD,2867.0,1087.0,1877.9499999999998,29,4227,0,100,0,0,BU03610202,WK036102,GM0361,3152.0,17,17,848355.0,1.0,17,1633.0,True,7155.552884999999,6583.108654199999,10296.657125799999,16879.765779999998,0.61,1.0,0.0,1.0,0.0,1.0,0.0
1829BE,2733.0,1248.0,1910.1499999999999,32,5553,496,100,0,0,BU03610202,WK036102,GM0361,3109.0,17,17,805020.0,1.0,17,1661.0,True,7278.2445450000005,6695.984981400001,10473.207278599999,17169.19226,0.61,1.0,0.0,1.0,0.0,1.0,0.0
1829BG,3249.0,1282.0,1676.6999999999998,26,4410,526,90,0,0,BU03610202,WK036102,GM0361,3074.0,16,15,864997.5,1.0,16,1458.0,True,6388.730009999999,5877.6316092,9193.218670799997,15070.850279999997,0.61,1.0,0.0,1.0,0.0,1.0,0.0
1829BH,4105.0,2866.0,1734.1999999999998,20,1401,662,100,0,0,BU03610202,WK036102,GM0361,2141.0,11,11,555022.5,1.0,11,1508.0,True,6607.82226,6079.1964792,9508.4868008,15587.68328,0.61,1.0,0.0,1.0,0.0,1.0,0.0
1829BJ,3562.0,1881.0,1537.55,40,3021,532,100,0,0,BU03610202,WK036102,GM0361,3201.0,21,21,968630.0,1.0,21,1337.0,True,5858.526765,5389.8446238,8430.2697962,13820.11442,0.61,1.0,0.0,1.0,0.0,1.0,0.0
1829BK,3511.0,684.0,1465.1,39,3214,430,100,0,0,BU03610202,WK036102,GM0361,2997.0,23,23,864825.0,1.0,23,1274.0,True,5582.47053,5135.8728876,8033.0319524,13168.90484,0.61,1.0,0.0,1.0,0.0,1.0,0.0
1829BL,3382.0,1394.0,1614.6,33,2320,439,100,0,0,BU03610202,WK036102,GM0361,2456.0,20,19,707775.0,0.9523809523809523,21,1404.0,True,6152.11038,5659.9415496,8852.729090399998,14512.670639999998,0.61,0.9523809523809523,0.04761904761904767,0.9523809523809523,0.04761904761904767,0.9523809523809523,0.04761904761904767
1829BM,4571.0,177.0,1906.6999999999998,24,1750,479,90,0,0,BU03610202,WK036102,GM0361,2075.0,15,13,678677.5,0.9333333333333333,15,1658.0,True,7265.09901,6683.8910892,10454.2911908,17138.18228,0.61,0.9333333333333333,0.06666666666666665,0.9333333333333333,0.06666666666666665,0.9333333333333333,0.06666666666666665
1829BN,3087.0,349.0,1747.9999999999998,42,2900,343,60,40,10,BU03610202,WK036102,GM0361,2470.0,21,21,796475.0,0.9545454545454546,22,1520.0,True,6660.404399999998,6127.572047999998,9584.151151999999,15711.723199999997,0.61,0.9545454545454546,0.045454545454545414,0.9545454545454546,0.045454545454545414,0.9545454545454546,0.045454545454545414
1829BP,1385.0,1016.0,1233.9499999999998,21,1183,343,50,50,5,BU03610202,WK036102,GM0361,1119.0,12,12,363052.5,1.0,12,1073.0,True,4701.719684999999,4325.582110199999,6765.654069799999,11091.236179999998,0.61,1.0,0.0,1.0,0.0,1.0,0.0
1829BR,3084.0,887.0,1586.9999999999998,22,1823,422,90,0,0,BU03610202,WK036102,GM0361,1872.0,13,12,445585.0,1.0,13,1380.0,True,6046.946099999999,5563.190412,8701.400387999998,14264.590799999998,0.61,1.0,0.0,1.0,0.0,1.0,0.0
1829BS,2905.0,154.0,1928.55,16,2712,0,0,0,0,BU03610202,WK036102,GM0361,1494.0,12,10,571372.5,0.8,10,1677.0,True,7348.354065,6760.4857398,10574.093080199998,17334.57882,0.61,0.8,0.19999999999999996,0.8,0.19999999999999996,0.8,0.19999999999999996
1829BT,3069.0,1445.0,1753.7499999999998,35,3165,416,90,0,0,BU03610202,WK036102,GM0361,2818.0,21,19,1019572.5,0.9473684210526315,19,1525.0,True,6682.313624999998,6147.728534999998,9615.677964999999,15763.406499999997,0.61,0.9473684210526315,0.052631578947368474,0.9473684210526315,0.052631578947368474,0.9473684210526315,0.052631578947368474
1829BV,2275.0,1389.0,1678.9999999999998,28,2737,442,70,0,0,BU03610202,WK036102,GM0361,2306.0,16,16,641007.5,0.9375,16,1460.0,True,6397.493699999999,5885.694203999999,9205.829396,15091.523599999999,0.61,0.9375,0.0625,0.9375,0.0625,0.9375,0.0625
1829BW,2738.0,457.0,1650.2499999999998,23,1009,403,100,0,0,BU03610202,WK036102,GM0361,1556.0,12,12,549342.5,1.0,12,1435.0,True,6287.947574999998,5784.9117689999985,9048.195330999999,14833.107099999997,0.61,1.0,0.0,1.0,0.0,1.0,0.0
1829BX,2712.0,1103.0,1535.2499999999998,23,2319,0,100,0,0,BU03610202,WK036102,GM0361,1736.0,12,12,543945.0,1.0,12,1335.0,True,5849.763074999998,5381.782028999998,8417.659070999998,13799.441099999996,0.61,1.0,0.0,1.0,0.0,1.0,0.0
1829BZ,3552.0,558.0,804.9999999999999,133,4953,0,0,0,0,BU03610202,WK036102,GM0361,268.0,2,2,72095.0,1.0,2,700.0,True,3067.2914999999994,2821.9081799999994,4413.75382,7235.661999999999,0.61,1.0,0.0,1.0,0.0,1.0,0.0
1829CA,3552.0,558.0,804.9999999999999,133,4953,236,20,80,0,BU03610202,WK036102,GM0361,10783.0,67,67,1767342.5,0.9305555555555556,72,700.0,True,3067.2914999999994,2821.9081799999994,4413.75382,7235.661999999999,0.61,0.9305555555555556,0.06944444444444442,0.9305555555555556,0.06944444444444442,0.9305555555555556,0.06944444444444442
1829CB,3174.0,973.0,1606.55,25,2024,377,100,0,0,BU03610202,WK036102,GM0361,1933.0,13,13,600850.0,0.8666666666666667,15,1397.0,True,6121.437465,5631.7224678,8808.5915522,14440.31402,0.61,0.8666666666666667,0.1333333333333333,0.8666666666666667,0.1333333333333333,0.8666666666666667,0.1333333333333333
1829CC,3270.0,834.0,1701.9999999999998,62,6057,0,0,0,0,BU03610202,WK036102,GM0361,1055.0,8,8,303737.5,1.0,8,1480.0,True,6485.130599999998,5966.320151999998,9331.936647999999,15298.256799999997,0.61,1.0,0.0,1.0,0.0,1.0,0.0
1829CD,3270.0,834.0,1701.9999999999998,62,6057,349,0,0,0,BU03610202,WK036102,GM0361,1002.0,8,8,300852.5,1.0,8,1480.0,True,6485.130599999998,5966.320151999998,9331.936647999999,15298.256799999997,0.61,1.0,0.0,1.0,0.0,1.0,0.0
1829CE,3270.0,834.0,1701.9999999999998,62,6057,390,100,0,0,BU03610202,WK036102,GM0361,3397.0,25,19,1019515.0,0.9473684210526315,19,1480.0,True,6485.130599999998,5966.320151999998,9331.936647999999,15298.256799999997,0.61,0.9473684210526315,0.052631578947368474,0.9473684210526315,0.052631578947368474,0.9473684210526315,0.052631578947368474
1829CG,2740.0,1063.0,1652.55,50,3430,366,100,0,0,BU03610202,WK036102,GM0361,3645.0,26,26,1114585.0,0.9629629629629629,27,1437.0,True,6296.711265,5792.9743638,9060.8060562,14853.78042,0.61,0.9629629629629629,0.03703703703703709,0.9629629629629629,0.03703703703703709,0.9629629629629629,0.03703703703703709
1829CH,3269.0,1123.0,1405.3,35,2077,319,70,30,0,BU03610202,WK036102,GM0361,2727.0,24,20,925485.0,0.9565217391304348,23,1222.0,True,5354.614589999999,4926.2454228,7705.153097199999,12631.398519999999,0.61,0.9565217391304348,0.04347826086956519,0.9565217391304348,0.04347826086956519,0.9565217391304348,0.04347826086956519
1829CJ,2459.0,938.0,1288.0,34,2151,350,90,0,0,BU03610202,WK036102,GM0361,2222.0,18,18,710732.5,1.0,18,1120.0,True,4907.6664,4515.053088000001,7062.006112000001,11577.059200000002,0.61,1.0,0.0,1.0,0.0,1.0,0.0
1829CK,2699.0,801.0,1260.3999999999999,61,4046,0,0,0,0,BU03610202,WK036102,GM0361,780.0,6,6,278850.0,1.0,6,1096.0,True,4802.50212,4418.3019504,6910.677409599999,11328.97936,0.61,1.0,0.0,1.0,0.0,1.0,0.0
1829CL,2699.0,801.0,1260.3999999999999,61,4046,0,0,0,0,BU03610202,WK036102,GM0361,353.0,3,3,107400.0,1.0,3,1096.0,True,4802.50212,4418.3019504,6910.677409599999,11328.97936,0.61,1.0,0.0,1.0,0.0,1.0,0.0
1829CM,2699.0,801.0,1260.3999999999999,61,4046,287,0,0,0,BU03610202,WK036102,GM0361,640.0,6,6,133012.5,1.0,6,1096.0,True,4802.50212,4418.3019504,6910.677409599999,11328.97936,0.61,1.0,0.0,1.0,0.0,1.0,0.0
1829CN,2699.0,801.0,1260.3999999999999,61,4046,317,0,0,0,BU03610202,WK036102,GM0361,714.0,6,6,236457.5,1.0,6,1096.0,True,4802.50212,4418.3019504,6910.677409599999,11328.97936,0.61,1.0,0.0,1.0,0.0,1.0,0.0
1829CP,2699.0,801.0,1260.3999999999999,61,4046,0,100,0,0,BU03610202,WK036102,GM0361,2257.0,13,13,522732.5,0.6190476190476191,21,1096.0,True,4802.50212,4418.3019504,6910.677409599999,11328.97936,0.61,0.6190476190476191,0.38095238095238093,0.6190476190476191,0.38095238095238093,0.6190476190476191,0.38095238095238093
1829CR,1740.0,1571.0,1130.4499999999998,28,1074,276,30,70,10,BU03610202,WK036102,GM0361,1454.0,15,15,316905.0,1.0,15,983.0,True,4307.353634999999,3962.765344199999,6198.171435799999,10160.936779999998,0.61,1.0,0.0,1.0,0.0,1.0,0.0
1829CS,1929.0,1846.0,1090.1999999999998,35,2431,380,90,0,0,BU03610202,WK036102,GM0361,2320.0,19,19,510562.5,1.0,19,948.0,True,4153.989059999999,3821.6699351999996,5977.483744799998,9799.153679999998,0.61,1.0,0.0,1.0,0.0,1.0,0.0
1829CT,2561.0,765.0,1137.35,24,1093,0,100,0,0,BU03610202,WK036102,GM0361,1342.0,12,12,414215.0,1.0,12,989.0,True,4333.644704999999,3986.953128599999,6236.003611399999,10222.956739999998,0.61,1.0,0.0,1.0,0.0,1.0,0.0
1829CV,3630.0,588.0,1629.55,50,3047,347,100,0,0,BU03610202,WK036102,GM0361,9430.0,72,28,3182367.5,0.896551724137931,29,1417.0,True,6209.074365,5712.348415800001,981324.7682486445,987037.1166644446,0.9942126305897147,0.896551724137931,0.10344827586206895,0.896551724137931,0.10344827586206895,0.896551724137931,0.10344827586206895
1829CW,3008.0,177.0,1468.55,51,1730,325,100,0,0,BU03610202,WK036102,GM0361,4201.0,29,29,1256780.0,1.0,29,1277.0,True,5595.616065,5147.9667798,8051.9480402,13199.91482,0.61,1.0,0.0,1.0,0.0,1.0,0.0
1829CZ,4383.0,1426.0,2640.3999999999996,36,2613,506,90,0,0,BU03610201,WK036102,GM0361,4715.0,31,19,1413307.5,0.9047619047619048,21,2296.0,True,10060.716119999997,9255.858830399999,14477.112529599997,23732.971359999996,0.61,0.9047619047619048,0.09523809523809523,0.9047619047619048,0.09523809523809523,0.9047619047619048,0.09523809523809523
1829DA,2526.0,418.0,1205.1999999999998,37,4342,267,90,0,0,BU03610202,WK036102,GM0361,2403.0,21,21,584795.0,1.0,21,1048.0,True,4592.173559999999,4224.7996752,6608.020004799999,10832.819679999999,0.61,1.0,0.0,1.0,0.0,1.0,0.0
1829DB,1961.0,99.0,1206.35,36,4011,271,90,0,0,BU03610202,WK036102,GM0361,2117.0,20,20,534245.0,1.0,20,1049.0,True,4596.555404999999,4228.8309726,6614.3253674,10843.15634,0.61,1.0,0.0,1.0,0.0,1.0,0.0
1829DC,2986.0,2071.0,1485.8,22,3282,407,100,0,0,BU03610202,WK036102,GM0361,2006.0,11,11,489600.0,1.0,11,1292.0,True,5661.343739999999,5208.4362408,8146.5284792,13354.96472,0.61,1.0,0.0,1.0,0.0,1.0,0.0
1829DE,3014.0,295.0,0.0,0,0,207,0,0,0,BU03610202,WK036102,GM0361,1816.0,24,1,412320.0,1.0,24,0.0,True,0.0,0.0,412320.0,412320.0,1.0,1.0,0.0,1.0,0.0,1.0,0.0
1829DG,2081.0,0.0,0.0,0,0,205,0,0,0,BU03610202,WK036102,GM0361,1944.0,26,0,427680.0,1.0,26,0.0,True,0.0,0.0,427680.0,427680.0,1.0,1.0,0.0,1.0,0.0,1.0,0.0
1829DH,2328.0,0.0,0.0,0,0,218,0,0,0,BU03610202,WK036102,GM0361,840.0,10,0,189000.0,1.0,10,0.0,True,0.0,0.0,189000.0,189000.0,1.0,1.0,0.0,1.0,0.0,1.0,0.0
1829EA,3653.0,936.0,1773.3,39,4418,232,30,70,20,BU03610202,WK036102,GM0361,4184.0,44,20,1111137.5,0.9411764705882353,34,1542.0,True,6756.8049900000005,6216.2605908000005,135988.4941292,142204.75472,0.9562865489059085,0.9411764705882353,0.05882352941176472,0.9411764705882353,0.05882352941176472,0.9411764705882353,0.05882352941176472
1829EB,2253.0,1024.0,1613.4499999999998,35,1678,405,100,0,0,BU03610202,WK036102,GM0361,2682.0,19,18,718112.5,1.0,19,1403.0,True,6147.728534999999,5655.910252199999,8846.423727799998,14502.333979999998,0.61,1.0,0.0,1.0,0.0,1.0,0.0
1829EC,1739.0,843.0,1063.75,38,1406,285,60,40,5,BU03610202,WK036102,GM0361,2047.0,20,20,582140.0,1.0,20,925.0,True,4053.206625,3728.950095,5832.460405,9561.4105,0.61,1.0,0.0,1.0,0.0,1.0,0.0
1829ED,1893.0,188.0,1269.6,34,2108,372,0,0,0,BU03610201,WK036102,GM0361,730.0,6,6,198955.0,1.0,6,1104.0,True,4837.55688,4450.5523296,6961.120310399999,11411.672639999999,0.61,1.0,0.0,1.0,0.0,1.0,0.0
1829EE,1893.0,188.0,1269.6,34,2108,320,100,0,0,BU03610201,WK036102,GM0361,1382.0,12,12,473862.5,1.0,12,1104.0,True,4837.55688,4450.5523296,6961.120310399999,11411.672639999999,0.61,1.0,0.0,1.0,0.0,1.0,0.0
1829EG,2525.0,1291.0,1346.6499999999999,46,2280,331,70,30,10,BU03610201,WK036102,GM0361,3929.0,25,25,1135262.5,0.36231884057971014,69,1171.0,True,5131.140495,4720.6492554,7383.5796046,12104.22886,0.61,0.36231884057971014,0.6376811594202898,0.36231884057971014,0.6376811594202898,0.36231884057971014,0.6376811594202898
1829EH,1406.0,1078.0,979.8,75,3225,215,0,0,0,BU03610202,WK036102,GM0361,623.0,9,9,87307.5,1.0,9,852.0,True,3733.3319400000005,3434.6653848000005,5372.168935199999,8806.83432,0.61,1.0,0.0,1.0,0.0,1.0,0.0
1829EJ,2610.0,414.0,979.8,75,3225,0,0,0,0,BU03610202,WK036102,GM0361,546.0,7,7,79625.0,1.0,7,852.0,True,3733.3319400000005,3434.6653848000005,5372.168935199999,8806.83432,0.61,1.0,0.0,1.0,0.0,1.0,0.0
1829GA,2610.0,414.0,979.8,75,3225,177,0,0,0,BU03610201,WK036102,GM0361,1870.0,25,24,517815.0,0.9583333333333334,24,852.0,True,3733.3319400000005,3434.6653848000005,5372.168935199999,8806.83432,0.61,0.9583333333333334,0.04166666666666663,0.9583333333333334,0.04166666666666663,0.9583333333333334,0.04166666666666663
1829GB,750.0,531.0,561.1999999999999,38,1434,135,0,0,0,BU03610201,WK036102,GM0361,1060.0,20,20,259965.0,1.0,20,488.0,True,2138.34036,1967.2731312,3077.0169487999997,5044.29008,0.61,1.0,0.0,1.0,0.0,1.0,0.0
1829GC,3662.0,205.0,1267.3,52,9117,0,0,0,0,BU03610202,WK036102,GM0361,2267.0,16,4,774387.5,0.0,16,1102.0,True,4828.793189999999,4442.4897347999995,6948.5095851999995,11390.999319999999,0.61,0.0,1.0,0.0,1.0,0.0,1.0
1829GD,3662.0,205.0,1267.3,52,9117,194,80,30,0,BU03610202,WK036102,GM0361,2304.0,24,24,656685.0,1.0,24,1102.0,True,4828.793189999999,4442.4897347999995,6948.5095851999995,11390.999319999999,0.61,1.0,0.0,1.0,0.0,1.0,0.0
1829HA,2081.0,1136.0,1127.0,35,1470,299,50,50,10,BU03610201,WK036102,GM0361,1921.0,19,19,499495.0,1.0,19,980.0,True,4294.208099999999,3950.6714519999996,6179.255348,10129.9268,0.61,1.0,0.0,1.0,0.0,1.0,0.0
1829HB,1737.0,798.0,1076.3999999999999,35,992,297,0,80,15,BU03610201,WK036102,GM0361,1749.0,18,18,344955.0,1.0,18,936.0,True,4101.406919999999,3773.2943663999995,5901.819393599999,9675.113759999998,0.61,1.0,0.0,1.0,0.0,1.0,0.0
1829HC,1933.0,1210.0,1159.1999999999998,20,909,371,60,0,0,BU03610201,WK036102,GM0361,1492.0,11,11,367670.0,1.0,11,1008.0,True,4416.89976,4063.5477792,6355.805500799999,10419.35328,0.61,1.0,0.0,1.0,0.0,1.0,0.0
1829HD,2421.0,383.0,1270.75,27,1575,322,60,40,5,BU03610201,WK036102,GM0361,1851.0,14,14,529577.5,0.4827586206896552,29,1105.0,True,4841.938725,4454.583627,6967.425673,11422.0093,0.61,0.4827586206896552,0.5172413793103448,0.4827586206896552,0.5172413793103448,0.4827586206896552,0.5172413793103448
1829HE,4055.0,785.0,1122.3999999999999,38,884,284,0,80,15,BU03610201,WK036102,GM0361,2048.0,20,20,451562.5,0.7142857142857143,28,976.0,True,4276.68072,3934.5462624,6154.033897599999,10088.58016,0.61,0.7142857142857143,0.2857142857142857,0.7142857142857143,0.2857142857142857,0.7142857142857143,0.2857142857142857
1829HG,3104.0,1911.0,1968.8,28,1581,540,90,0,0,BU03610201,WK036102,GM0361,2486.0,15,14,786817.5,1.0,15,1712.0,True,7501.71864,6901.5811488,10794.7807712,17696.36192,0.61,1.0,0.0,1.0,0.0,1.0,0.0
1829HH,2395.0,1178.0,1159.1999999999998,36,2262,343,100,0,0,BU03610201,WK036102,GM0361,2577.0,20,20,701942.5,0.8695652173913043,23,1008.0,True,4416.89976,4063.5477792,6355.805500799999,10419.35328,0.61,0.8695652173913043,0.13043478260869568,0.8695652173913043,0.13043478260869568,0.8695652173913043,0.13043478260869568
1829HJ,2869.0,680.0,1336.3,28,1630,0,100,0,0,BU03610201,WK036102,GM0361,1775.0,14,14,497565.0,1.0,14,1162.0,True,5091.70389,4684.3675788,7326.831341200001,12011.19892,0.61,1.0,0.0,1.0,0.0,1.0,0.0
1829HK,3258.0,1005.0,2193.0499999999997,23,3694,0,90,0,0,BU03610201,WK036102,GM0361,2263.0,12,12,654462.5,1.0,12,1907.0,True,8356.178414999998,7687.6841417999985,12024.326478199999,19712.010619999997,0.61,1.0,0.0,1.0,0.0,1.0,0.0
1829HL,1771.0,231.0,1074.1,28,1043,243,0,0,0,BU03610201,WK036102,GM0361,1195.0,14,14,286687.5,1.0,14,934.0,True,4092.6432299999997,3765.2317716,5889.208668399999,9654.440439999998,0.61,1.0,0.0,1.0,0.0,1.0,0.0
1829HM,2306.0,535.0,1148.85,25,844,295,40,60,10,BU03610201,WK036102,GM0361,1391.0,14,14,287390.0,1.0,14,999.0,True,4377.4631549999995,4027.2661025999996,6299.057237399999,10326.323339999999,0.61,1.0,0.0,1.0,0.0,1.0,0.0
1829HN,1684.0,101.0,1140.8,38,995,247,0,0,0,BU03610201,WK036102,GM0361,1782.0,20,20,442562.5,0.6451612903225806,31,992.0,True,4346.790239999999,3999.0470207999997,6254.919699199999,10253.966719999999,0.61,0.6451612903225806,0.3548387096774194,0.6451612903225806,0.3548387096774194,0.6451612903225806,0.3548387096774194
1829HP,2732.0,0.0,1031.55,38,1108,243,0,0,0,BU03610201,WK036102,GM0361,1793.0,20,20,427470.0,0.6451612903225806,31,897.0,True,3930.5149650000003,3616.0737678000005,5655.910252199999,9271.98402,0.61,0.6451612903225806,0.3548387096774194,0.6451612903225806,0.3548387096774194,0.6451612903225806,0.3548387096774194
1829HR,2345.0,106.0,1242.0,38,1638,287,40,60,15,BU03610201,WK036102,GM0361,2329.0,23,23,621362.5,1.0,23,1080.0,True,4732.3926,4353.801192,6809.791608,11163.5928,0.61,1.0,0.0,1.0,0.0,1.0,0.0
1829HS,2778.0,1402.0,1475.4499999999998,26,1854,440,100,0,0,BU03610201,WK036102,GM0361,2312.0,15,15,708647.5,0.9375,16,1283.0,True,5621.907134999999,5172.154564199999,8089.780215799999,13261.934779999998,0.61,0.9375,0.0625,0.9375,0.0625,0.9375,0.0625
1829HT,3560.0,1300.0,1834.2499999999998,31,1755,431,90,0,0,BU03610201,WK036102,GM0361,2345.0,16,16,716162.5,1.0,16,1595.0,True,6989.042774999999,6429.919352999999,10057.053347,16486.9727,0.61,1.0,0.0,1.0,0.0,1.0,0.0
1829HV,2886.0,864.0,1781.35,43,3967,436,100,0,0,BU03610201,WK036102,GM0361,3510.0,23,23,1108165.0,1.0,23,1549.0,True,6787.477905,6244.4796726,9767.006667399999,16011.48634,0.61,1.0,0.0,1.0,0.0,1.0,0.0
1829HW,2586.0,77.0,1262.6999999999998,31,1384,310,50,50,10,BU03610201,WK036102,GM0361,1826.0,16,16,458760.0,0.9411764705882353,17,1098.0,True,4811.26581,4426.3645452,6923.288134799999,11349.65268,0.61,0.9411764705882353,0.05882352941176472,0.9411764705882353,0.05882352941176472,0.9411764705882353,0.05882352941176472
1829HX,2230.0,679.0,1090.1999999999998,18,767,334,60,0,0,BU03610201,WK036102,GM0361,1182.0,10,10,297215.0,1.0,10,948.0,True,4153.989059999999,3821.6699351999996,5977.483744799998,9799.153679999998,0.61,1.0,0.0,1.0,0.0,1.0,0.0
1829HZ,3228.0,1063.0,1459.35,29,3652,270,0,0,0,BU03610201,WK036102,GM0361,569.0,5,2,220915.0,0.8333333333333334,6,1269.0,True,5560.561304999999,5115.716400599999,8001.505139399999,13117.221539999999,0.61,0.8333333333333334,0.16666666666666663,0.8333333333333334,0.16666666666666663,0.8333333333333334,0.16666666666666663
1829JA,3228.0,1063.0,1459.35,29,3652,570,100,0,0,BU03610201,WK036102,GM0361,2998.0,15,14,490097.5,1.0,15,1269.0,True,5560.561304999999,5115.716400599999,8001.505139399999,13117.221539999999,0.61,1.0,0.0,1.0,0.0,1.0,0.0
1829JB,3125.0,1000.0,1504.1999999999998,51,5231,514,100,0,0,BU03610201,WK036102,GM0361,5004.0,28,28,835112.5,1.0,28,1308.0,True,5731.453259999999,5272.936999199999,8247.4142808,13520.351279999999,0.61,1.0,0.0,1.0,0.0,1.0,0.0
1829JC,3680.0,2398.0,1367.35,51,3838,545,100,0,0,BU03610201,WK036102,GM0361,5121.0,28,27,877490.0,1.0,28,1189.0,True,5210.013704999999,4793.2126086,7497.076131399998,12290.288739999998,0.61,1.0,0.0,1.0,0.0,1.0,0.0
1829JD,3023.0,1187.0,1300.6499999999999,44,3858,478,100,0,0,BU03610201,WK036102,GM0361,3860.0,24,24,647960.0,1.0,24,1131.0,True,4955.866695,4559.3973594,7131.3651006,11690.76246,0.61,1.0,0.0,1.0,0.0,1.0,0.0
1829JE,2948.0,1454.0,1061.4499999999998,23,2750,342,40,60,10,BU03610201,WK036102,GM0361,1690.0,15,15,244027.5,1.0,15,923.0,True,4044.442934999999,3720.8875001999995,5819.849679799999,9540.737179999998,0.61,1.0,0.0,1.0,0.0,1.0,0.0
1829JG,1265.0,1458.0,842.9499999999999,28,1845,217,0,0,0,BU03610201,WK036102,GM0361,1476.0,20,20,195570.0,1.0,20,733.0,True,3211.892385,2954.9409942,4621.8307858,7576.77178,0.61,1.0,0.0,1.0,0.0,1.0,0.0
1829XA,1648.0,0.0,688.8499999999999,35,1970,223,100,0,0,BU03610201,WK036102,GM0361,1152.0,18,18,327360.0,1.0,18,599.0,True,2624.7251549999996,2414.7471425999997,3776.9121973999995,6191.659339999999,0.61,1.0,0.0,1.0,0.0,1.0,0.0
1829XB,1481.0,0.0,669.3,33,1970,213,90,0,0,BU03610201,WK036102,GM0361,1152.0,18,18,327520.0,1.0,18,582.0,True,2550.23379,2346.2150868000003,3669.7210332,6015.93612,0.61,1.0,0.0,1.0,0.0,1.0,0.0
1829XC,3474.0,560.0,1600.8,49,2210,0,0,0,0,BU03610201,WK036102,GM0361,544.0,4,4,158317.5,1.0,4,1392.0,True,6099.52824,5611.5659808,8777.0647392,14388.63072,0.61,1.0,0.0,1.0,0.0,1.0,0.0
1829XD,3474.0,560.0,1600.8,49,2210,0,0,0,0,BU03610201,WK036102,GM0361,1381.0,8,8,358132.5,1.0,8,1392.0,True,6099.52824,5611.5659808,8777.0647392,14388.63072,0.61,1.0,0.0,1.0,0.0,1.0,0.0
1829XE,3474.0,560.0,1600.8,49,2210,352,100,0,0,BU03610201,WK036102,GM0361,2125.0,16,16,683450.0,1.0,16,1392.0,True,6099.52824,5611.5659808,8777.0647392,14388.63072,0.61,1.0,0.0,1.0,0.0,1.0,0.0
1829XG,2526.0,443.0,1421.3999999999999,32,1751,375,100,0,0,BU03610201,WK036102,GM0361,2587.0,17,17,822630.0,0.7083333333333334,24,1236.0,True,5415.960419999999,4982.6835863999995,7793.428173599998,12776.111759999998,0.61,0.7083333333333334,0.29166666666666663,0.7083333333333334,0.29166666666666663,0.7083333333333334,0.29166666666666663
1829XH,2430.0,805.0,1614.6,23,884,352,100,0,0,BU03610201,WK036102,GM0361,1816.0,14,14,554660.0,1.0,14,1404.0,True,6152.11038,5659.9415496,8852.729090399998,14512.670639999998,0.61,1.0,0.0,1.0,0.0,1.0,0.0
1829XJ,2759.0,642.0,1480.05,28,977,360,100,0,0,BU03610201,WK036102,GM0361,2098.0,15,15,710230.0,0.7142857142857143,21,1287.0,True,5639.434514999999,5188.2797537999995,8115.0016662,13303.28142,0.61,0.7142857142857143,0.2857142857142857,0.7142857142857143,0.2857142857142857,0.7142857142857143,0.2857142857142857
1829XK,4359.0,509.0,1790.55,24,1746,369,100,0,0,BU03610201,WK036102,GM0361,1950.0,13,13,635007.5,0.6842105263157895,19,1557.0,True,6822.532664999999,6276.730051799999,9817.4495682,16094.179619999999,0.61,0.6842105263157895,0.3157894736842105,0.6842105263157895,0.3157894736842105,0.6842105263157895,0.3157894736842105
1829XL,2964.0,416.0,1403.0,36,3294,404,100,0,0,BU03610201,WK036102,GM0361,2977.0,20,20,986435.0,1.0,20,1220.0,True,5345.8509,4918.182828000001,7692.542372,12610.7252,0.61,1.0,0.0,1.0,0.0,1.0,0.0
1829XM,2987.0,1025.0,1568.6,36,3258,410,100,0,0,BU03610201,WK036102,GM0361,3066.0,20,19,1014097.5,1.0,20,1364.0,True,5976.83658,5498.6896536,8600.514586399999,14099.20424,0.61,1.0,0.0,1.0,0.0,1.0,0.0
1829XN,3470.0,0.0,0.0,0,0,0,0,0,0,BU03610201,WK036102,GM0361,1515.0,22,1,557325.0,0.5641025641025641,39,0.0,True,0.0,0.0,557325.0,557325.0,1.0,0.5641025641025641,0.4358974358974359,0.5641025641025641,0.4358974358974359,0.5641025641025641,0.4358974358974359
1829XP,1105.0,0.0,0.0,0,0,0,0,0,0,BU03610201,WK036102,GM0361,1091.0,22,0,355977.5,1.0,22,0.0,True,0.0,0.0,355977.5,355977.5,1.0,1.0,0.0,1.0,0.0,1.0,0.0
1829XR,992.0,0.0,0.0,0,0,0,0,0,0,BU03610201,WK036102,GM0361,1091.0,22,0,350705.0,1.0,22,0.0,True,0.0,0.0,350705.0,350705.0,1.0,1.0,0.0,1.0,0.0,1.0,0.0
1829XS,1019.0,0.0,0.0,0,0,0,0,0,0,BU03610201,WK036102,GM0361,1091.0,22,0,375130.0,1.0,22,0.0,True,0.0,0.0,375130.0,375130.0,1.0,1.0,0.0,1.0,0.0,1.0,0.0
1829XT,1268.0,0.0,0.0,0,0,163,0,0,0,BU03610201,WK036102,GM0361,762.0,15,0,240240.0,1.0,15,0.0,True,0.0,0.0,240240.0,240240.0,1.0,1.0,0.0,1.0,0.0,1.0,0.0
1829XV,1069.0,0.0,0.0,0,0,161,0,0,0,BU03610201,WK036102,GM0361,762.0,15,0,271540.0,1.0,15,0.0,True,0.0,0.0,271540.0,271540.0,1.0,1.0,0.0,1.0,0.0,1.0,0.0
1831AA,2579.0,995.0,1109.75,49,2172,284,100,0,0,BU03610702,WK036107,GM0361,3078.0,27,27,848432.5,0.9642857142857143,28,965.0,True,4228.480425,3890.201991,6084.674908999999,9974.8769,0.61,0.9642857142857143,0.0357142857142857,0.9642857142857143,0.0357142857142857,0.9642857142857143,0.0357142857142857
1831AB,2429.0,1242.0,1085.6,51,2965,267,100,0,0,BU03610702,WK036107,GM0361,3044.0,27,27,823372.5,1.0,27,944.0,True,4136.461679999999,3805.5447455999993,5952.262294399999,9757.807039999998,0.61,1.0,0.0,1.0,0.0,1.0,0.0
1831AC,3032.0,593.0,1199.4499999999998,52,1639,255,0,0,0,BU03610702,WK036107,GM0361,814.0,8,8,216635.0,1.0,8,1043.0,True,4570.264335,4204.6431882,6576.4931918,10781.13638,0.61,1.0,0.0,1.0,0.0,1.0,0.0
1831AD,3032.0,593.0,1199.4499999999998,52,1639,289,100,0,0,BU03610702,WK036107,GM0361,2230.0,20,20,555780.0,1.0,20,1043.0,True,4570.264335,4204.6431882,6576.4931918,10781.13638,0.61,1.0,0.0,1.0,0.0,1.0,0.0
1831AE,3087.0,852.0,1107.4499999999998,19,894,255,100,0,0,BU03610702,WK036107,GM0361,1183.0,11,11,312210.0,1.0,11,963.0,True,4219.716735,3882.1393962,6072.064183799999,9954.20358,0.61,1.0,0.0,1.0,0.0,1.0,0.0
1831AG,2305.0,1015.0,1127.0,36,2137,290,0,0,0,BU03610702,WK036107,GM0361,676.0,5,5,190152.5,0.5,10,980.0,True,4294.208099999999,3950.6714519999996,6179.255348,10129.9268,0.61,0.5,0.5,0.5,0.5,0.5,0.5
1831AH,2305.0,1015.0,1127.0,36,2137,0,80,0,0,BU03610702,WK036107,GM0361,1637.0,15,15,397935.0,0.8666666666666667,15,980.0,True,4294.208099999999,3950.6714519999996,6179.255348,10129.9268,0.61,0.8666666666666667,0.1333333333333333,0.8666666666666667,0.1333333333333333,0.8666666666666667,0.1333333333333333
1831AJ,1717.0,350.0,980.9499999999999,47,2184,223,40,60,15,BU03610702,WK036107,GM0361,2475.0,28,28,584000.0,1.0,28,853.0,True,3737.7137850000004,3438.6966822000004,5378.4742978,8817.17098,0.61,1.0,0.0,1.0,0.0,1.0,0.0
1831AL,2783.0,498.0,1061.4499999999998,35,1377,258,50,50,10,BU03610702,WK036107,GM0361,2083.0,20,20,510535.0,1.0,20,923.0,True,4044.442934999999,3720.8875001999995,5819.849679799999,9540.737179999998,0.61,1.0,0.0,1.0,0.0,1.0,0.0
1831AM,2080.0,692.0,1092.5,29,908,235,40,60,10,BU03610702,WK036107,GM0361,1585.0,16,16,384495.0,1.0,16,950.0,True,4162.75275,3829.73253,5990.094470000001,9819.827000000001,0.61,1.0,0.0,1.0,0.0,1.0,0.0
1831AN,2587.0,499.0,1167.25,28,796,0,40,60,5,BU03610702,WK036107,GM0361,1452.0,14,14,363812.5,1.0,14,1015.0,True,4447.572674999999,4091.766861,6399.943039,10491.7099,0.61,1.0,0.0,1.0,0.0,1.0,0.0
1831AP,2100.0,1445.0,1084.4499999999998,19,633,259,90,0,0,BU03610702,WK036107,GM0361,1037.0,10,9,289412.5,1.0,10,943.0,True,4132.079835,3801.5134481999994,5945.956931799999,9747.470379999999,0.61,1.0,0.0,1.0,0.0,1.0,0.0
1831AR,2673.0,785.0,988.9999999999999,42,1289,256,80,20,0,BU03610702,WK036107,GM0361,2386.0,23,23,624695.0,0.9583333333333334,24,860.0,True,3768.3867,3466.9157640000003,5422.611835999999,8889.5276,0.61,0.9583333333333334,0.04166666666666663,0.9583333333333334,0.04166666666666663,0.9583333333333334,0.04166666666666663
1831AS,2957.0,598.0,1093.6499999999999,30,1006,259,90,0,0,BU03610702,WK036107,GM0361,1665.0,16,16,427975.0,1.0,16,951.0,True,4167.134594999999,3833.763827399999,5996.399832599999,9830.163659999998,0.61,1.0,0.0,1.0,0.0,1.0,0.0
1831AT,2416.0,820.0,1130.4499999999998,37,1876,313,100,0,0,BU03610702,WK036107,GM0361,2273.0,20,20,597090.0,0.9090909090909091,22,983.0,True,4307.353634999999,3962.765344199999,6198.171435799999,10160.936779999998,0.61,0.9090909090909091,0.09090909090909094,0.9090909090909091,0.09090909090909094,0.9090909090909091,0.09090909090909094
1831BA,3641.0,1001.0,1731.8999999999999,48,3025,397,100,0,0,BU03610702,WK036107,GM0361,3958.0,26,25,1264772.5,1.0,26,1506.0,True,6599.05857,6071.1338844,9495.876075599997,15567.009959999998,0.6099999999999999,1.0,0.0,1.0,0.0,1.0,0.0
1831BB,2901.0,1033.0,1738.8,25,1446,345,100,0,0,BU03610702,WK036107,GM0361,1957.0,14,14,762875.0,1.0,14,1512.0,True,6625.3496399999985,6095.321668799999,9533.7082512,15629.029919999999,0.61,1.0,0.0,1.0,0.0,1.0,0.0
1831BC,4262.0,794.0,2939.3999999999996,37,3451,424,100,0,0,BU03610702,WK036107,GM0361,4313.0,26,21,1538767.5,0.9090909090909091,22,2556.0,True,11199.99582,10303.9961544,16116.506805599998,26420.502959999998,0.61,0.9090909090909091,0.09090909090909094,0.9090909090909091,0.09090909090909094,0.9090909090909091,0.09090909090909094
1831BD,6941.0,1375.0,2050.45,70,16648,291,50,50,5,BU03610702,WK036107,GM0361,2798.0,23,9,957367.5,0.7894736842105263,19,1783.0,True,7812.829635000002,7187.803264200002,11242.4615158,18430.26478,0.61,0.7894736842105263,0.21052631578947367,0.7894736842105263,0.21052631578947367,0.7894736842105263,0.21052631578947367
1831BE,5135.0,1144.0,2050.45,70,16648,462,100,0,0,BU03610702,WK036107,GM0361,5849.0,32,28,1622217.5,0.8666666666666667,30,1783.0,True,7812.829635000002,7187.803264200002,11242.4615158,18430.26478,0.61,0.8666666666666667,0.1333333333333333,0.8666666666666667,0.1333333333333333,0.8666666666666667,0.1333333333333333
1831BG,7627.0,1469.0,1744.55,49,3589,468,100,0,0,BU03610702,WK036107,GM0361,6144.0,38,25,1535900.0,0.8666666666666667,30,1517.0,True,6647.258864999999,6115.4781557999995,9565.2350642,15680.71322,0.61,0.8666666666666667,0.1333333333333333,0.8666666666666667,0.1333333333333333,0.8666666666666667,0.1333333333333333
1831BH,4168.0,2166.0,1729.6,40,3014,441,100,0,0,BU03610702,WK036107,GM0361,5157.0,33,22,1818192.5,0.9230769230769231,26,1504.0,True,6590.29488,6063.0712896000005,9483.265350399999,15546.33664,0.61,0.9230769230769231,0.07692307692307687,0.9230769230769231,0.07692307692307687,0.9230769230769231,0.07692307692307687
1831BJ,2620.0,423.0,1095.9499999999998,29,1760,269,0,80,10,BU03610702,WK036107,GM0361,1449.0,15,14,351515.0,0.9333333333333333,15,953.0,True,4175.898284999999,3841.8264222,6009.010557799998,9850.836979999998,0.61,0.9333333333333333,0.06666666666666665,0.9333333333333333,0.06666666666666665,0.9333333333333333,0.06666666666666665
1831BL,2640.0,1774.0,1242.0,36,1905,370,100,0,0,BU03610702,WK036107,GM0361,2430.0,18,18,789450.0,1.0,18,1080.0,True,4732.3926,4353.801192,6809.791608,11163.5928,0.61,1.0,0.0,1.0,0.0,1.0,0.0
1831BN,2681.0,471.0,1117.8,32,1230,290,100,0,0,BU03610702,WK036107,GM0361,2369.0,18,18,661252.5,1.0,18,972.0,True,4259.15334,3918.4210728,6128.8124472,10047.23352,0.61,1.0,0.0,1.0,0.0,1.0,0.0
1831BP,2696.0,201.0,1125.85,32,1245,257,0,80,15,BU03610702,WK036107,GM0361,1965.0,17,17,526275.0,1.0,17,979.0,True,4289.826255,3946.6401545999997,6172.949985399999,10119.590139999998,0.61,1.0,0.0,1.0,0.0,1.0,0.0
1831BR,2570.0,903.0,1301.8,19,659,246,0,60,5,BU03610702,WK036107,GM0361,1167.0,10,10,336512.5,0.9090909090909091,11,1132.0,True,4960.2485400000005,4563.428656800001,7137.6704632,11701.09912,0.61,0.9090909090909091,0.09090909090909094,0.9090909090909091,0.09090909090909094,0.9090909090909091,0.09090909090909094
1831BS,2217.0,947.0,1388.05,33,2373,278,100,0,0,BU03610702,WK036107,GM0361,2307.0,18,18,541640.0,0.6666666666666666,27,1207.0,True,5288.886915,4865.7759618,7610.572658200001,12476.34862,0.61,0.6666666666666666,0.33333333333333337,0.6666666666666666,0.33333333333333337,0.6666666666666666,0.33333333333333337
1831BT,2609.0,660.0,1262.6999999999998,22,986,285,50,50,5,BU03610702,WK036107,GM0361,1314.0,11,11,292942.5,1.0,11,1098.0,True,4811.26581,4426.3645452,6923.288134799999,11349.65268,0.61,1.0,0.0,1.0,0.0,1.0,0.0
1831BV,2319.0,545.0,1085.6,36,2478,275,70,30,5,BU03610702,WK036107,GM0361,2404.0,19,19,700467.5,1.0,19,944.0,True,4136.461679999999,3805.5447455999993,5952.262294399999,9757.807039999998,0.61,1.0,0.0,1.0,0.0,1.0,0.0
1831BW,2571.0,740.0,876.3,85,13669,272,0,0,0,BU03610702,WK036107,GM0361,1089.0,9,9,280390.0,1.0,9,762.0,True,3338.9658899999995,3071.8486187999997,4804.686301199999,7876.534919999999,0.61,1.0,0.0,1.0,0.0,1.0,0.0
1831BX,1847.0,52.0,876.3,85,13669,236,30,70,35,BU03610702,WK036107,GM0361,3852.0,48,48,587925.0,0.9375,48,762.0,True,3338.9658899999995,3071.8486187999997,4804.686301199999,7876.534919999999,0.61,0.9375,0.0625,0.9375,0.0625,0.9375,0.0625
1831CA,1943.0,542.0,1304.1,28,1043,239,0,0,0,BU03610702,WK036107,GM0361,1447.0,16,15,467005.0,1.0,16,1134.0,True,4969.012229999999,4571.4912515999995,7150.281188399999,11721.772439999999,0.61,1.0,0.0,1.0,0.0,1.0,0.0
1831CB,1542.0,0.0,1814.6999999999998,45,3982,250,0,0,0,BU03610702,WK036107,GM0361,736.0,9,9,238427.5,1.0,9,1578.0,True,6914.551410000001,6361.387297200001,9949.8621828,16311.24948,0.61,1.0,0.0,1.0,0.0,1.0,0.0
1831CC,4428.0,117.0,1814.6999999999998,45,3982,237,0,0,0,BU03610702,WK036107,GM0361,3246.0,28,17,978390.0,0.8888888888888888,18,1578.0,True,6914.551410000001,6361.387297200001,9949.8621828,16311.24948,0.61,0.8888888888888888,0.11111111111111116,0.8888888888888888,0.11111111111111116,0.8888888888888888,0.11111111111111116
1831CD,2637.0,0.0,1183.35,31,1647,213,0,0,0,BU03610702,WK036107,GM0361,1818.0,20,21,459372.5,0.9523809523809523,21,1029.0,True,4508.918505,4148.2050246,6488.218115399999,10636.423139999999,0.61,0.9523809523809523,0.04761904761904767,0.9523809523809523,0.04761904761904767,0.9523809523809523,0.04761904761904767
1831CE,2186.0,3500.0,1230.5,69,3349,0,0,0,0,BU03610702,WK036107,GM0361,875.0,8,8,255565.0,0.47058823529411764,17,1070.0,True,4688.5741499999995,4313.4882179999995,6746.737982,11060.2262,0.61,0.47058823529411764,0.5294117647058824,0.47058823529411764,0.5294117647058824,0.47058823529411764,0.5294117647058824
1831CG,2186.0,3500.0,1230.5,69,3349,294,0,0,0,BU03610702,WK036107,GM0361,553.0,6,6,196700.0,1.0,6,1070.0,True,4688.5741499999995,4313.4882179999995,6746.737982,11060.2262,0.61,1.0,0.0,1.0,0.0,1.0,0.0
1831CH,2186.0,3500.0,1230.5,69,3349,237,0,0,0,BU03610702,WK036107,GM0361,823.0,8,8,196047.5,1.0,8,1070.0,True,4688.5741499999995,4313.4882179999995,6746.737982,11060.2262,0.61,1.0,0.0,1.0,0.0,1.0,0.0
1831CJ,2186.0,3500.0,1230.5,69,3349,0,100,0,0,BU03610702,WK036107,GM0361,1480.0,14,14,430250.0,1.0,14,1070.0,True,4688.5741499999995,4313.4882179999995,6746.737982,11060.2262,0.61,1.0,0.0,1.0,0.0,1.0,0.0
1831CK,2221.0,505.0,970.5999999999999,85,2571,247,0,0,0,BU03610702,WK036107,GM0361,675.0,6,6,226325.0,1.0,6,844.0,True,3698.2771799999996,3402.4150056,5321.726034399999,8724.141039999999,0.61,1.0,0.0,1.0,0.0,1.0,0.0
1831CL,2221.0,505.0,970.5999999999999,85,2571,0,0,0,0,BU03610702,WK036107,GM0361,573.0,4,4,199742.5,0.4444444444444444,9,844.0,True,3698.2771799999996,3402.4150056,5321.726034399999,8724.141039999999,0.61,0.4444444444444444,0.5555555555555556,0.4444444444444444,0.5555555555555556,0.4444444444444444,0.5555555555555556
1831CM,2221.0,505.0,970.5999999999999,85,2571,0,0,0,0,BU03610702,WK036107,GM0361,403.0,4,4,108110.0,1.0,4,844.0,True,3698.2771799999996,3402.4150056,5321.726034399999,8724.141039999999,0.61,1.0,0.0,1.0,0.0,1.0,0.0
1831CN,2221.0,505.0,970.5999999999999,85,2571,186,20,80,25,BU03610702,WK036107,GM0361,5900.0,56,30,1528880.0,0.9666666666666667,30,844.0,True,3698.2771799999996,3402.4150056,5321.726034399999,8724.141039999999,0.61,0.9666666666666667,0.033333333333333326,0.9666666666666667,0.033333333333333326,0.9666666666666667,0.033333333333333326
1831CP,4438.0,1.0,1359.3,35,4098,0,0,0,0,BU03610702,WK036107,GM0361,2062.0,23,19,460295.0,0.9473684210526315,19,1182.0,True,5179.340789999999,4764.9935268,7452.9385932,12217.93212,0.61,0.9473684210526315,0.052631578947368474,0.9473684210526315,0.052631578947368474,0.9473684210526315,0.052631578947368474
1831CR,2141.0,393.0,1100.55,42,3109,214,40,60,15,BU03610702,WK036107,GM0361,3790.0,35,23,911235.0,0.9565217391304348,23,957.0,True,4193.425665,3857.9516118,6034.2320082,9892.18362,0.61,0.9565217391304348,0.04347826086956519,0.9565217391304348,0.04347826086956519,0.9565217391304348,0.04347826086956519
1831CS,2911.0,548.0,1532.9499999999998,38,3537,285,100,0,0,BU03610702,WK036107,GM0361,2672.0,21,21,719312.5,1.0,21,1333.0,True,5840.999385,5373.7194342,8405.048345799998,13778.767779999998,0.61,1.0,0.0,1.0,0.0,1.0,0.0
1831CT,2966.0,436.0,1184.5,28,1670,253,60,40,5,BU03610702,WK036107,GM0361,1731.0,15,15,438747.5,1.0,15,1030.0,True,4513.3003499999995,4152.236322,6494.523478,10646.7598,0.61,1.0,0.0,1.0,0.0,1.0,0.0
1831CV,1986.0,1107.0,954.4999999999999,28,708,213,0,0,0,BU03610702,WK036107,GM0361,1466.0,15,15,331770.0,1.0,15,830.0,True,3636.93135,3345.976842,5233.450957999999,8579.4278,0.61,1.0,0.0,1.0,0.0,1.0,0.0
1831CW,2259.0,621.0,1231.6499999999999,55,3362,253,0,0,0,BU03610702,WK036107,GM0361,1440.0,12,5,249062.5,0.8333333333333334,6,1071.0,True,4692.955994999999,4317.519515399999,6753.043344599999,11070.562859999998,0.61,0.8333333333333334,0.16666666666666663,0.8333333333333334,0.16666666666666663,0.8333333333333334,0.16666666666666663
1831CX,2259.0,621.0,1231.6499999999999,55,3362,313,0,0,0,BU03610702,WK036107,GM0361,1139.0,9,9,283767.5,0.75,12,1071.0,True,4692.955994999999,4317.519515399999,6753.043344599999,11070.562859999998,0.61,0.75,0.25,0.75,0.25,0.75,0.25
1831CZ,2259.0,621.0,1231.6499999999999,55,3362,0,40,60,10,BU03610702,WK036107,GM0361,1862.0,15,15,421925.0,1.0,15,1071.0,True,4692.955994999999,4317.519515399999,6753.043344599999,11070.562859999998,0.61,1.0,0.0,1.0,0.0,1.0,0.0
1831EA,1772.0,888.0,1024.6499999999999,31,714,199,0,0,0,BU03610702,WK036107,GM0361,1413.0,17,17,304110.0,1.0,17,891.0,True,3904.223894999999,3591.8859833999995,5618.078076599999,9209.964059999998,0.61,1.0,0.0,1.0,0.0,1.0,0.0
1831EB,2113.0,162.0,1051.1,33,789,0,0,0,0,BU03610702,WK036107,GM0361,1303.0,17,17,279730.0,1.0,17,914.0,True,4005.0063299999997,3684.6058236,5763.1014164,9447.70724,0.61,1.0,0.0,1.0,0.0,1.0,0.0
1831EC,2914.0,698.0,1108.6,25,1187,288,90,0,0,BU03610702,WK036107,GM0361,1430.0,12,12,407180.0,1.0,12,964.0,True,4224.09858,3886.1706936,6078.3695464,9964.54024,0.61,1.0,0.0,1.0,0.0,1.0,0.0
1831ED,2701.0,234.0,1175.3,25,1023,267,80,0,0,BU03610702,WK036107,GM0361,1680.0,15,15,453965.0,1.0,15,1022.0,True,4478.2455899999995,4119.9859428,6444.0805771999985,10564.066519999998,0.61,1.0,0.0,1.0,0.0,1.0,0.0
1831EE,1945.0,228.0,960.2499999999999,35,796,215,0,0,0,BU03610702,WK036107,GM0361,1740.0,18,18,382800.0,1.0,18,835.0,True,3658.8405749999993,3366.1333289999993,5264.977770999999,8631.111099999998,0.61,1.0,0.0,1.0,0.0,1.0,0.0
1831EG,2396.0,607.0,1230.5,19,1482,0,0,0,0,BU03610702,WK036107,GM0361,1496.0,12,12,374680.0,1.0,12,1070.0,True,4688.5741499999995,4313.4882179999995,6746.737982,11060.2262,0.61,1.0,0.0,1.0,0.0,1.0,0.0
1831EH,1741.0,387.0,911.9499999999999,22,725,0,0,0,0,BU03610702,WK036107,GM0361,1074.0,13,13,236280.0,1.0,13,793.0,True,3474.8030849999996,3196.8188382,5000.152541799999,8196.971379999999,0.61,1.0,0.0,1.0,0.0,1.0,0.0
1831EJ,1610.0,317.0,894.6999999999999,27,912,216,0,0,0,BU03610702,WK036107,GM0361,1344.0,16,16,295680.0,1.0,16,778.0,True,3409.07541,3136.3493772,4905.5721028,8041.92148,0.61,1.0,0.0,1.0,0.0,1.0,0.0
1831EK,7359.0,0.0,1481.1999999999998,41,5563,0,0,0,0,BU03610702,WK036107,GM0361,3194.0,26,8,926412.5,0.047619047619047616,21,1288.0,True,5643.816359999999,5192.311051199999,8121.307028799999,13313.618079999998,0.61,0.047619047619047616,0.9523809523809523,0.047619047619047616,0.9523809523809523,0.047619047619047616,0.9523809523809523
1831EL,1668.0,102.0,1481.1999999999998,41,5563,0,0,0,0,BU03610702,WK036107,GM0361,114.0,1,1,35625.0,1.0,1,1288.0,True,5643.816359999999,5192.311051199999,8121.307028799999,13313.618079999998,0.61,1.0,0.0,1.0,0.0,1.0,0.0
1831EM,1668.0,102.0,1481.1999999999998,41,5563,172,0,0,0,BU03610702,WK036107,GM0361,990.0,14,14,189302.5,1.0,14,1288.0,True,5643.816359999999,5192.311051199999,8121.307028799999,13313.618079999998,0.61,1.0,0.0,1.0,0.0,1.0,0.0
1831EN,1729.0,0.0,640.55,38,1107,171,0,0,0,BU03610702,WK036107,GM0361,1449.0,21,21,279682.5,1.0,21,557.0,True,2440.6876649999995,2245.4326518,3512.0869681999993,5757.519619999999,0.61,1.0,0.0,1.0,0.0,1.0,0.0
1831EP,3549.0,1535.0,1353.55,47,3195,559,100,0,0,BU03610702,WK036107,GM0361,3786.0,24,22,573512.5,1.0,24,1177.0,True,5157.431565,4744.8370398,7421.411780199999,12166.248819999999,0.61,1.0,0.0,1.0,0.0,1.0,0.0
1831GA,2200.0,833.0,1558.2499999999998,21,1302,312,40,60,5,BU03610702,WK036107,GM0361,1598.0,12,12,486525.0,1.0,12,1355.0,True,5937.399974999998,5462.407976999999,8543.766323,14006.174299999999,0.61,1.0,0.0,1.0,0.0,1.0,0.0
1831GB,3664.0,1319.0,1432.8999999999999,37,4044,412,100,0,0,BU03610702,WK036107,GM0361,3560.0,23,20,1291635.0,0.9545454545454546,22,1246.0,True,5459.778869999998,5022.996560399999,7856.481799599998,12879.478359999997,0.61,0.9545454545454546,0.045454545454545414,0.9545454545454546,0.045454545454545414,0.9545454545454546,0.045454545454545414
1831GC,3783.0,814.0,1431.75,24,1969,330,90,0,0,BU03610702,WK036107,GM0361,2286.0,16,13,847972.5,0.9333333333333333,15,1245.0,True,5455.397025,5018.965263,7850.176437,12869.1417,0.61,0.9333333333333333,0.06666666666666665,0.9333333333333333,0.06666666666666665,0.9333333333333333,0.06666666666666665
1831GD,14200.0,9581.0,2006.7499999999998,67,6366,0,0,0,0,BU03610709,WK036107,GM0361,3501.0,10,8,1090052.5,0.8888888888888888,9,1745.0,True,7646.319525,7034.613963,11002.857736999998,18037.4717,0.61,0.8888888888888888,0.11111111111111116,0.8888888888888888,0.11111111111111116,0.8888888888888888,0.11111111111111116
1831GE,3564.0,798.0,2006.7499999999998,67,6366,0,0,0,0,BU03610702,WK036107,GM0361,551.0,4,4,181637.5,0.75,4,1745.0,True,7646.319525,7034.613963,11002.857736999998,18037.4717,0.61,0.75,0.25,0.75,0.25,0.75,0.25
1831GG,3564.0,798.0,2006.7499999999998,67,6366,373,100,0,0,BU03610702,WK036107,GM0361,1401.0,10,9,511280.0,1.0,10,1745.0,True,7646.319525,7034.613963,11002.857736999998,18037.4717,0.61,1.0,0.0,1.0,0.0,1.0,0.0
1841EA,2628.0,860.0,1078.6999999999998,46,1948,293,80,0,0,BU03610902,WK036109,GM0361,3051.0,26,26,659700.0,1.0,26,938.0,True,4110.170609999999,3781.356961199999,5914.430118799999,9695.787079999998,0.61,1.0,0.0,1.0,0.0,1.0,0.0
1841EB,2530.0,0.0,629.05,20,871,223,0,0,0,BU03610902,WK036109,GM0361,1484.0,14,12,280525.0,0.8333333333333334,12,547.0,True,2396.8692149999997,2205.1196778,3449.0333422,5654.15302,0.61,0.8333333333333334,0.16666666666666663,0.8333333333333334,0.16666666666666663,0.8333333333333334,0.16666666666666663
1841EC,4470.0,2682.0,2203.3999999999996,24,2113,579,100,0,0,BU03610902,WK036109,GM0361,2451.0,13,13,501487.5,1.0,13,1916.0,True,8395.61502,7723.9658184,12081.074741599998,19805.040559999998,0.61,1.0,0.0,1.0,0.0,1.0,0.0
1841ED,2095.0,600.0,960.2499999999999,37,1851,301,70,30,0,BU03610902,WK036109,GM0361,2166.0,19,19,413462.5,1.0,19,835.0,True,3658.8405749999993,3366.1333289999993,5264.977770999999,8631.111099999998,0.61,1.0,0.0,1.0,0.0,1.0,0.0
1841EE,2776.0,811.0,1083.3,50,2830,304,90,0,0,BU03610902,WK036109,GM0361,3208.0,26,26,592495.0,1.0,26,942.0,True,4127.697990000001,3797.4821508000005,5939.651569199999,9737.13372,0.61,1.0,0.0,1.0,0.0,1.0,0.0
1841EG,1828.0,573.0,752.0999999999999,27,1052,248,40,60,10,BU03610902,WK036109,GM0361,1337.0,14,14,208475.0,1.0,14,654.0,True,2865.7266299999997,2636.4684995999996,4123.7071404,6760.1756399999995,0.61,1.0,0.0,1.0,0.0,1.0,0.0
1841EJ,2785.0,1094.0,1384.6,35,1830,404,100,0,0,BU03610902,WK036109,GM0361,2612.0,18,18,425480.0,1.0,18,1204.0,True,5275.7413799999995,4853.6820695999995,7591.656570399999,12445.338639999998,0.61,1.0,0.0,1.0,0.0,1.0,0.0
1841EK,1691.0,0.0,627.9,45,3315,147,0,0,0,BU03610902,WK036109,GM0361,1266.0,24,24,219340.0,1.0,24,546.0,True,2392.48737,2201.0883804,3442.7279796,5643.81636,0.61,1.0,0.0,1.0,0.0,1.0,0.0
1841EL,3549.0,1492.0,1209.8,61,4903,401,100,0,0,BU03610902,WK036109,GM0361,4603.0,32,31,673945.0,1.0,32,1052.0,True,4609.70094,4240.9248648,6633.2414552,10874.16632,0.61,1.0,0.0,1.0,0.0,1.0,0.0
1841EM,3081.0,1137.0,975.1999999999999,65,3784,339,90,0,0,BU03610902,WK036109,GM0361,4111.0,35,35,544707.5,1.0,35,848.0,True,3715.80456,3418.5401952,5346.9474848,8765.48768,0.61,1.0,0.0,1.0,0.0,1.0,0.0
1841EN,4926.0,1183.0,1177.6,83,7001,379,70,30,10,BU03610902,WK036109,GM0361,5935.0,43,43,858467.5,1.0,43,1024.0,True,4487.009279999999,4128.0485376,6456.691302399999,10584.739839999998,0.61,1.0,0.0,1.0,0.0,1.0,0.0
1841EP,4463.0,1737.0,1137.35,97,8169,417,100,0,0,BU03610902,WK036109,GM0361,7654.0,51,51,1032770.0,1.0,51,989.0,True,4333.644704999999,3986.953128599999,6236.003611399999,10222.956739999998,0.61,1.0,0.0,1.0,0.0,1.0,0.0
1841ER,3155.0,876.0,990.15,44,2771,366,100,0,0,BU03610902,WK036109,GM0361,3037.0,24,24,402402.5,1.0,24,861.0,True,3772.768545,3470.9470614,5428.9171986,8899.86426,0.61,1.0,0.0,1.0,0.0,1.0,0.0
1841ES,4596.0,1130.0,931.4999999999999,32,1692,386,0,0,0,BU03610902,WK036109,GM0361,2775.0,18,17,367687.5,1.0,18,810.0,True,3549.294449999999,3265.3508939999992,5107.343706,8372.694599999999,0.61,1.0,0.0,1.0,0.0,1.0,0.0
1841GA,7586.0,976.0,2396.6,21,5473,517,80,0,0,BU03610902,WK036109,GM0361,7589.0,44,13,1699747.5,0.8235294117647058,17,2084.0,True,9131.764980000002,8401.223781600002,901644.7506584,910045.97444,0.9907683523497044,0.8235294117647058,0.17647058823529416,0.8235294117647058,0.17647058823529416,0.8235294117647058,0.17647058823529416
1841GB,6352.0,733.0,2308.0499999999997,23,2085,0,80,0,0,BU03610902,WK036109,GM0361,3589.0,15,11,761835.0,0.9166666666666666,12,2007.0,True,8794.362914999998,8090.813881799999,12654.8627382,20745.67662,0.61,0.9166666666666666,0.08333333333333337,0.9166666666666666,0.08333333333333337,0.9166666666666666,0.08333333333333337
1841GC,1187.0,0.0,745.1999999999999,30,1295,144,0,0,0,BU03610902,WK036109,GM0361,1265.0,18,16,438780.0,0.9444444444444444,18,648.0,True,2839.43556,2612.2807152,4085.8749648,6698.15568,0.61,0.9444444444444444,0.05555555555555558,0.9444444444444444,0.05555555555555558,0.9444444444444444,0.05555555555555558
1841GD,2782.0,311.0,1155.75,37,1848,245,40,60,10,BU03610902,WK036109,GM0361,2067.0,20,20,552340.0,1.0,20,1005.0,True,4403.754225000001,4051.4538870000006,6336.889413,10388.3433,0.61,1.0,0.0,1.0,0.0,1.0,0.0
1841GE,6164.0,343.0,1756.05,37,2676,236,80,0,0,BU03610902,WK036109,GM0361,2618.0,22,19,833755.0,0.8571428571428571,21,1527.0,True,6691.0773149999995,6155.7911298,9628.2886902,15784.079819999999,0.61,0.8571428571428571,0.1428571428571429,0.8571428571428571,0.1428571428571429,0.8571428571428571,0.1428571428571429
1841GG,2306.0,134.0,1162.6499999999999,24,1451,284,80,0,0,BU03610902,WK036109,GM0361,1694.0,13,13,512317.5,0.8666666666666667,15,1011.0,True,4430.045295,4075.6416713999997,6374.7215885999985,10450.363259999998,0.61,0.8666666666666667,0.1333333333333333,0.8666666666666667,0.1333333333333333,0.8666666666666667,0.1333333333333333
1841GH,2620.0,446.0,1011.9999999999999,48,1709,208,0,0,0,BU03610902,WK036109,GM0361,850.0,9,9,218070.0,1.0,9,880.0,True,3856.023599999999,3547.5417119999993,5548.719087999999,9096.260799999998,0.61,1.0,0.0,1.0,0.0,1.0,0.0
1841GJ,2620.0,446.0,1011.9999999999999,48,1709,205,30,70,10,BU03610902,WK036109,GM0361,1684.0,17,17,351377.5,1.0,17,880.0,True,3856.023599999999,3547.5417119999993,5548.719087999999,9096.260799999998,0.61,1.0,0.0,1.0,0.0,1.0,0.0
1841GK,2609.0,754.0,2417.2999999999997,18,1694,426,100,0,0,BU03610902,WK036109,GM0361,2145.0,12,12,693447.5,1.0,12,2102.0,True,9210.638189999998,8473.787134799999,13253.8721852,21727.65932,0.61,1.0,0.0,1.0,0.0,1.0,0.0
1841GL,1978.0,397.0,919.9999999999999,44,2054,196,0,0,0,BU03610902,WK036109,GM0361,721.0,8,8,151815.0,1.0,8,800.0,True,3505.4759999999987,3225.037919999999,5044.290079999999,8269.327999999998,0.61,1.0,0.0,1.0,0.0,1.0,0.0
1841GM,1978.0,397.0,919.9999999999999,44,2054,0,0,0,0,BU03610902,WK036109,GM0361,421.0,4,4,98170.0,1.0,4,800.0,True,3505.4759999999987,3225.037919999999,5044.290079999999,8269.327999999998,0.61,1.0,0.0,1.0,0.0,1.0,0.0
1841GN,1978.0,397.0,919.9999999999999,44,2054,213,50,50,5,BU03610902,WK036109,GM0361,1301.0,13,11,381795.0,0.9166666666666666,12,800.0,True,3505.4759999999987,3225.037919999999,5044.290079999999,8269.327999999998,0.61,0.9166666666666666,0.08333333333333337,0.9166666666666666,0.08333333333333337,0.9166666666666666,0.08333333333333337
1841GP,4167.0,1498.0,1256.9499999999998,76,3036,341,90,0,0,BU03610902,WK036109,GM0361,5390.0,48,36,994072.5,0.9583333333333334,48,1093.0,True,4789.3565849999995,4406.2080582,6891.761321799999,11297.969379999999,0.61,0.9583333333333334,0.04166666666666663,0.9583333333333334,0.04166666666666663,0.9583333333333334,0.04166666666666663
1841GR,2585.0,160.0,1046.5,45,1246,172,30,70,15,BU03610902,WK036109,GM0361,3231.0,36,23,798605.0,0.92,25,910.0,True,3987.47895,3668.4806340000005,5737.8799659999995,9406.3606,0.61,0.92,0.07999999999999996,0.92,0.07999999999999996,0.92,0.07999999999999996
1841GS,2458.0,565.0,871.6999999999999,65,1946,238,50,50,15,BU03610902,WK036109,GM0361,3239.0,34,34,655712.5,1.0,34,758.0,True,3321.438509999999,3055.7234291999994,4779.464850799999,7835.1882799999985,0.61,1.0,0.0,1.0,0.0,1.0,0.0
1841GT,2739.0,970.0,1240.85,34,1764,305,100,0,0,BU03610902,WK036109,GM0361,2203.0,18,18,559627.5,1.0,18,1079.0,True,4728.010755,4349.7698946,6803.4862453999995,11153.25614,0.61,1.0,0.0,1.0,0.0,1.0,0.0
1841GV,2939.0,1257.0,1101.6999999999998,43,3175,330,100,0,0,BU03610902,WK036109,GM0361,2970.0,22,22,816890.0,1.0,22,958.0,True,4197.80751,3861.9829092,6040.537370799999,9902.520279999999,0.61,1.0,0.0,1.0,0.0,1.0,0.0
1841GW,2143.0,488.0,991.3,39,1375,249,50,50,10,BU03610902,WK036109,GM0361,2036.0,20,20,435930.0,1.0,20,862.0,True,3777.15039,3474.9783588,5435.222561199999,8910.20092,0.61,1.0,0.0,1.0,0.0,1.0,0.0
1841GX,3799.0,440.0,2685.25,28,4535,0,0,0,0,BU03610902,WK036109,GM0361,3854.0,36,1,244672.5,0.8620689655172413,29,2335.0,True,10231.608074999998,9413.079429,69094.68833766667,78507.76776666667,0.880100024535449,0.8620689655172413,0.13793103448275867,0.8620689655172413,0.13793103448275867,0.8620689655172413,0.13793103448275867
1841GZ,5473.0,1430.0,0.0,0,0,323,100,0,0,BU03610902,WK036109,GM0361,3905.0,31,0,487312.5,1.0,31,0.0,True,0.0,0.0,487312.5,487312.5,1.0,1.0,0.0,1.0,0.0,1.0,0.0
1841HA,16150.0,4739.0,2685.25,28,4535,553,80,0,0,BU03610902,WK036109,GM0361,5973.0,34,16,1711580.0,0.8571428571428571,21,2335.0,True,10231.608074999998,9413.079429,316766.55108276475,326179.6305117647,0.9711414246983137,0.8571428571428571,0.1428571428571429,0.8571428571428571,0.1428571428571429,0.8571428571428571,0.1428571428571429
1841HB,8212.0,2596.0,2949.7499999999995,24,1761,598,90,0,0,BU03610902,WK036109,GM0361,3986.0,20,11,996882.5,1.0,20,2565.0,True,11239.432424999999,10340.277831,16173.255068999999,26513.5329,0.61,1.0,0.0,1.0,0.0,1.0,0.0
1841HC,4155.0,774.0,1646.8,26,2033,355,90,0,0,BU03610902,WK036109,GM0361,2193.0,15,13,828980.0,0.8666666666666667,15,1432.0,True,6274.80204,5772.8178768,9029.2792432,14802.09712,0.61,0.8666666666666667,0.1333333333333333,0.8666666666666667,0.1333333333333333,0.8666666666666667,0.1333333333333333
1841HH,8302.0,3837.0,1960.7499999999998,20,2981,363,0,0,0,BU03610902,WK036109,GM0361,644.0,5,2,237580.0,1.0,5,1705.0,True,7471.045724999998,6873.362066999998,10750.643232999999,17624.005299999997,0.61,1.0,0.0,1.0,0.0,1.0,0.0
1841JA,8302.0,3837.0,1960.7499999999998,20,2981,488,70,0,0,BU03610902,WK036109,GM0361,3498.0,16,10,1046045.0,1.0,16,1705.0,True,7471.045724999998,6873.362066999998,10750.643232999999,17624.005299999997,0.61,1.0,0.0,1.0,0.0,1.0,0.0
1841JB,5150.0,2018.0,3245.2999999999997,30,5828,452,70,30,0,BU03610902,WK036109,GM0361,4932.0,24,17,1386067.5,0.9,20,2822.0,True,12365.56659,11376.3212628,17793.733257199998,29170.054519999998,0.61,0.9,0.09999999999999998,0.9,0.09999999999999998,0.9,0.09999999999999998
1841JC,3561.0,1194.0,2282.75,37,6278,505,90,0,0,BU03610902,WK036109,GM0361,4029.0,23,19,1348120.0,0.9090909090909091,22,1985.0,True,8697.962325,8002.125339,12516.144761000001,20518.2701,0.61,0.9090909090909091,0.09090909090909094,0.9090909090909091,0.09090909090909094,0.9090909090909091,0.09090909090909094
1841JD,12781.0,2601.0,2866.95,37,14629,473,90,0,0,BU03610902,WK036109,GM0361,12115.0,62,23,3317365.0,0.8378378378378378,37,2493.0,True,10923.939585,10050.0244182,1353366.4463811547,1363416.4707993546,0.992628793451272,0.8378378378378378,0.16216216216216217,0.8378378378378378,0.16216216216216217,0.8378378378378378,0.16216216216216217
1841JE,6798.0,1114.0,1455.8999999999999,40,3114,0,0,0,0,BU03610902,WK036109,GM0361,262.0,1,1,34715.0,1.0,1,1266.0,True,5547.41577,5103.6225084,7982.5890516,13086.21156,0.61,1.0,0.0,1.0,0.0,1.0,0.0
1841JH,6798.0,1114.0,1455.8999999999999,40,3114,336,90,0,0,BU03610902,WK036109,GM0361,32987.0,255,21,6405355.0,0.8461538461538461,26,1266.0,True,5547.41577,5103.6225084,5408576.020424149,5413679.642932549,0.999057272900316,0.8461538461538461,0.15384615384615385,0.8461538461538461,0.15384615384615385,0.8461538461538461,0.15384615384615385
1841JJ,5985.0,1288.0,2385.1,29,13589,0,0,0,0,BU03610902,WK036109,GM0361,10653.0,78,15,1447100.0,0.19230769230769232,26,2074.0,True,9087.946530000001,8360.910807600001,922152.963058041,930513.873865641,0.9910147381544498,0.19230769230769232,0.8076923076923077,0.19230769230769232,0.8076923076923077,0.19230769230769232,0.8076923076923077
1841JK,3727.0,825.0,1332.85,40,6308,0,0,0,0,BU03610902,WK036109,GM0361,9147.0,68,20,1126300.0,0.0,29,1159.0,True,5078.558354999999,4672.2736866,471078.5034886941,475750.77717529406,0.9901791570066559,0.0,1.0,0.0,1.0,0.0,1.0
1842EA,3870.0,1726.0,1253.5,37,2793,368,100,0,0,BU03610900,WK036109,GM0361,2685.0,20,19,502255.0,1.0,20,1090.0,True,4776.21105,4394.114166,6872.845233999999,11266.9594,0.61,1.0,0.0,1.0,0.0,1.0,0.0
1842ED,10728.0,1290.0,3200.45,20,2352,561,90,0,0,BU03610900,WK036109,GM0361,2406.0,11,11,504902.5,0.9166666666666666,12,2783.0,True,12194.674635,11219.1006642,17547.8241158,28766.924779999998,0.61,0.9166666666666666,0.08333333333333337,0.9166666666666666,0.08333333333333337,0.9166666666666666,0.08333333333333337
1842EE,11090.0,1500.0,3004.95,30,5188,600,90,0,0,BU03610900,WK036109,GM0361,5985.0,20,17,1897875.0,0.95,20,2613.0,True,11449.760984999999,10533.7801062,16475.912473799995,27009.692579999995,0.61,0.95,0.050000000000000044,0.95,0.050000000000000044,0.95,0.050000000000000044
1842EG,6024.0,1705.0,0.0,0,0,0,0,0,0,BU03610900,WK036109,GM0361,804.0,4,0,20100.0,1.0,4,0.0,True,0.0,0.0,20100.0,20100.0,1.0,1.0,0.0,1.0,0.0,1.0,0.0
1842EH,0.0,0.0,1375.3999999999999,22,2832,578,90,0,0,BU03610900,WK036109,GM0361,3850.0,22,13,834522.5,0.8666666666666667,15,1196.0,True,5240.6866199999995,4821.4316904,7541.213669599999,12362.645359999999,0.61,0.8666666666666667,0.1333333333333333,0.8666666666666667,0.1333333333333333,0.8666666666666667,0.1333333333333333
1842EJ,7971.0,2867.0,3058.9999999999995,40,5706,0,0,0,0,BU03610900,WK036109,GM0361,1819.0,13,3,712730.0,0.8333333333333334,6,2660.0,True,11655.707699999999,10723.251084,16772.264515999996,27495.515599999995,0.61,0.8333333333333334,0.16666666666666663,0.8333333333333334,0.16666666666666663,0.8333333333333334,0.16666666666666663
1842EK,7971.0,2867.0,3058.9999999999995,40,5706,0,0,0,0,BU03610900,WK036109,GM0361,427.0,2,1,162942.5,1.0,2,2660.0,True,11655.707699999999,10723.251084,16772.264515999996,27495.515599999995,0.61,1.0,0.0,1.0,0.0,1.0,0.0
1842EL,7971.0,2867.0,3058.9999999999995,40,5706,453,40,60,0,BU03610900,WK036109,GM0361,5648.0,22,17,1707025.0,0.8947368421052632,19,2660.0,True,11655.707699999999,10723.251084,16772.264515999996,27495.515599999995,0.61,0.8947368421052632,0.10526315789473684,0.8947368421052632,0.10526315789473684,0.8947368421052632,0.10526315789473684
1842EM,5723.0,4112.0,1585.85,25,2779,427,90,0,0,BU03610900,WK036109,GM0361,5250.0,25,13,1541155.0,0.9375,16,1379.0,True,6042.564254999998,5559.159114599999,8695.0950254,14254.25414,0.61,0.9375,0.0625,0.9375,0.0625,0.9375,0.0625
1842EN,5664.0,3106.0,1982.6,23,3775,492,100,0,0,BU03610900,WK036109,GM0361,3383.0,13,12,1067042.5,1.0,13,1724.0,True,7554.30078,6949.9567176,10870.445122399999,17820.40184,0.61,1.0,0.0,1.0,0.0,1.0,0.0
1842GP,3900.0,2560.0,1921.6499999999999,54,6060,0,0,0,0,BU03610900,WK036109,GM0361,445.0,2,2,171635.0,1.0,2,1671.0,True,7322.062995000001,6736.297955400001,10536.2609046,17272.55886,0.61,1.0,0.0,1.0,0.0,1.0,0.0
1842GR,3900.0,2560.0,1921.6499999999999,54,6060,0,0,0,0,BU03610900,WK036109,GM0361,146.0,1,1,28370.0,0.5,2,1671.0,True,7322.062995000001,6736.297955400001,10536.2609046,17272.55886,0.61,0.5,0.5,0.5,0.5,0.5,0.5
1842GS,3900.0,2560.0,1921.6499999999999,54,6060,428,90,0,0,BU03610900,WK036109,GM0361,6607.0,46,27,2005697.5,0.9333333333333333,30,1671.0,True,7322.062995000001,6736.297955400001,10536.2609046,17272.55886,0.61,0.9333333333333333,0.06666666666666665,0.9333333333333333,0.06666666666666665,0.9333333333333333,0.06666666666666665
1842GT,4150.0,886.0,1322.5,33,2819,377,70,30,0,BU03610900,WK036109,GM0361,3404.0,26,19,1204822.5,0.8260869565217391,23,1150.0,True,5039.121749999999,4635.99201,7251.16699,11887.159,0.61,0.8260869565217391,0.17391304347826086,0.8260869565217391,0.17391304347826086,0.8260869565217391,0.17391304347826086
1842GV,4711.0,1102.0,1848.05,38,4516,495,100,0,0,BU03610900,WK036109,GM0361,4234.0,22,21,1259367.5,1.0,22,1607.0,True,7041.624914999999,6478.294921799999,10132.717698199998,16611.012619999998,0.61,1.0,0.0,1.0,0.0,1.0,0.0
1842GW,3997.0,526.0,1270.75,48,3078,375,50,50,10,BU03610900,WK036109,GM0361,3168.0,23,23,649422.5,1.0,23,1105.0,True,4841.938725,4454.583627,6967.425673,11422.0093,0.61,1.0,0.0,1.0,0.0,1.0,0.0
1842GX,2740.0,1314.0,1796.3,38,3007,422,100,0,0,BU03610900,WK036109,GM0361,3212.0,22,22,789167.5,1.0,22,1562.0,True,6844.441889999999,6296.8865387999995,9848.9763812,16145.86292,0.61,1.0,0.0,1.0,0.0,1.0,0.0
1842GZ,1894.0,765.0,1070.6499999999999,31,2328,0,0,0,0,BU03610900,WK036109,GM0361,1988.0,17,17,402730.0,0.9444444444444444,18,931.0,True,4079.497695,3753.1378794,5870.292580599999,9623.43046,0.61,0.9444444444444444,0.05555555555555558,0.9444444444444444,0.05555555555555558,0.9444444444444444,0.05555555555555558
1843HD,9945.0,2522.0,1860.6999999999998,56,6133,0,0,0,0,BU03610906,WK036109,GM0361,1417.0,4,5,518092.5,1.0,4,1618.0,True,7089.82521,6522.639193200001,10202.0766868,16724.71588,0.61,1.0,0.0,1.0,0.0,1.0,0.0
1843HE,9945.0,2522.0,1860.6999999999998,56,6133,495,0,0,0,BU03610906,WK036109,GM0361,3644.0,18,9,1256197.5,0.8888888888888888,9,1618.0,True,7089.82521,6522.639193200001,10202.0766868,16724.71588,0.61,0.8888888888888888,0.11111111111111116,0.8888888888888888,0.11111111111111116,0.8888888888888888,0.11111111111111116
1843HG,3176.0,1382.0,1860.6999999999998,56,6133,0,0,0,0,BU03610906,WK036109,GM0361,918.0,6,4,246632.5,1.0,6,1618.0,True,7089.82521,6522.639193200001,10202.0766868,16724.71588,0.61,1.0,0.0,1.0,0.0,1.0,0.0
1843JD,2147.0,547.0,1860.6999999999998,56,6133,0,0,0,0,BU03610906,WK036109,GM0361,351.0,4,4,77220.0,1.0,4,1618.0,True,7089.82521,6522.639193200001,10202.0766868,16724.71588,0.61,1.0,0.0,1.0,0.0,1.0,0.0
1843JE,2147.0,547.0,1860.6999999999998,56,6133,0,100,0,0,BU03610906,WK036109,GM0361,1183.0,10,11,371745.0,0.9090909090909091,11,1618.0,True,7089.82521,6522.639193200001,10202.0766868,16724.71588,0.61,0.9090909090909091,0.09090909090909094,0.9090909090909091,0.09090909090909094,0.9090909090909091,0.09090909090909094
1843JG,5562.0,1218.0,2557.6,23,2513,498,90,0,0,BU03610906,WK036109,GM0361,3277.0,19,14,1072177.5,0.8125,16,2224.0,True,9745.22328,8965.6054176,14023.126422399997,22988.731839999997,0.61,0.8125,0.1875,0.8125,0.1875,0.8125,0.1875
1843JH,7211.0,1275.0,2488.6,36,3667,467,90,0,0,BU03610906,WK036109,GM0361,3085.0,20,19,1008525.0,0.9047619047619048,21,2164.0,True,9482.312580000002,8723.727573600001,13644.8046664,22368.53224,0.61,0.9047619047619048,0.09523809523809523,0.9047619047619048,0.09523809523809523,0.9047619047619048,0.09523809523809523
1843JJ,3184.0,1923.0,1835.3999999999999,32,2861,488,90,0,0,BU03610906,WK036109,GM0361,2931.0,18,18,738435.0,1.0,18,1596.0,True,6993.42462,6433.9506504,10063.3587096,16497.30936,0.61,1.0,0.0,1.0,0.0,1.0,0.0
1843JK,3945.0,1158.0,2042.3999999999999,39,3514,530,100,0,0,BU03610906,WK036109,GM0361,4365.0,24,23,1331562.5,0.9583333333333334,24,1776.0,True,7782.15672,7159.5841824,11198.3239776,18357.90816,0.61,0.9583333333333334,0.04166666666666663,0.9583333333333334,0.04166666666666663,0.9583333333333334,0.04166666666666663
1843JL,2816.0,621.0,1869.8999999999999,46,3089,483,80,0,0,BU03610906,WK036109,GM0361,4411.0,27,23,1514460.0,0.92,25,1626.0,True,7124.879969999999,6554.889572399999,10252.5195876,16807.40916,0.61,0.92,0.07999999999999996,0.92,0.07999999999999996,0.92,0.07999999999999996
1843JM,2732.0,187.0,1392.6499999999999,49,2795,342,40,60,10,BU03610906,WK036109,GM0361,4297.0,31,27,1336257.5,0.967741935483871,31,1211.0,True,5306.414295,4881.901151399999,7635.794108599999,12517.695259999999,0.61,0.967741935483871,0.032258064516129004,0.967741935483871,0.032258064516129004,0.967741935483871,0.032258064516129004
1843JN,3011.0,641.0,1068.35,51,1950,393,0,0,0,BU03610906,WK036109,GM0361,676.0,6,5,180805.0,1.0,6,929.0,True,4070.7340049999993,3745.0752845999996,5857.6818554,9602.75714,0.61,1.0,0.0,1.0,0.0,1.0,0.0
1843JP,3011.0,641.0,1068.35,51,1950,309,30,70,15,BU03610906,WK036109,GM0361,2435.0,22,22,513560.0,1.0,22,929.0,True,4070.7340049999993,3745.0752845999996,5857.6818554,9602.75714,0.61,1.0,0.0,1.0,0.0,1.0,0.0
1843JR,3051.0,152.0,1194.85,54,2019,261,30,70,15,BU03610906,WK036109,GM0361,2408.0,25,23,485267.5,0.9583333333333334,24,1039.0,True,4552.736955,4188.5179986,6551.2717414,10739.78974,0.61,0.9583333333333334,0.04166666666666663,0.9583333333333334,0.04166666666666663,0.9583333333333334,0.04166666666666663
1843JS,3082.0,936.0,1690.4999999999998,34,2808,289,90,0,0,BU03610906,WK036109,GM0361,2682.0,22,19,782080.0,0.9473684210526315,19,1470.0,True,6441.31215,5926.007178,9268.883021999998,15194.890199999998,0.61,0.9473684210526315,0.052631578947368474,0.9473684210526315,0.052631578947368474,0.9473684210526315,0.052631578947368474
1843JT,3187.0,1318.0,1189.1,73,4751,0,0,0,0,BU03610906,WK036109,GM0361,542.0,4,4,212275.0,1.0,4,1034.0,True,4530.827729999999,4168.361511599999,6519.744928399999,10688.106439999998,0.61,1.0,0.0,1.0,0.0,1.0,0.0
1843JV,3187.0,1318.0,1189.1,73,4751,387,100,0,0,BU03610906,WK036109,GM0361,4488.0,37,37,714477.5,1.0,37,1034.0,True,4530.827729999999,4168.361511599999,6519.744928399999,10688.106439999998,0.61,1.0,0.0,1.0,0.0,1.0,0.0
1843KA,4896.0,1338.0,1774.4499999999998,33,2153,578,90,0,0,BU03610906,WK036109,GM0361,3513.0,19,18,780927.5,0.95,20,1543.0,True,6761.1868349999995,6220.291888199999,9729.1744918,15949.46638,0.61,0.95,0.050000000000000044,0.95,0.050000000000000044,0.95,0.050000000000000044
1843KB,12209.0,1014.0,2587.5,58,20884,777,0,0,0,BU03610906,WK036109,GM0361,1774.0,9,8,393900.0,0.8888888888888888,9,2250.0,True,9859.151249999999,9070.41915,14187.06585,23257.485,0.61,0.8888888888888888,0.11111111111111116,0.8888888888888888,0.11111111111111116,0.8888888888888888,0.11111111111111116
1843KC,15121.0,3184.0,2587.5,58,20884,460,0,0,0,BU03610906,WK036109,GM0361,4365.0,13,6,1028722.5,0.5555555555555556,9,2250.0,True,9859.151249999999,9070.41915,14187.06585,23257.485,0.61,0.5555555555555556,0.4444444444444444,0.5555555555555556,0.4444444444444444,0.5555555555555556,0.4444444444444444
1843KD,6900.0,1563.0,0.0,0,0,0,0,0,0,BU03610906,WK036109,GM0361,340.0,2,0,45050.0,1.0,2,0.0,True,0.0,0.0,45050.0,45050.0,1.0,1.0,0.0,1.0,0.0,1.0,0.0
1843KE,6900.0,1563.0,2587.5,58,20884,0,0,0,0,BU03610906,WK036109,GM0361,999.0,5,5,397830.0,0.8333333333333334,6,2250.0,True,9859.151249999999,9070.41915,14187.06585,23257.485,0.61,0.8333333333333334,0.16666666666666663,0.8333333333333334,0.16666666666666663,0.8333333333333334,0.16666666666666663
1844KG,0.0,0.0,2587.5,58,20884,0,0,0,0,BU03610905,WK036109,GM0361,1650.0,3,3,533032.5,1.0,3,2250.0,True,9859.151249999999,9070.41915,14187.06585,23257.485,0.61,1.0,0.0,1.0,0.0,1.0,0.0
1844KH,0.0,0.0,2587.5,58,20884,0,0,0,0,BU03610905,WK036109,GM0361,622.0,4,4,209580.0,1.0,4,2250.0,True,9859.151249999999,9070.41915,14187.06585,23257.485,0.61,1.0,0.0,1.0,0.0,1.0,0.0
1844KJ,0.0,0.0,2587.5,58,20884,719,90,0,0,BU03610905,WK036109,GM0361,2989.0,14,10,803532.5,0.8571428571428571,14,2250.0,True,9859.151249999999,9070.41915,14187.06585,23257.485,0.61,0.8571428571428571,0.1428571428571429,0.8571428571428571,0.1428571428571429,0.8571428571428571,0.1428571428571429
1844KK,4303.0,962.0,1603.1,35,2316,397,100,0,0,BU03610905,WK036109,GM0361,3185.0,21,20,910700.0,0.9090909090909091,22,1394.0,True,6108.291929999999,5619.6285756,8789.6754644,14409.304039999999,0.61,0.9090909090909091,0.09090909090909094,0.9090909090909091,0.09090909090909094,0.9090909090909091,0.09090909090909094
1844KL,6158.0,1042.0,2183.85,39,3819,376,90,0,0,BU03610905,WK036109,GM0361,4061.0,27,22,1479390.0,0.8695652173913043,23,1899.0,True,8321.123655,7655.4337626,11973.883577399998,19629.317339999998,0.61,0.8695652173913043,0.13043478260869568,0.8695652173913043,0.13043478260869568,0.8695652173913043,0.13043478260869568
1844KM,5286.0,823.0,1976.85,61,11245,455,0,0,0,BU03610905,WK036109,GM0361,898.0,5,4,302135.0,1.0,5,1719.0,True,7532.391554999999,6929.8002306,10838.918309399998,17768.718539999998,0.61,1.0,0.0,1.0,0.0,1.0,0.0
1844KN,5286.0,823.0,1976.85,61,11245,436,0,0,0,BU03610905,WK036109,GM0361,1246.0,8,7,348702.5,0.875,8,1719.0,True,7532.391554999999,6929.8002306,10838.918309399998,17768.718539999998,0.61,0.875,0.125,0.875,0.125,0.875,0.125
1844KP,7952.0,519.0,0.0,0,0,0,0,0,0,BU03610905,WK036109,GM0361,45.0,0,0,5625.0,0.0,1,0.0,True,0.0,0.0,5625.0,5625.0,1.0,0.0,1.0,0.0,1.0,0.0,1.0
1844LM,7952.0,519.0,1976.85,61,11245,0,0,0,0,BU03610905,WK036109,GM0361,2813.0,2,2,570122.5,1.0,2,1719.0,True,7532.391554999999,6929.8002306,10838.918309399998,17768.718539999998,0.61,1.0,0.0,1.0,0.0,1.0,0.0
1844LP,7952.0,519.0,1976.85,61,11245,0,0,0,0,BU03610905,WK036109,GM0361,5411.0,25,22,1647542.5,0.96,25,1719.0,True,7532.391554999999,6929.8002306,10838.918309399998,17768.718539999998,0.61,0.96,0.040000000000000036,0.96,0.040000000000000036,0.96,0.040000000000000036
1846LA,15076.0,3728.0,3248.2554999999998,14,9142,0,0,0,0,BU03610904,WK036109,GM0361,4567.0,32,7,815817.5,0.625,8,2824.57,True,12376.827931650001,11386.681697118001,476707.281789082,488093.96348619997,0.9766711277972199,0.625,0.375,0.625,0.375,0.625,0.375
1846LB,15076.0,3728.0,2553.6095,15,6450,0,0,0,0,BU03610904,WK036109,GM0361,497.0,3,3,125482.5,1.0,3,2220.53,True,9730.018277849998,8951.616815622,14001.246814178,22952.8636298,0.61,1.0,0.0,1.0,0.0,1.0,0.0
1846LC,15076.0,3728.0,2553.6095,15,6450,479,80,0,0,BU03610904,WK036109,GM0361,3797.0,21,12,1214062.5,0.7857142857142857,14,2220.53,True,9730.018277849998,8951.616815622,360876.246814178,369827.86362980003,0.975795180147425,0.7857142857142857,0.2142857142857143,0.7857142857142857,0.2142857142857143,0.7857142857142857,0.2142857142857143
1846LE,9224.0,6670.0,2779.9064999999996,16,10780,502,90,0,0,BU03610904,WK036109,GM0361,7614.0,21,16,2679465.0,0.9090909090909091,22,2417.31,True,10592.277736949998,9744.895517993999,653209.8732094633,662954.7687274573,0.9853008139051488,0.9090909090909091,0.09090909090909094,0.9090909090909091,0.09090909090909094,0.9090909090909091,0.09090909090909094
1846LG,5339.0,1335.0,2352.6355,22,7160,397,90,0,0,BU03610904,WK036109,GM0361,4712.0,27,22,1678295.0,0.9090909090909091,22,2045.77,True,8964.24704565,8247.107281998,323694.69201657246,331941.79929857043,0.9751549599977315,0.9090909090909091,0.09090909090909094,0.9090909090909091,0.09090909090909094,0.9090909090909091,0.09090909090909094
1846LH,7786.0,990.0,2470.4529999999995,23,4503,362,80,0,0,BU03610904,WK036109,GM0361,4906.0,34,22,1588245.0,0.8214285714285714,28,2148.22,True,9413.167065899997,8660.113700627999,527389.2766328072,536049.3903334353,0.9838445601155497,0.8214285714285714,0.1785714285714286,0.8214285714285714,0.1785714285714286,0.8214285714285714,0.1785714285714286
1846LJ,9457.0,3225.0,2186.2304999999997,28,10460,432,90,0,0,BU03610904,WK036109,GM0361,7166.0,46,27,1830595.0,0.8666666666666667,30,1901.07,True,8330.194074149998,7663.778548217999,728306.7182866776,735970.4968348956,0.9895868399872322,0.8666666666666667,0.1333333333333333,0.8666666666666667,0.1333333333333333,0.8666666666666667,0.1333333333333333
1846LN,0.0,0.0,1616.6699999999998,20,3220,0,0,0,0,BU03610904,WK036109,GM0361,331.0,2,2,72882.5,1.0,2,1405.8,True,6159.997700999998,5667.197884919999,8864.07874308,14531.276627999998,0.61,1.0,0.0,1.0,0.0,1.0,0.0
1846LP,0.0,0.0,3652.3999999999996,41,9423,469,100,0,0,BU03610904,WK036109,GM0361,5601.0,35,35,807900.0,1.0,35,3176.0,True,13916.739719999998,12803.400542399999,20025.8316176,32829.23216,0.61,1.0,0.0,1.0,0.0,1.0,0.0
1846LR,2342.0,973.0,3652.3999999999996,41,9423,351,80,20,0,BU03610904,WK036109,GM0361,7444.0,62,62,1742045.0,1.0,62,3176.0,True,13916.739719999998,12803.400542399999,610073.3316176,622876.73216,0.9794447281759898,1.0,0.0,1.0,0.0,1.0,0.0
1847LH,13635.0,2211.0,3734.142,41,13332,528,90,0,0,BU03610904,WK036109,GM0361,13233.0,67,34,4183745.0,0.8837209302325582,43,3247.08,True,14228.2012626,13089.945161592,1644016.8526121036,1657106.7977736956,0.9921007232731299,0.8837209302325582,0.11627906976744184,0.8837209302325582,0.11627906976744184,0.8837209302325582,0.11627906976744184
1847LJ,5910.0,856.0,3734.142,23,13332,0,0,0,0,BU03610904,WK036109,GM0361,1084.0,5,4,343985.0,0.7142857142857143,7,3247.08,True,14228.2012626,13089.945161592,20474.016791207996,33563.9619528,0.61,0.7142857142857143,0.2857142857142857,0.7142857142857143,0.2857142857142857,0.7142857142857143,0.2857142857142857
1847LK,5910.0,856.0,3734.142,23,13332,507,90,0,0,BU03610904,WK036109,GM0361,10756.0,37,27,3552065.0,0.9210526315789473,38,3247.08,True,14228.2012626,13089.945161592,1364498.6113858025,1377588.5565473945,0.9904979283550388,0.9210526315789473,0.07894736842105265,0.9210526315789473,0.07894736842105265,0.9210526315789473,0.07894736842105265
1847LL,14523.0,2439.0,2877.139,25,5294,433,80,0,0,BU03610904,WK036109,GM0361,12031.0,33,32,4469590.0,1.0,33,2501.86,True,10962.7627317,10085.741713164001,1099312.1041714058,1109397.8458845697,0.9909088144072228,1.0,0.0,1.0,0.0,1.0,0.0
1847LM,14387.0,5719.0,2877.139,20,2768,0,0,0,0,BU03610904,WK036109,GM0361,6973.0,41,16,2251417.5,0.9583333333333334,24,2501.86,True,10962.7627317,10085.741713164001,1168940.1954500459,1179025.9371632098,0.9914456998822005,0.9583333333333334,0.04166666666666663,0.9583333333333334,0.04166666666666663,0.9583333333333334,0.04166666666666663
1847LN,4453.0,434.0,0.0,0,0,0,0,0,0,BU03610904,WK036109,GM0361,148.0,1,1,25900.0,1.0,1,0.0,True,0.0,0.0,25900.0,25900.0,1.0,1.0,0.0,1.0,0.0,1.0,0.0
